session_id,user_id,role,fecha,hora_inicio,n_clics,duracion_min,M1_costo_clics,M2_tiempo_top1_s,M3_tasa_error,costo_sesion_total
us_adm_001_20260101170534,us_adm_001,Administrador,2026-01-01,17,53,165.06,3.0,283.9,0.2264,159.0
us_adm_001_20260102170423,us_adm_001,Administrador,2026-01-02,17,57,175.47,3.0,166.4,0.2982,171.0
us_adm_001_20260103170100,us_adm_001,Administrador,2026-01-03,17,64,174.57,3.0,291.2,0.2969,192.0
us_adm_001_20260104170954,us_adm_001,Administrador,2026-01-04,17,55,166.44,3.0,0.0,0.4,165.0
us_adm_001_20260105170113,us_adm_001,Administrador,2026-01-05,17,60,173.07,3.0,0.0,0.4,180.0
us_adm_001_20260106170716,us_adm_001,Administrador,2026-01-06,17,52,156.3,3.0,815.8,0.2308,156.0
us_adm_001_20260107170645,us_adm_001,Administrador,2026-01-07,17,53,170.31,3.0,200.0,0.3208,159.0
us_adm_001_20260108170010,us_adm_001,Administrador,2026-01-08,17,52,178.73,3.0,1507.4,0.3462,156.0
us_adm_001_20260109170903,us_adm_001,Administrador,2026-01-09,17,57,166.79,3.0,0.0,0.2982,171.0
us_adm_001_20260110170431,us_adm_001,Administrador,2026-01-10,17,58,173.42,3.0,303.2,0.1897,174.0
us_adm_001_20260111170152,us_adm_001,Administrador,2026-01-11,17,53,171.55,3.0,2482.7,0.3208,159.0
us_adm_001_20260112170142,us_adm_001,Administrador,2026-01-12,17,43,177.92,3.0,0.0,0.4186,129.0
us_adm_001_20260113170042,us_adm_001,Administrador,2026-01-13,17,49,178.45,3.0,35.4,0.2449,147.0
us_adm_001_20260114170504,us_adm_001,Administrador,2026-01-14,17,58,172.26,3.0,222.5,0.3966,174.0
us_adm_001_20260115170145,us_adm_001,Administrador,2026-01-15,17,56,175.29,3.0,486.5,0.3393,168.0
us_adm_001_20260116170552,us_adm_001,Administrador,2026-01-16,17,52,167.7,3.0,1548.2,0.3462,156.0
us_adm_001_20260117170013,us_adm_001,Administrador,2026-01-17,17,64,179.62,3.0,1847.4,0.4375,192.0
us_adm_001_20260118170402,us_adm_001,Administrador,2026-01-18,17,55,171.4,3.0,46.3,0.3455,165.0
us_adm_001_20260119170333,us_adm_001,Administrador,2026-01-19,17,52,172.99,3.0,241.8,0.2692,156.0
us_adm_001_20260120170118,us_adm_001,Administrador,2026-01-20,17,56,178.25,3.0,490.7,0.2679,168.0
us_adm_001_20260121170025,us_adm_001,Administrador,2026-01-21,17,55,178.93,3.0,210.2,0.2909,165.0
us_adm_001_20260122170041,us_adm_001,Administrador,2026-01-22,17,58,171.24,3.0,0.0,0.2931,174.0
us_adm_001_20260123170016,us_adm_001,Administrador,2026-01-23,17,55,173.5,3.0,381.8,0.3636,165.0
us_adm_001_20260124170125,us_adm_001,Administrador,2026-01-24,17,49,177.94,3.0,161.7,0.2449,147.0
us_adm_001_20260125170443,us_adm_001,Administrador,2026-01-25,17,58,174.4,3.0,1586.0,0.3793,174.0
us_adm_001_20260126170536,us_adm_001,Administrador,2026-01-26,17,49,167.76,3.0,0.0,0.3469,147.0
us_adm_001_20260127170956,us_adm_001,Administrador,2026-01-27,17,59,159.42,3.0,0.0,0.3559,177.0
us_adm_001_20260128170055,us_adm_001,Administrador,2026-01-28,17,49,173.17,3.0,693.1,0.2245,147.0
us_adm_001_20260129170334,us_adm_001,Administrador,2026-01-29,17,61,168.78,3.0,736.3,0.3279,183.0
us_adm_001_20260130170303,us_adm_001,Administrador,2026-01-30,17,41,176.0,3.0,996.1,0.2683,123.0
us_adm_001_20260131170802,us_adm_001,Administrador,2026-01-31,17,52,169.86,3.0,0.0,0.2308,156.0
us_adm_001_20260201170254,us_adm_001,Administrador,2026-02-01,17,48,173.97,3.0,1399.0,0.3958,144.0
us_adm_001_20260202170345,us_adm_001,Administrador,2026-02-02,17,51,175.32,3.0,73.7,0.3529,153.0
us_adm_001_20260203170136,us_adm_001,Administrador,2026-02-03,17,55,176.49,3.0,45.3,0.2727,165.0
us_adm_001_20260204170152,us_adm_001,Administrador,2026-02-04,17,59,177.18,3.0,0.0,0.322,177.0
us_adm_001_20260205170404,us_adm_001,Administrador,2026-02-05,17,53,174.4,3.0,2344.7,0.3585,159.0
us_adm_001_20260206170510,us_adm_001,Administrador,2026-02-06,17,48,168.3,3.0,0.0,0.375,144.0
us_adm_001_20260207170916,us_adm_001,Administrador,2026-02-07,17,55,167.43,3.0,2119.7,0.3636,165.0
us_adm_001_20260208170103,us_adm_001,Administrador,2026-02-08,17,71,178.85,3.0,0.0,0.3662,213.0
us_adm_001_20260209170031,us_adm_001,Administrador,2026-02-09,17,62,175.15,3.0,335.7,0.2097,186.0
us_adm_001_20260210170656,us_adm_001,Administrador,2026-02-10,17,54,170.63,3.0,865.1,0.2593,162.0
us_adm_001_20260211170018,us_adm_001,Administrador,2026-02-11,17,57,179.44,3.0,831.6,0.2456,171.0
us_adm_001_20260212170001,us_adm_001,Administrador,2026-02-12,17,60,177.67,3.0,0.0,0.4333,180.0
us_adm_001_20260213170251,us_adm_001,Administrador,2026-02-13,17,65,170.97,3.0,476.3,0.2769,195.0
us_adm_001_20260214170211,us_adm_001,Administrador,2026-02-14,17,58,170.32,3.0,0.0,0.3966,174.0
us_adm_001_20260215170150,us_adm_001,Administrador,2026-02-15,17,54,174.05,3.0,328.5,0.2222,162.0
us_adm_001_20260216172140,us_adm_001,Administrador,2026-02-16,17,54,155.6,3.0,368.8,0.3889,162.0
us_adm_001_20260217170025,us_adm_001,Administrador,2026-02-17,17,53,178.0,3.0,6.5,0.3019,159.0
us_adm_001_20260218170129,us_adm_001,Administrador,2026-02-18,17,49,176.3,3.0,266.2,0.2857,147.0
us_adm_001_20260219170134,us_adm_001,Administrador,2026-02-19,17,63,174.03,3.0,0.0,0.3651,189.0
us_adm_001_20260220170846,us_adm_001,Administrador,2026-02-20,17,42,169.13,3.0,0.0,0.4762,126.0
us_adm_001_20260221170717,us_adm_001,Administrador,2026-02-21,17,59,172.42,3.0,171.5,0.322,177.0
us_adm_001_20260222170356,us_adm_001,Administrador,2026-02-22,17,59,172.92,3.0,0.0,0.3051,177.0
us_adm_001_20260223170030,us_adm_001,Administrador,2026-02-23,17,47,179.1,3.0,0.0,0.3617,141.0
us_adm_001_20260224170130,us_adm_001,Administrador,2026-02-24,17,61,176.34,3.0,128.5,0.3115,183.0
us_adm_001_20260225170629,us_adm_001,Administrador,2026-02-25,17,65,172.63,3.0,584.3,0.4154,195.0
us_adm_001_20260226170425,us_adm_001,Administrador,2026-02-26,17,58,171.6,3.0,348.7,0.2414,174.0
us_adm_001_20260227170613,us_adm_001,Administrador,2026-02-27,17,48,170.77,3.0,1861.3,0.3333,144.0
us_adm_001_20260228170201,us_adm_001,Administrador,2026-02-28,17,56,176.63,3.0,0.0,0.3393,168.0
us_adm_001_20260301170213,us_adm_001,Administrador,2026-03-01,17,39,173.02,3.0,162.2,0.3333,117.0
us_adm_001_20260302170615,us_adm_001,Administrador,2026-03-02,17,54,168.93,3.0,0.0,0.4444,162.0
us_adm_001_20260303170215,us_adm_001,Administrador,2026-03-03,17,53,169.79,3.0,0.0,0.3396,159.0
us_adm_001_20260304170021,us_adm_001,Administrador,2026-03-04,17,53,179.64,3.0,114.5,0.2264,159.0
us_adm_001_20260305170046,us_adm_001,Administrador,2026-03-05,17,55,175.9,3.0,2018.4,0.3636,165.0
us_adm_001_20260306170225,us_adm_001,Administrador,2026-03-06,17,56,175.13,3.0,212.2,0.4464,168.0
us_adm_001_20260307170031,us_adm_001,Administrador,2026-03-07,17,53,175.18,3.0,501.6,0.3019,159.0
us_adm_001_20260308170248,us_adm_001,Administrador,2026-03-08,17,48,176.96,3.0,448.4,0.25,144.0
us_adm_001_20260309170010,us_adm_001,Administrador,2026-03-09,17,59,179.4,3.0,249.9,0.2542,177.0
us_adm_001_20260310170252,us_adm_001,Administrador,2026-03-10,17,44,169.96,3.0,1885.1,0.2727,132.0
us_adm_001_20260311170411,us_adm_001,Administrador,2026-03-11,17,60,172.88,3.0,13.8,0.35,180.0
us_adm_001_20260312171019,us_adm_001,Administrador,2026-03-12,17,57,168.97,3.0,31.3,0.2982,171.0
us_adm_001_20260313170009,us_adm_001,Administrador,2026-03-13,17,55,176.62,3.0,2503.7,0.3273,165.0
us_adm_001_20260314170008,us_adm_001,Administrador,2026-03-14,17,49,179.55,3.0,75.9,0.1837,147.0
us_adm_001_20260315170511,us_adm_001,Administrador,2026-03-15,17,57,174.22,3.0,1042.6,0.3333,171.0
us_adm_001_20260316170549,us_adm_001,Administrador,2026-03-16,17,45,173.25,3.0,1187.3,0.2444,135.0
us_adm_001_20260317170146,us_adm_001,Administrador,2026-03-17,17,49,176.09,3.0,389.2,0.2857,147.0
us_adm_001_20260318171439,us_adm_001,Administrador,2026-03-18,17,44,150.56,3.0,571.7,0.3864,132.0
us_adm_001_20260319171805,us_adm_001,Administrador,2026-03-19,17,40,154.76,3.0,894.6,0.325,120.0
us_adm_001_20260320170444,us_adm_001,Administrador,2026-03-20,17,47,168.7,3.0,52.5,0.3191,141.0
us_adm_001_20260321170138,us_adm_001,Administrador,2026-03-21,17,47,176.02,3.0,463.5,0.3404,141.0
us_adm_001_20260322170145,us_adm_001,Administrador,2026-03-22,17,56,167.02,3.0,655.8,0.2679,168.0
us_adm_001_20260323170126,us_adm_001,Administrador,2026-03-23,17,61,171.33,3.0,0.0,0.3443,183.0
us_adm_001_20260324170423,us_adm_001,Administrador,2026-03-24,17,45,171.69,3.0,270.4,0.3111,135.0
us_adm_001_20260325171540,us_adm_001,Administrador,2026-03-25,17,42,159.39,3.0,0.0,0.4286,126.0
us_adm_001_20260326170028,us_adm_001,Administrador,2026-03-26,17,46,177.36,3.0,0.0,0.3913,138.0
us_adm_001_20260327170208,us_adm_001,Administrador,2026-03-27,17,56,177.14,3.0,108.5,0.3214,168.0
us_adm_001_20260328170548,us_adm_001,Administrador,2026-03-28,17,52,174.01,3.0,387.8,0.2115,156.0
us_adm_001_20260329170028,us_adm_001,Administrador,2026-03-29,17,53,179.09,3.0,0.0,0.3019,159.0
us_adm_001_20260330170122,us_adm_001,Administrador,2026-03-30,17,44,174.09,3.0,655.9,0.3182,132.0
us_adm_001_20260331170558,us_adm_001,Administrador,2026-03-31,17,60,168.52,3.0,460.5,0.3,180.0
us_adm_001_20260401170456,us_adm_001,Administrador,2026-04-01,17,54,172.74,3.0,0.0,0.4074,162.0
us_adm_002_20260101230016,us_adm_002,Administrador,2026-01-01,23,72,238.2,2.986,51.7,0.3056,215.0
us_adm_002_20260102230709,us_adm_002,Administrador,2026-01-02,23,70,228.75,2.957,47.2,0.2286,207.0
us_adm_002_20260103230334,us_adm_002,Administrador,2026-01-03,23,54,229.23,2.981,0.0,0.3519,161.0
us_adm_002_20260104231145,us_adm_002,Administrador,2026-01-04,23,64,226.57,3.0,420.7,0.2188,192.0
us_adm_002_20260105230354,us_adm_002,Administrador,2026-01-05,23,56,233.99,3.0,0.0,0.3929,168.0
us_adm_002_20260106230908,us_adm_002,Administrador,2026-01-06,23,51,228.96,3.0,0.0,0.3725,153.0
us_adm_002_20260107230112,us_adm_002,Administrador,2026-01-07,23,67,235.14,3.0,847.2,0.3284,201.0
us_adm_002_20260108231849,us_adm_002,Administrador,2026-01-08,23,70,220.36,3.0,59.6,0.3429,210.0
us_adm_002_20260109230245,us_adm_002,Administrador,2026-01-09,23,56,237.31,2.982,2343.8,0.3036,167.0
us_adm_002_20260110230025,us_adm_002,Administrador,2026-01-10,23,60,235.7,3.0,832.1,0.2667,180.0
us_adm_002_20260111230252,us_adm_002,Administrador,2026-01-11,23,65,233.86,3.0,278.3,0.2769,195.0
us_adm_002_20260112230556,us_adm_002,Administrador,2026-01-12,23,65,233.6,3.0,0.0,0.3846,195.0
us_adm_002_20260113230700,us_adm_002,Administrador,2026-01-13,23,65,225.46,3.0,0.0,0.3846,195.0
us_adm_002_20260114230927,us_adm_002,Administrador,2026-01-14,23,56,229.68,3.0,0.0,0.2857,168.0
us_adm_002_20260115230014,us_adm_002,Administrador,2026-01-15,23,32,98.64,3.0,0.0,0.4688,96.0
us_adm_002_20260116011121,us_adm_002,Administrador,2026-01-16,1,16,86.1,3.0,252.5,0.25,48.0
us_adm_002_20260116230507,us_adm_002,Administrador,2026-01-16,23,64,234.7,3.0,1036.0,0.2969,192.0
us_adm_002_20260117231005,us_adm_002,Administrador,2026-01-17,23,68,224.13,2.985,42.9,0.3088,203.0
us_adm_002_20260118230056,us_adm_002,Administrador,2026-01-18,23,59,235.89,3.0,628.8,0.3559,177.0
us_adm_002_20260119230507,us_adm_002,Administrador,2026-01-19,23,54,232.22,2.981,0.0,0.3519,161.0
us_adm_002_20260120230105,us_adm_002,Administrador,2026-01-20,23,51,234.25,2.98,436.2,0.2549,152.0
us_adm_002_20260121230229,us_adm_002,Administrador,2026-01-21,23,71,233.02,3.0,313.7,0.2817,213.0
us_adm_002_20260122230128,us_adm_002,Administrador,2026-01-22,23,54,235.13,3.0,56.1,0.3889,162.0
us_adm_002_20260123230242,us_adm_002,Administrador,2026-01-23,23,56,231.36,3.0,418.0,0.1786,168.0
us_adm_002_20260124231046,us_adm_002,Administrador,2026-01-24,23,56,228.85,3.0,1451.8,0.3036,168.0
us_adm_002_20260125230012,us_adm_002,Administrador,2026-01-25,23,67,237.91,2.985,522.3,0.2239,200.0
us_adm_002_20260126230424,us_adm_002,Administrador,2026-01-26,23,50,227.81,3.0,249.0,0.28,150.0
us_adm_002_20260127230515,us_adm_002,Administrador,2026-01-27,23,56,227.22,3.0,290.9,0.375,168.0
us_adm_002_20260128230548,us_adm_002,Administrador,2026-01-28,23,48,221.21,2.979,0.0,0.25,143.0
us_adm_002_20260129230323,us_adm_002,Administrador,2026-01-29,23,42,229.87,3.0,300.0,0.3095,126.0
us_adm_002_20260130230344,us_adm_002,Administrador,2026-01-30,23,58,230.5,3.0,560.1,0.3103,174.0
us_adm_002_20260131230250,us_adm_002,Administrador,2026-01-31,23,56,235.96,2.946,1013.4,0.3036,165.0
us_adm_002_20260201230231,us_adm_002,Administrador,2026-02-01,23,61,235.84,3.0,0.0,0.377,183.0
us_adm_002_20260202230312,us_adm_002,Administrador,2026-02-02,23,49,230.6,3.0,441.5,0.3265,147.0
us_adm_002_20260203230223,us_adm_002,Administrador,2026-02-03,23,53,230.22,3.0,174.1,0.434,159.0
us_adm_002_20260204230603,us_adm_002,Administrador,2026-02-04,23,53,233.93,3.0,594.5,0.3396,159.0
us_adm_002_20260205230412,us_adm_002,Administrador,2026-02-05,23,53,231.46,3.0,116.3,0.3208,159.0
us_adm_002_20260206230909,us_adm_002,Administrador,2026-02-06,23,52,226.09,3.0,0.0,0.4038,156.0
us_adm_002_20260207230516,us_adm_002,Administrador,2026-02-07,23,64,225.69,3.0,1258.9,0.2969,192.0
us_adm_002_20260208230045,us_adm_002,Administrador,2026-02-08,23,57,232.63,3.0,273.6,0.2807,171.0
us_adm_002_20260209230027,us_adm_002,Administrador,2026-02-09,23,65,239.21,3.0,691.8,0.2769,195.0
us_adm_002_20260210230557,us_adm_002,Administrador,2026-02-10,23,54,228.54,3.0,739.7,0.2222,162.0
us_adm_002_20260211230445,us_adm_002,Administrador,2026-02-11,23,47,227.03,2.979,440.8,0.2766,140.0
us_adm_002_20260212230032,us_adm_002,Administrador,2026-02-12,23,54,237.16,2.981,261.0,0.3704,161.0
us_adm_002_20260213230100,us_adm_002,Administrador,2026-02-13,23,62,235.58,2.984,167.4,0.2581,185.0
us_adm_002_20260214230058,us_adm_002,Administrador,2026-02-14,23,55,233.06,3.0,0.0,0.2545,165.0
us_adm_002_20260215230105,us_adm_002,Administrador,2026-02-15,23,64,224.93,3.0,0.0,0.2812,192.0
us_adm_002_20260216230603,us_adm_002,Administrador,2026-02-16,23,52,232.03,3.0,678.3,0.3269,156.0
us_adm_002_20260217230358,us_adm_002,Administrador,2026-02-17,23,60,235.2,2.983,160.4,0.3167,179.0
us_adm_002_20260218230441,us_adm_002,Administrador,2026-02-18,23,66,233.0,3.0,139.9,0.2424,198.0
us_adm_002_20260219231144,us_adm_002,Administrador,2026-02-19,23,66,220.09,3.0,0.0,0.2576,198.0
us_adm_002_20260220230727,us_adm_002,Administrador,2026-02-20,23,53,231.73,2.981,206.6,0.2264,158.0
us_adm_002_20260221230119,us_adm_002,Administrador,2026-02-21,23,60,234.23,2.983,135.1,0.2167,179.0
us_adm_002_20260222230028,us_adm_002,Administrador,2026-02-22,23,51,236.9,2.98,505.1,0.2941,152.0
us_adm_002_20260223230333,us_adm_002,Administrador,2026-02-23,23,55,235.47,3.0,3480.9,0.3636,165.0
us_adm_002_20260224230101,us_adm_002,Administrador,2026-02-24,23,62,237.0,3.0,0.0,0.3065,186.0
us_adm_002_20260225230129,us_adm_002,Administrador,2026-02-25,23,70,236.38,2.971,317.3,0.3429,208.0
us_adm_002_20260226230053,us_adm_002,Administrador,2026-02-26,23,49,230.63,3.0,1568.3,0.3673,147.0
us_adm_002_20260227230032,us_adm_002,Administrador,2026-02-27,23,62,239.08,3.0,462.2,0.3226,186.0
us_adm_002_20260228230439,us_adm_002,Administrador,2026-02-28,23,49,228.55,3.0,121.7,0.4286,147.0
us_adm_002_20260301230443,us_adm_002,Administrador,2026-03-01,23,64,223.22,2.969,0.0,0.3594,190.0
us_adm_002_20260302230030,us_adm_002,Administrador,2026-03-02,23,66,238.45,2.985,120.9,0.2273,197.0
us_adm_002_20260303230304,us_adm_002,Administrador,2026-03-03,23,65,234.83,3.0,0.0,0.4,195.0
us_adm_002_20260304230711,us_adm_002,Administrador,2026-03-04,23,37,181.64,3.0,467.1,0.3243,111.0
us_adm_002_20260305024430,us_adm_002,Administrador,2026-03-05,2,4,10.66,3.0,100.1,0.25,12.0
us_adm_002_20260305230418,us_adm_002,Administrador,2026-03-05,23,57,229.92,3.0,2372.6,0.3158,171.0
us_adm_002_20260306230438,us_adm_002,Administrador,2026-03-06,23,51,232.9,2.98,509.2,0.2941,152.0
us_adm_002_20260307230030,us_adm_002,Administrador,2026-03-07,23,61,237.34,2.984,65.5,0.1803,182.0
us_adm_002_20260308230132,us_adm_002,Administrador,2026-03-08,23,62,237.53,3.0,0.0,0.4355,186.0
us_adm_002_20260309230217,us_adm_002,Administrador,2026-03-09,23,74,232.0,3.0,635.1,0.2568,222.0
us_adm_002_20260310230250,us_adm_002,Administrador,2026-03-10,23,39,236.99,3.0,1453.6,0.3333,117.0
us_adm_002_20260311230010,us_adm_002,Administrador,2026-03-11,23,55,234.28,3.0,0.0,0.3273,165.0
us_adm_002_20260312230045,us_adm_002,Administrador,2026-03-12,23,51,234.41,3.0,444.5,0.3725,153.0
us_adm_002_20260313230659,us_adm_002,Administrador,2026-03-13,23,70,230.51,3.0,0.0,0.2714,210.0
us_adm_002_20260314230112,us_adm_002,Administrador,2026-03-14,23,29,106.05,3.0,0.0,0.2069,87.0
us_adm_002_20260315012215,us_adm_002,Administrador,2026-03-15,1,21,86.84,2.952,2545.2,0.4762,62.0
us_adm_002_20260315230104,us_adm_002,Administrador,2026-03-15,23,51,233.46,3.0,124.6,0.3137,153.0
us_adm_002_20260316230908,us_adm_002,Administrador,2026-03-16,23,58,227.85,3.0,0.0,0.2586,174.0
us_adm_002_20260317230006,us_adm_002,Administrador,2026-03-17,23,64,238.36,3.0,0.0,0.1875,192.0
us_adm_002_20260318230036,us_adm_002,Administrador,2026-03-18,23,61,239.39,3.0,0.0,0.2459,183.0
us_adm_002_20260319230234,us_adm_002,Administrador,2026-03-19,23,64,227.21,3.0,898.6,0.3281,192.0
us_adm_002_20260320232357,us_adm_002,Administrador,2026-03-20,23,50,203.01,3.0,0.0,0.16,150.0
us_adm_002_20260321230443,us_adm_002,Administrador,2026-03-21,23,60,222.13,2.967,1763.9,0.35,178.0
us_adm_002_20260322230014,us_adm_002,Administrador,2026-03-22,23,57,238.96,3.0,0.0,0.2982,171.0
us_adm_002_20260323230155,us_adm_002,Administrador,2026-03-23,23,55,236.59,3.0,0.0,0.2364,165.0
us_adm_002_20260324231014,us_adm_002,Administrador,2026-03-24,23,25,81.13,3.0,367.6,0.36,75.0
us_adm_002_20260325010249,us_adm_002,Administrador,2026-03-25,1,17,115.63,3.0,101.4,0.1176,51.0
us_adm_002_20260325230115,us_adm_002,Administrador,2026-03-25,23,55,233.94,2.964,683.2,0.2727,163.0
us_adm_002_20260326230012,us_adm_002,Administrador,2026-03-26,23,57,239.65,2.982,7.3,0.2105,170.0
us_adm_002_20260327232427,us_adm_002,Administrador,2026-03-27,23,42,211.17,3.0,0.0,0.3333,126.0
us_adm_002_20260328230214,us_adm_002,Administrador,2026-03-28,23,56,228.9,2.964,0.0,0.3036,166.0
us_adm_002_20260329231114,us_adm_002,Administrador,2026-03-29,23,53,221.64,2.962,2974.3,0.3396,157.0
us_adm_002_20260330230045,us_adm_002,Administrador,2026-03-30,23,66,239.19,3.0,132.9,0.3788,198.0
us_adm_002_20260331231226,us_adm_002,Administrador,2026-03-31,23,65,224.88,3.0,142.9,0.3692,195.0
us_adm_002_20260401230501,us_adm_002,Administrador,2026-04-01,23,57,233.56,2.982,273.5,0.3333,170.0
us_alm_001_20260101150037,us_alm_001,Almacen,2026-01-01,15,54,291.08,3.0,0.0,0.1667,162.0
us_alm_001_20260101205211,us_alm_001,Almacen,2026-01-01,20,23,125.29,3.0,339.1,0.3913,69.0
us_alm_001_20260102150547,us_alm_001,Almacen,2026-01-02,15,91,468.78,3.0,42.6,0.3187,273.0
us_alm_001_20260103150328,us_alm_001,Almacen,2026-01-03,15,80,459.19,3.0,191.0,0.35,240.0
us_alm_001_20260104150100,us_alm_001,Almacen,2026-01-04,15,28,171.28,3.0,614.1,0.1786,84.0
us_alm_001_20260104182457,us_alm_001,Almacen,2026-01-04,18,52,274.82,3.0,0.0,0.3462,156.0
us_alm_001_20260105150044,us_alm_001,Almacen,2026-01-05,15,78,472.71,3.0,0.0,0.3205,234.0
us_alm_001_20260106150231,us_alm_001,Almacen,2026-01-06,15,77,403.29,3.0,0.0,0.3766,231.0
us_alm_001_20260106221749,us_alm_001,Almacen,2026-01-06,22,12,39.73,3.0,1434.8,0.25,36.0
us_alm_001_20260107150016,us_alm_001,Almacen,2026-01-07,15,92,465.34,3.0,23.7,0.337,276.0
us_alm_001_20260108150344,us_alm_001,Almacen,2026-01-08,15,9,48.71,3.0,297.2,0.3333,27.0
us_alm_001_20260108162451,us_alm_001,Almacen,2026-01-08,16,86,392.63,3.0,810.3,0.3023,258.0
us_alm_001_20260109150237,us_alm_001,Almacen,2026-01-09,15,26,132.13,3.0,1481.0,0.1538,78.0
us_alm_001_20260109174456,us_alm_001,Almacen,2026-01-09,17,62,308.47,3.0,0.0,0.3548,186.0
us_alm_001_20260110151059,us_alm_001,Almacen,2026-01-10,15,36,174.59,3.0,79.6,0.3889,108.0
us_alm_001_20260110190806,us_alm_001,Almacen,2026-01-10,19,50,230.6,3.0,259.2,0.3,150.0
us_alm_001_20260111150444,us_alm_001,Almacen,2026-01-11,15,89,473.31,3.0,28.0,0.2809,267.0
us_alm_001_20260112150452,us_alm_001,Almacen,2026-01-12,15,88,430.8,3.0,2027.2,0.3409,264.0
us_alm_001_20260113150205,us_alm_001,Almacen,2026-01-13,15,83,475.37,3.0,0.0,0.2892,249.0
us_alm_001_20260114150100,us_alm_001,Almacen,2026-01-14,15,105,476.64,3.0,0.0,0.3714,315.0
us_alm_001_20260115150336,us_alm_001,Almacen,2026-01-15,15,60,409.52,3.0,210.2,0.2667,180.0
us_alm_001_20260115222605,us_alm_001,Almacen,2026-01-15,22,9,27.73,3.0,0.0,0.6667,27.0
us_alm_001_20260116151129,us_alm_001,Almacen,2026-01-16,15,87,464.82,3.0,0.0,0.2414,261.0
us_alm_001_20260117150225,us_alm_001,Almacen,2026-01-17,15,76,471.05,3.0,1094.8,0.2895,228.0
us_alm_001_20260118150022,us_alm_001,Almacen,2026-01-18,15,73,335.17,3.0,223.3,0.411,219.0
us_alm_001_20260118210545,us_alm_001,Almacen,2026-01-18,21,7,36.17,3.0,0.0,0.4286,21.0
us_alm_001_20260118223259,us_alm_001,Almacen,2026-01-18,22,4,15.05,3.0,415.1,0.5,12.0
us_alm_001_20260119150039,us_alm_001,Almacen,2026-01-19,15,75,478.06,3.0,280.3,0.3067,225.0
us_alm_001_20260120150402,us_alm_001,Almacen,2026-01-20,15,89,474.12,3.0,616.5,0.2697,267.0
us_alm_001_20260121150754,us_alm_001,Almacen,2026-01-21,15,90,467.38,3.0,458.2,0.3444,270.0
us_alm_001_20260122150917,us_alm_001,Almacen,2026-01-22,15,84,465.05,3.0,174.8,0.3333,252.0
us_alm_001_20260123151825,us_alm_001,Almacen,2026-01-23,15,87,460.13,3.0,1943.2,0.3103,261.0
us_alm_001_20260124150034,us_alm_001,Almacen,2026-01-24,15,17,65.39,3.0,715.7,0.2941,51.0
us_alm_001_20260124164131,us_alm_001,Almacen,2026-01-24,16,30,142.37,3.0,666.0,0.2333,90.0
us_alm_001_20260124195005,us_alm_001,Almacen,2026-01-24,19,29,189.67,3.0,4045.9,0.3793,87.0
us_alm_001_20260125150551,us_alm_001,Almacen,2026-01-25,15,88,468.72,3.0,0.0,0.2614,264.0
us_alm_001_20260126150222,us_alm_001,Almacen,2026-01-26,15,17,60.88,3.0,2465.1,0.3529,51.0
us_alm_001_20260126163448,us_alm_001,Almacen,2026-01-26,16,34,148.73,3.0,704.0,0.2647,102.0
us_alm_001_20260126193648,us_alm_001,Almacen,2026-01-26,19,28,197.23,3.0,76.6,0.25,84.0
us_alm_001_20260127151916,us_alm_001,Almacen,2026-01-27,15,81,457.79,3.0,0.0,0.4198,243.0
us_alm_001_20260128150324,us_alm_001,Almacen,2026-01-28,15,81,466.01,3.0,2563.4,0.4568,243.0
us_alm_001_20260129150245,us_alm_001,Almacen,2026-01-29,15,4,14.06,3.0,0.0,0.5,12.0
us_alm_001_20260129155628,us_alm_001,Almacen,2026-01-29,15,78,418.88,3.0,995.5,0.3462,234.0
us_alm_001_20260130151317,us_alm_001,Almacen,2026-01-30,15,89,463.75,3.0,0.0,0.3371,267.0
us_alm_001_20260131150059,us_alm_001,Almacen,2026-01-31,15,105,467.02,3.0,538.0,0.3048,315.0
us_alm_001_20260201150353,us_alm_001,Almacen,2026-02-01,15,70,466.06,3.0,3544.6,0.3,210.0
us_alm_001_20260202150841,us_alm_001,Almacen,2026-02-02,15,48,227.19,3.0,235.9,0.3333,144.0
us_alm_001_20260202193205,us_alm_001,Almacen,2026-02-02,19,38,207.29,3.0,2543.0,0.3158,114.0
us_alm_001_20260203152520,us_alm_001,Almacen,2026-02-03,15,91,449.83,3.0,0.0,0.2527,273.0
us_alm_001_20260204151534,us_alm_001,Almacen,2026-02-04,15,74,457.28,3.0,361.6,0.2703,222.0
us_alm_001_20260205150432,us_alm_001,Almacen,2026-02-05,15,92,461.31,3.0,590.8,0.3804,276.0
us_alm_001_20260206150323,us_alm_001,Almacen,2026-02-06,15,88,475.36,3.0,4888.1,0.2955,264.0
us_alm_001_20260207150219,us_alm_001,Almacen,2026-02-07,15,81,475.99,3.0,448.1,0.3333,243.0
us_alm_001_20260208151100,us_alm_001,Almacen,2026-02-08,15,103,459.69,3.0,0.0,0.2816,309.0
us_alm_001_20260209151222,us_alm_001,Almacen,2026-02-09,15,39,249.74,3.0,50.5,0.2308,117.0
us_alm_001_20260209195813,us_alm_001,Almacen,2026-02-09,19,34,173.98,3.0,718.1,0.2647,102.0
us_alm_001_20260210150226,us_alm_001,Almacen,2026-02-10,15,94,475.13,3.0,0.0,0.3511,282.0
us_alm_001_20260211150444,us_alm_001,Almacen,2026-02-11,15,53,316.31,3.0,177.8,0.3019,159.0
us_alm_001_20260211205457,us_alm_001,Almacen,2026-02-11,20,23,123.93,3.0,3016.1,0.3913,69.0
us_alm_001_20260212150020,us_alm_001,Almacen,2026-02-12,15,34,208.71,3.0,0.0,0.3529,102.0
us_alm_001_20260212190917,us_alm_001,Almacen,2026-02-12,19,33,170.13,3.0,0.0,0.3333,99.0
us_alm_001_20260212223850,us_alm_001,Almacen,2026-02-12,22,3,20.18,3.0,1210.7,0.0,9.0
us_alm_001_20260213150605,us_alm_001,Almacen,2026-02-13,15,90,469.4,3.0,0.0,0.3556,270.0
us_alm_001_20260214150128,us_alm_001,Almacen,2026-02-14,15,78,476.58,3.0,0.0,0.2821,234.0
us_alm_001_20260215150022,us_alm_001,Almacen,2026-02-15,15,92,468.57,3.0,609.4,0.2717,276.0
us_alm_001_20260216151317,us_alm_001,Almacen,2026-02-16,15,8,68.26,3.0,2542.3,0.375,24.0
us_alm_001_20260216165428,us_alm_001,Almacen,2026-02-16,16,69,348.49,3.0,587.7,0.3043,207.0
us_alm_001_20260217151251,us_alm_001,Almacen,2026-02-17,15,37,221.16,3.0,615.4,0.4054,111.0
us_alm_001_20260217193951,us_alm_001,Almacen,2026-02-17,19,9,71.55,3.0,0.0,0.5556,27.0
us_alm_001_20260217212438,us_alm_001,Almacen,2026-02-17,21,19,92.51,3.0,1046.4,0.3684,57.0
us_alm_001_20260218150606,us_alm_001,Almacen,2026-02-18,15,106,472.09,3.0,0.0,0.3868,318.0
us_alm_001_20260219150435,us_alm_001,Almacen,2026-02-19,15,76,473.33,3.0,225.0,0.3158,228.0
us_alm_001_20260220150550,us_alm_001,Almacen,2026-02-20,15,65,466.7,3.0,0.0,0.3077,195.0
us_alm_001_20260221150005,us_alm_001,Almacen,2026-02-21,15,83,475.24,3.0,0.0,0.2289,249.0
us_alm_001_20260222150746,us_alm_001,Almacen,2026-02-22,15,86,472.05,3.0,0.0,0.3023,258.0
us_alm_001_20260223150758,us_alm_001,Almacen,2026-02-23,15,83,471.96,3.0,0.0,0.3012,249.0
us_alm_001_20260224150000,us_alm_001,Almacen,2026-02-24,15,54,382.19,3.0,382.6,0.2593,162.0
us_alm_001_20260224215512,us_alm_001,Almacen,2026-02-24,21,12,60.54,3.0,1017.3,0.25,36.0
us_alm_001_20260225150419,us_alm_001,Almacen,2026-02-25,15,69,470.95,3.0,0.0,0.2609,207.0
us_alm_001_20260226150514,us_alm_001,Almacen,2026-02-26,15,96,473.74,3.0,0.0,0.2708,288.0
us_alm_001_20260227150633,us_alm_001,Almacen,2026-02-27,15,75,467.14,3.0,455.5,0.2267,225.0
us_alm_001_20260228150034,us_alm_001,Almacen,2026-02-28,15,103,471.17,3.0,205.1,0.2718,309.0
us_alm_001_20260301150301,us_alm_001,Almacen,2026-03-01,15,3,25.11,3.0,0.0,0.6667,9.0
us_alm_001_20260301155842,us_alm_001,Almacen,2026-03-01,15,66,404.22,3.0,852.0,0.3788,198.0
us_alm_001_20260302150428,us_alm_001,Almacen,2026-03-02,15,88,469.33,3.0,984.0,0.2955,264.0
us_alm_001_20260303151317,us_alm_001,Almacen,2026-03-03,15,6,11.7,3.0,259.4,0.1667,18.0
us_alm_001_20260303155953,us_alm_001,Almacen,2026-03-03,15,75,417.28,3.0,728.0,0.36,225.0
us_alm_001_20260304150937,us_alm_001,Almacen,2026-03-04,15,76,466.71,3.0,3946.3,0.25,228.0
us_alm_001_20260305150108,us_alm_001,Almacen,2026-03-05,15,19,100.99,3.0,1378.2,0.0526,57.0
us_alm_001_20260305171332,us_alm_001,Almacen,2026-03-05,17,69,340.76,3.0,0.0,0.2319,207.0
us_alm_001_20260306150341,us_alm_001,Almacen,2026-03-06,15,79,476.14,3.0,0.0,0.2658,237.0
us_alm_001_20260307150454,us_alm_001,Almacen,2026-03-07,15,77,475.04,3.0,0.0,0.3636,231.0
us_alm_001_20260308150053,us_alm_001,Almacen,2026-03-08,15,14,71.12,3.0,1491.9,0.2857,42.0
us_alm_001_20260308164715,us_alm_001,Almacen,2026-03-08,16,74,372.57,3.0,0.0,0.3108,222.0
us_alm_001_20260309150036,us_alm_001,Almacen,2026-03-09,15,75,465.58,3.0,508.2,0.3067,225.0
us_alm_001_20260310150750,us_alm_001,Almacen,2026-03-10,15,4,25.69,3.0,1541.2,0.25,12.0
us_alm_001_20260310160631,us_alm_001,Almacen,2026-03-10,16,74,326.99,3.0,0.0,0.3784,222.0
us_alm_001_20260310221003,us_alm_001,Almacen,2026-03-10,22,8,48.34,3.0,159.0,0.125,24.0
us_alm_001_20260311150003,us_alm_001,Almacen,2026-03-11,15,58,299.49,3.0,0.0,0.3276,174.0
us_alm_001_20260311203217,us_alm_001,Almacen,2026-03-11,20,29,145.64,3.0,204.2,0.3793,87.0
us_alm_001_20260312151531,us_alm_001,Almacen,2026-03-12,15,39,233.9,3.0,60.5,0.2308,117.0
us_alm_001_20260312194618,us_alm_001,Almacen,2026-03-12,19,32,176.2,3.0,737.3,0.1875,96.0
us_alm_001_20260313150026,us_alm_001,Almacen,2026-03-13,15,94,475.85,3.0,212.1,0.2979,282.0
us_alm_001_20260314150026,us_alm_001,Almacen,2026-03-14,15,88,477.35,3.0,186.3,0.3636,264.0
us_alm_001_20260315150711,us_alm_001,Almacen,2026-03-15,15,79,469.63,3.0,0.0,0.2278,237.0
us_alm_001_20260316150306,us_alm_001,Almacen,2026-03-16,15,77,392.21,3.0,0.0,0.3896,231.0
us_alm_001_20260316220553,us_alm_001,Almacen,2026-03-16,22,12,53.31,3.0,1037.5,0.25,36.0
us_alm_001_20260317150046,us_alm_001,Almacen,2026-03-17,15,81,465.0,3.0,2128.9,0.2469,243.0
us_alm_001_20260318151302,us_alm_001,Almacen,2026-03-18,15,78,466.76,3.0,1429.0,0.3462,234.0
us_alm_001_20260319150208,us_alm_001,Almacen,2026-03-19,15,21,107.82,3.0,0.0,0.2857,63.0
us_alm_001_20260319172907,us_alm_001,Almacen,2026-03-19,17,47,328.38,3.0,922.8,0.1489,141.0
us_alm_001_20260320150215,us_alm_001,Almacen,2026-03-20,15,38,225.42,3.0,3423.6,0.3947,114.0
us_alm_001_20260320191846,us_alm_001,Almacen,2026-03-20,19,11,88.52,3.0,0.0,0.3636,33.0
us_alm_001_20260320211841,us_alm_001,Almacen,2026-03-20,21,19,95.04,3.0,0.0,0.2632,57.0
us_alm_001_20260321150651,us_alm_001,Almacen,2026-03-21,15,20,142.38,3.0,513.4,0.35,60.0
us_alm_001_20260321180550,us_alm_001,Almacen,2026-03-21,18,57,287.43,3.0,1183.7,0.3333,171.0
us_alm_001_20260322150038,us_alm_001,Almacen,2026-03-22,15,75,478.56,3.0,522.8,0.3067,225.0
us_alm_001_20260323150012,us_alm_001,Almacen,2026-03-23,15,45,234.77,3.0,2274.6,0.3111,135.0
us_alm_001_20260323192522,us_alm_001,Almacen,2026-03-23,19,34,211.05,3.0,611.6,0.4118,102.0
us_alm_001_20260324150004,us_alm_001,Almacen,2026-03-24,15,75,474.14,3.0,0.0,0.2667,225.0
us_alm_001_20260325150415,us_alm_001,Almacen,2026-03-25,15,46,262.53,3.0,85.3,0.4565,138.0
us_alm_001_20260325200103,us_alm_001,Almacen,2026-03-25,20,21,77.31,3.0,0.0,0.4762,63.0
us_alm_001_20260325215646,us_alm_001,Almacen,2026-03-25,21,15,62.31,3.0,0.0,0.2,45.0
us_alm_001_20260326150113,us_alm_001,Almacen,2026-03-26,15,50,310.19,3.0,0.0,0.3,150.0
us_alm_001_20260326204438,us_alm_001,Almacen,2026-03-26,20,23,133.03,3.0,0.0,0.2174,69.0
us_alm_001_20260327150407,us_alm_001,Almacen,2026-03-27,15,6,46.57,3.0,830.0,0.1667,18.0
us_alm_001_20260327162130,us_alm_001,Almacen,2026-03-27,16,80,391.06,3.0,1926.5,0.3375,240.0
us_alm_001_20260328151050,us_alm_001,Almacen,2026-03-28,15,83,459.32,3.0,1625.7,0.2289,249.0
us_alm_001_20260329151139,us_alm_001,Almacen,2026-03-29,15,80,468.07,3.0,1774.7,0.3375,240.0
us_alm_001_20260330150219,us_alm_001,Almacen,2026-03-30,15,34,210.12,3.0,156.2,0.2647,102.0
us_alm_001_20260330190856,us_alm_001,Almacen,2026-03-30,19,47,227.07,3.0,2438.0,0.383,141.0
us_alm_001_20260331153434,us_alm_001,Almacen,2026-03-31,15,79,442.21,3.0,0.0,0.3544,237.0
us_alm_001_20260401150034,us_alm_001,Almacen,2026-04-01,15,84,478.01,3.0,1917.8,0.4048,252.0
us_alm_002_20260101203131,us_alm_002,Almacen,2026-01-01,20,70,232.86,3.0,0.0,0.2286,210.0
us_alm_002_20260102010035,us_alm_002,Almacen,2026-01-02,1,34,143.16,3.0,480.7,0.1765,102.0
us_alm_002_20260102043928,us_alm_002,Almacen,2026-01-02,4,6,17.93,3.0,1075.6,0.3333,18.0
us_alm_002_20260102202538,us_alm_002,Almacen,2026-01-02,20,89,296.8,3.0,85.5,0.2697,267.0
us_alm_002_20260103015721,us_alm_002,Almacen,2026-01-03,1,55,168.11,3.0,0.0,0.2,165.0
us_alm_002_20260103200413,us_alm_002,Almacen,2026-01-03,20,11,32.2,3.0,4.1,0.0,33.0
us_alm_002_20260103211242,us_alm_002,Almacen,2026-01-03,21,103,389.28,3.0,0.0,0.2233,309.0
us_alm_002_20260104043008,us_alm_002,Almacen,2026-01-04,4,3,0.28,3.0,0.0,0.6667,9.0
us_alm_002_20260104200015,us_alm_002,Almacen,2026-01-04,20,77,270.27,3.0,0.0,0.2857,231.0
us_alm_002_20260105010555,us_alm_002,Almacen,2026-01-05,1,64,225.27,3.0,985.3,0.1719,192.0
us_alm_002_20260105201730,us_alm_002,Almacen,2026-01-05,20,27,85.16,3.0,0.0,0.2963,81.0
us_alm_002_20260105221551,us_alm_002,Almacen,2026-01-05,22,29,89.53,3.0,885.4,0.2069,87.0
us_alm_002_20260106010205,us_alm_002,Almacen,2026-01-06,1,6,4.2,3.0,0.0,0.3333,18.0
us_alm_002_20260106014254,us_alm_002,Almacen,2026-01-06,1,72,186.89,3.0,1119.8,0.2639,216.0
us_alm_002_20260106200954,us_alm_002,Almacen,2026-01-06,20,74,236.47,3.0,0.0,0.2297,222.0
us_alm_002_20260107003746,us_alm_002,Almacen,2026-01-07,0,2,1.74,3.0,104.5,0.0,6.0
us_alm_002_20260107012042,us_alm_002,Almacen,2026-01-07,1,31,97.89,3.0,0.0,0.1935,93.0
us_alm_002_20260107032900,us_alm_002,Almacen,2026-01-07,3,16,74.09,3.0,3.1,0.1875,48.0
us_alm_002_20260107201715,us_alm_002,Almacen,2026-01-07,20,127,504.5,3.0,0.0,0.2126,381.0
us_alm_002_20260108200517,us_alm_002,Almacen,2026-01-08,20,85,299.89,3.0,329.0,0.1882,255.0
us_alm_002_20260109014415,us_alm_002,Almacen,2026-01-09,1,54,190.39,3.0,0.0,0.3148,162.0
us_alm_002_20260109200948,us_alm_002,Almacen,2026-01-09,20,31,66.97,3.0,3.6,0.2258,93.0
us_alm_002_20260109214829,us_alm_002,Almacen,2026-01-09,21,14,94.23,3.0,0.0,0.2143,42.0
us_alm_002_20260110000454,us_alm_002,Almacen,2026-01-10,0,69,292.39,3.0,10.0,0.2174,207.0
us_alm_002_20260110200148,us_alm_002,Almacen,2026-01-10,20,23,62.95,3.0,751.5,0.2174,69.0
us_alm_002_20260110214651,us_alm_002,Almacen,2026-01-10,21,29,111.58,3.0,4.8,0.2759,87.0
us_alm_002_20260111001407,us_alm_002,Almacen,2026-01-11,0,85,277.06,3.0,572.8,0.2,255.0
us_alm_002_20260111200816,us_alm_002,Almacen,2026-01-11,20,43,123.55,3.0,942.8,0.1628,129.0
us_alm_002_20260111230314,us_alm_002,Almacen,2026-01-11,23,25,36.94,3.0,639.4,0.2,75.0
us_alm_002_20260112001404,us_alm_002,Almacen,2026-01-12,0,36,110.71,3.0,585.3,0.2778,108.0
us_alm_002_20260112025023,us_alm_002,Almacen,2026-01-12,2,51,129.57,3.0,0.0,0.2157,153.0
us_alm_002_20260112201355,us_alm_002,Almacen,2026-01-12,20,120,364.43,3.0,0.0,0.2167,360.0
us_alm_002_20260113025139,us_alm_002,Almacen,2026-01-13,2,29,120.15,3.0,447.4,0.3448,87.0
us_alm_002_20260113200228,us_alm_002,Almacen,2026-01-13,20,41,209.0,3.0,0.0,0.1707,123.0
us_alm_002_20260114001111,us_alm_002,Almacen,2026-01-14,0,59,211.69,3.0,0.0,0.2373,177.0
us_alm_002_20260114043520,us_alm_002,Almacen,2026-01-14,4,4,14.8,3.0,888.0,0.0,12.0
us_alm_002_20260114202835,us_alm_002,Almacen,2026-01-14,20,4,0.2,3.0,0.0,0.0,12.0
us_alm_002_20260114210141,us_alm_002,Almacen,2026-01-14,21,25,96.92,3.0,2352.8,0.28,75.0
us_alm_002_20260114231624,us_alm_002,Almacen,2026-01-14,23,25,79.44,3.0,3.1,0.28,75.0
us_alm_002_20260115010659,us_alm_002,Almacen,2026-01-15,1,8,11.09,3.0,490.8,0.125,24.0
us_alm_002_20260115022644,us_alm_002,Almacen,2026-01-15,2,6,26.25,3.0,9.6,0.0,18.0
us_alm_002_20260115032626,us_alm_002,Almacen,2026-01-15,3,32,86.39,3.0,0.0,0.2188,96.0
us_alm_002_20260115200132,us_alm_002,Almacen,2026-01-15,20,23,64.39,3.0,0.0,0.1739,69.0
us_alm_002_20260115214550,us_alm_002,Almacen,2026-01-15,21,134,430.8,3.0,1071.6,0.194,402.0
us_alm_002_20260116200202,us_alm_002,Almacen,2026-01-16,20,30,124.47,3.0,49.2,0.2333,90.0
us_alm_002_20260116224537,us_alm_002,Almacen,2026-01-16,22,68,243.44,3.0,213.9,0.2941,204.0
us_alm_002_20260117032853,us_alm_002,Almacen,2026-01-17,3,29,82.46,3.0,0.0,0.2069,87.0
us_alm_002_20260117200130,us_alm_002,Almacen,2026-01-17,20,43,199.11,3.0,0.0,0.2791,129.0
us_alm_002_20260118000247,us_alm_002,Almacen,2026-01-18,0,13,40.24,3.0,795.9,0.1538,39.0
us_alm_002_20260118011646,us_alm_002,Almacen,2026-01-18,1,23,39.27,3.0,648.1,0.2174,69.0
us_alm_002_20260118024251,us_alm_002,Almacen,2026-01-18,2,39,115.6,3.0,0.0,0.359,117.0
us_alm_002_20260118200532,us_alm_002,Almacen,2026-01-18,20,78,337.35,3.0,31.9,0.2564,234.0
us_alm_002_20260119021317,us_alm_002,Almacen,2026-01-19,2,43,163.55,3.0,765.8,0.2791,129.0
us_alm_002_20260119200848,us_alm_002,Almacen,2026-01-19,20,24,53.74,3.0,0.0,0.3333,72.0
us_alm_002_20260119213237,us_alm_002,Almacen,2026-01-19,21,18,67.18,3.0,569.1,0.1667,54.0
us_alm_002_20260119231146,us_alm_002,Almacen,2026-01-19,23,8,9.51,3.0,8.0,0.125,24.0
us_alm_002_20260119235744,us_alm_002,Almacen,2026-01-19,23,4,4.87,3.0,292.1,0.0,12.0
us_alm_002_20260120003527,us_alm_002,Almacen,2026-01-20,0,66,205.49,3.0,372.4,0.197,198.0
us_alm_002_20260120043519,us_alm_002,Almacen,2026-01-20,4,3,1.35,3.0,81.0,0.0,9.0
us_alm_002_20260120201320,us_alm_002,Almacen,2026-01-20,20,31,92.56,3.0,0.0,0.129,93.0
us_alm_002_20260120221843,us_alm_002,Almacen,2026-01-20,22,36,119.76,3.0,972.4,0.2222,108.0
us_alm_002_20260121005117,us_alm_002,Almacen,2026-01-21,0,35,115.38,3.0,0.0,0.2571,105.0
us_alm_002_20260121032423,us_alm_002,Almacen,2026-01-21,3,34,90.11,3.0,0.0,0.4118,102.0
us_alm_002_20260121201051,us_alm_002,Almacen,2026-01-21,20,27,57.86,3.0,0.0,0.1481,81.0
us_alm_002_20260121214123,us_alm_002,Almacen,2026-01-21,21,11,24.53,3.0,0.0,0.0909,33.0
us_alm_002_20260121223612,us_alm_002,Almacen,2026-01-21,22,80,275.15,3.0,0.0,0.225,240.0
us_alm_002_20260122043015,us_alm_002,Almacen,2026-01-22,4,11,18.05,3.0,8.1,0.0909,33.0
us_alm_002_20260122201509,us_alm_002,Almacen,2026-01-22,20,90,372.13,3.0,0.0,0.2333,270.0
us_alm_002_20260123025943,us_alm_002,Almacen,2026-01-23,2,38,112.97,3.0,435.5,0.1842,114.0
us_alm_002_20260123200324,us_alm_002,Almacen,2026-01-23,20,8,8.36,3.0,492.7,0.375,24.0
us_alm_002_20260123205110,us_alm_002,Almacen,2026-01-23,20,76,201.14,3.0,613.9,0.3289,228.0
us_alm_002_20260124004947,us_alm_002,Almacen,2026-01-24,0,7,19.85,3.0,447.2,0.2857,21.0
us_alm_002_20260124014330,us_alm_002,Almacen,2026-01-24,1,16,43.01,3.0,1770.9,0.1875,48.0
us_alm_002_20260124030202,us_alm_002,Almacen,2026-01-24,3,12,35.4,3.0,0.0,0.0833,36.0
us_alm_002_20260124040839,us_alm_002,Almacen,2026-01-24,4,8,51.18,3.0,0.0,0.125,24.0
us_alm_002_20260124200433,us_alm_002,Almacen,2026-01-24,20,37,96.29,3.0,3.5,0.2162,111.0
us_alm_002_20260124221303,us_alm_002,Almacen,2026-01-24,22,13,33.25,3.0,0.0,0.3077,39.0
us_alm_002_20260124232641,us_alm_002,Almacen,2026-01-24,23,59,272.79,3.0,311.0,0.2203,177.0
us_alm_002_20260125043150,us_alm_002,Almacen,2026-01-25,4,3,13.0,3.0,780.0,0.0,9.0
us_alm_002_20260125210710,us_alm_002,Almacen,2026-01-25,21,37,142.87,3.0,4.1,0.2973,111.0
us_alm_002_20260126000925,us_alm_002,Almacen,2026-01-26,0,78,246.36,3.0,728.0,0.3077,234.0
us_alm_002_20260126200008,us_alm_002,Almacen,2026-01-26,20,4,0.26,3.0,0.0,0.25,12.0
us_alm_002_20260126203218,us_alm_002,Almacen,2026-01-26,20,24,55.41,3.0,0.0,0.2083,72.0
us_alm_002_20260126220408,us_alm_002,Almacen,2026-01-26,22,15,44.16,3.0,0.0,0.0667,45.0
us_alm_002_20260126232347,us_alm_002,Almacen,2026-01-26,23,44,133.89,3.0,5.1,0.1591,132.0
us_alm_002_20260127023346,us_alm_002,Almacen,2026-01-27,2,23,134.68,3.0,16.3,0.2174,69.0
us_alm_002_20260127200846,us_alm_002,Almacen,2026-01-27,20,45,158.62,3.0,0.0,0.2667,135.0
us_alm_002_20260127232730,us_alm_002,Almacen,2026-01-27,23,13,73.01,3.0,0.0,0.3077,39.0
us_alm_002_20260128011413,us_alm_002,Almacen,2026-01-28,1,64,225.41,3.0,1070.5,0.2344,192.0
us_alm_002_20260128200546,us_alm_002,Almacen,2026-01-28,20,66,283.35,3.0,0.0,0.2424,198.0
us_alm_002_20260129012051,us_alm_002,Almacen,2026-01-29,1,27,87.46,3.0,0.0,0.2222,81.0
us_alm_002_20260129032058,us_alm_002,Almacen,2026-01-29,3,36,97.31,3.0,0.0,0.25,108.0
us_alm_002_20260129200827,us_alm_002,Almacen,2026-01-29,20,39,134.47,3.0,1511.8,0.2308,117.0
us_alm_002_20260129230224,us_alm_002,Almacen,2026-01-29,23,5,28.84,3.0,9.9,0.0,15.0
us_alm_002_20260130001000,us_alm_002,Almacen,2026-01-30,0,41,136.82,3.0,79.1,0.2439,123.0
us_alm_002_20260130025705,us_alm_002,Almacen,2026-01-30,2,30,113.85,3.0,799.9,0.2333,90.0
us_alm_002_20260130200829,us_alm_002,Almacen,2026-01-30,20,56,246.25,3.0,0.0,0.2321,168.0
us_alm_002_20260131005220,us_alm_002,Almacen,2026-01-31,0,39,155.5,3.0,0.0,0.2051,117.0
us_alm_002_20260131040050,us_alm_002,Almacen,2026-01-31,4,7,56.3,3.0,0.0,0.2857,21.0
us_alm_002_20260131201358,us_alm_002,Almacen,2026-01-31,20,65,256.13,3.0,0.0,0.2308,195.0
us_alm_002_20260201010153,us_alm_002,Almacen,2026-02-01,1,34,131.98,3.0,5.9,0.2353,102.0
us_alm_002_20260201034615,us_alm_002,Almacen,2026-02-01,3,12,50.02,3.0,5.1,0.0833,36.0
us_alm_002_20260201203218,us_alm_002,Almacen,2026-02-01,20,62,163.44,3.0,89.9,0.3387,186.0
us_alm_002_20260201235915,us_alm_002,Almacen,2026-02-01,23,54,169.62,3.0,0.0,0.2593,162.0
us_alm_002_20260202031857,us_alm_002,Almacen,2026-02-02,3,15,24.01,3.0,0.0,0.2,45.0
us_alm_002_20260202043059,us_alm_002,Almacen,2026-02-02,4,15,24.71,3.0,0.0,0.2667,45.0
us_alm_002_20260202203628,us_alm_002,Almacen,2026-02-02,20,15,33.43,3.0,0.0,0.2,45.0
us_alm_002_20260202214209,us_alm_002,Almacen,2026-02-02,21,25,63.32,3.0,833.1,0.32,75.0
us_alm_002_20260202232118,us_alm_002,Almacen,2026-02-02,23,3,0.15,3.0,3.4,0.0,9.0
us_alm_002_20260202235310,us_alm_002,Almacen,2026-02-02,23,88,285.74,3.0,828.8,0.1932,264.0
us_alm_002_20260203202654,us_alm_002,Almacen,2026-02-03,20,70,326.03,3.0,0.0,0.3286,210.0
us_alm_002_20260204023142,us_alm_002,Almacen,2026-02-04,2,32,124.19,3.0,3.0,0.1875,96.0
us_alm_002_20260204204334,us_alm_002,Almacen,2026-02-04,20,39,108.2,3.0,1149.2,0.2564,117.0
us_alm_002_20260204231717,us_alm_002,Almacen,2026-02-04,23,52,245.19,3.0,0.0,0.2308,156.0
us_alm_002_20260205040710,us_alm_002,Almacen,2026-02-05,4,21,44.75,3.0,0.0,0.4762,63.0
us_alm_002_20260205200306,us_alm_002,Almacen,2026-02-05,20,10,20.76,3.0,410.8,0.1,30.0
us_alm_002_20260205210324,us_alm_002,Almacen,2026-02-05,21,60,169.5,3.0,0.0,0.1333,180.0
us_alm_002_20260206002540,us_alm_002,Almacen,2026-02-06,0,71,262.69,3.0,0.0,0.2676,213.0
us_alm_002_20260206201637,us_alm_002,Almacen,2026-02-06,20,50,243.72,3.0,6.8,0.14,150.0
us_alm_002_20260207005551,us_alm_002,Almacen,2026-02-07,0,45,175.79,3.0,1771.1,0.2667,135.0
us_alm_002_20260207042446,us_alm_002,Almacen,2026-02-07,4,12,30.06,3.0,0.0,0.1667,36.0
us_alm_002_20260207200125,us_alm_002,Almacen,2026-02-07,20,80,255.95,3.0,287.4,0.175,240.0
us_alm_002_20260208011430,us_alm_002,Almacen,2026-02-08,1,54,225.03,3.0,312.1,0.2037,162.0
us_alm_002_20260208200058,us_alm_002,Almacen,2026-02-08,20,13,30.59,3.0,1104.6,0.1538,39.0
us_alm_002_20260208210700,us_alm_002,Almacen,2026-02-08,21,38,183.65,3.0,703.7,0.2368,114.0
us_alm_002_20260209004444,us_alm_002,Almacen,2026-02-09,0,45,136.91,3.0,324.1,0.2889,135.0
us_alm_002_20260209034042,us_alm_002,Almacen,2026-02-09,3,7,7.0,3.0,9.5,0.1429,21.0
us_alm_002_20260209042601,us_alm_002,Almacen,2026-02-09,4,8,32.7,3.0,8.6,0.375,24.0
us_alm_002_20260209202714,us_alm_002,Almacen,2026-02-09,20,72,230.77,3.0,0.0,0.2778,216.0
us_alm_002_20260210020038,us_alm_002,Almacen,2026-02-10,2,39,176.33,3.0,13.1,0.2308,117.0
us_alm_002_20260210202152,us_alm_002,Almacen,2026-02-10,20,117,261.33,3.0,433.2,0.2564,351.0
us_alm_002_20260211012124,us_alm_002,Almacen,2026-02-11,1,54,211.77,3.0,10.1,0.2778,162.0
us_alm_002_20260211200025,us_alm_002,Almacen,2026-02-11,20,14,56.37,3.0,205.0,0.2143,42.0
us_alm_002_20260211213100,us_alm_002,Almacen,2026-02-11,21,3,19.51,3.0,3.3,0.0,9.0
us_alm_002_20260211222728,us_alm_002,Almacen,2026-02-11,22,2,0.11,3.0,0.0,0.0,6.0
us_alm_002_20260211230320,us_alm_002,Almacen,2026-02-11,23,13,34.54,3.0,0.0,0.2308,39.0
us_alm_002_20260212001517,us_alm_002,Almacen,2026-02-12,0,37,158.46,3.0,259.1,0.1892,111.0
us_alm_002_20260212033858,us_alm_002,Almacen,2026-02-12,3,25,67.18,3.0,0.0,0.12,75.0
us_alm_002_20260212201135,us_alm_002,Almacen,2026-02-12,20,14,24.68,3.0,12.2,0.1429,42.0
us_alm_002_20260212210703,us_alm_002,Almacen,2026-02-12,21,102,364.85,3.0,3.0,0.2647,306.0
us_alm_002_20260213042412,us_alm_002,Almacen,2026-02-13,4,23,33.25,3.0,4.6,0.2174,69.0
us_alm_002_20260213202754,us_alm_002,Almacen,2026-02-13,20,56,127.47,3.0,3.4,0.3036,168.0
us_alm_002_20260213233205,us_alm_002,Almacen,2026-02-13,23,73,269.73,3.0,0.0,0.2603,219.0
us_alm_002_20260214045510,us_alm_002,Almacen,2026-02-14,4,4,0.24,3.0,0.0,0.25,12.0
us_alm_002_20260214200110,us_alm_002,Almacen,2026-02-14,20,18,51.56,3.0,0.0,0.1667,54.0
us_alm_002_20260214212254,us_alm_002,Almacen,2026-02-14,21,68,161.46,3.0,9.7,0.1912,204.0
us_alm_002_20260215004656,us_alm_002,Almacen,2026-02-15,0,58,206.27,3.0,450.6,0.2586,174.0
us_alm_002_20260215045451,us_alm_002,Almacen,2026-02-15,4,2,0.05,3.0,3.2,0.0,6.0
us_alm_002_20260215200856,us_alm_002,Almacen,2026-02-15,20,9,36.53,3.0,6.1,0.2222,27.0
us_alm_002_20260215213903,us_alm_002,Almacen,2026-02-15,21,9,29.13,3.0,1278.0,0.3333,27.0
us_alm_002_20260215224239,us_alm_002,Almacen,2026-02-15,22,26,64.48,3.0,0.0,0.2692,78.0
us_alm_002_20260216002020,us_alm_002,Almacen,2026-02-16,0,24,132.79,3.0,1276.1,0.3333,72.0
us_alm_002_20260216031727,us_alm_002,Almacen,2026-02-16,3,11,20.77,3.0,7.3,0.1818,33.0
us_alm_002_20260216041654,us_alm_002,Almacen,2026-02-16,4,5,6.33,3.0,380.0,0.2,15.0
us_alm_002_20260216201250,us_alm_002,Almacen,2026-02-16,20,2,0.1,3.0,6.2,0.5,6.0
us_alm_002_20260216204458,us_alm_002,Almacen,2026-02-16,20,77,291.15,3.0,0.0,0.2597,231.0
us_alm_002_20260217022526,us_alm_002,Almacen,2026-02-17,2,14,34.72,3.0,130.9,0.1429,42.0
us_alm_002_20260217033530,us_alm_002,Almacen,2026-02-17,3,24,43.41,3.0,8.4,0.25,72.0
us_alm_002_20260217045417,us_alm_002,Almacen,2026-02-17,4,9,3.76,3.0,0.0,0.2222,27.0
us_alm_002_20260217200641,us_alm_002,Almacen,2026-02-17,20,8,29.31,3.0,484.0,0.125,24.0
us_alm_002_20260217213532,us_alm_002,Almacen,2026-02-17,21,38,118.13,3.0,8.2,0.2368,114.0
us_alm_002_20260218000414,us_alm_002,Almacen,2026-02-18,0,23,40.59,3.0,411.2,0.3478,69.0
us_alm_002_20260218013005,us_alm_002,Almacen,2026-02-18,1,10,47.69,3.0,0.0,0.2,30.0
us_alm_002_20260218031529,us_alm_002,Almacen,2026-02-18,3,19,102.26,3.0,0.0,0.1053,57.0
us_alm_002_20260218202757,us_alm_002,Almacen,2026-02-18,20,44,144.92,3.0,1012.4,0.2727,132.0
us_alm_002_20260218232302,us_alm_002,Almacen,2026-02-18,23,85,316.42,3.0,79.8,0.1765,255.0
us_alm_002_20260219201139,us_alm_002,Almacen,2026-02-19,20,89,293.88,3.0,4.1,0.2022,267.0
us_alm_002_20260220013725,us_alm_002,Almacen,2026-02-20,1,27,117.6,3.0,0.0,0.037,81.0
us_alm_002_20260220041325,us_alm_002,Almacen,2026-02-20,4,10,37.03,3.0,6.1,0.1,30.0
us_alm_002_20260220200150,us_alm_002,Almacen,2026-02-20,20,38,125.49,3.0,0.0,0.2632,114.0
us_alm_002_20260220232213,us_alm_002,Almacen,2026-02-20,23,23,77.38,3.0,0.0,0.3043,69.0
us_alm_002_20260221011356,us_alm_002,Almacen,2026-02-21,1,32,137.17,3.0,14.8,0.2812,96.0
us_alm_002_20260221040445,us_alm_002,Almacen,2026-02-21,4,3,54.97,3.0,1676.4,0.0,9.0
us_alm_002_20260221200305,us_alm_002,Almacen,2026-02-21,20,132,375.1,3.0,0.0,0.2348,396.0
us_alm_002_20260222025428,us_alm_002,Almacen,2026-02-22,2,29,119.43,3.0,2116.5,0.3103,87.0
us_alm_002_20260222200423,us_alm_002,Almacen,2026-02-22,20,10,3.07,3.0,0.0,0.2,30.0
us_alm_002_20260222204437,us_alm_002,Almacen,2026-02-22,20,54,212.23,3.0,671.7,0.2593,162.0
us_alm_002_20260223005005,us_alm_002,Almacen,2026-02-23,0,28,158.22,3.0,0.0,0.2143,84.0
us_alm_002_20260223035910,us_alm_002,Almacen,2026-02-23,3,12,59.61,3.0,1292.0,0.0833,36.0
us_alm_002_20260223200744,us_alm_002,Almacen,2026-02-23,20,64,226.89,3.0,1239.3,0.3281,192.0
us_alm_002_20260224002858,us_alm_002,Almacen,2026-02-24,0,34,147.7,3.0,0.0,0.2059,102.0
us_alm_002_20260224033031,us_alm_002,Almacen,2026-02-24,3,16,88.19,3.0,4900.6,0.375,48.0
us_alm_002_20260224200241,us_alm_002,Almacen,2026-02-24,20,15,65.16,3.0,0.0,0.0667,45.0
us_alm_002_20260224213822,us_alm_002,Almacen,2026-02-24,21,48,170.69,3.0,0.0,0.25,144.0
us_alm_002_20260225011138,us_alm_002,Almacen,2026-02-25,1,75,225.8,3.0,6.3,0.28,225.0
us_alm_002_20260225200135,us_alm_002,Almacen,2026-02-25,20,24,68.15,3.0,6.7,0.125,72.0
us_alm_002_20260225220604,us_alm_002,Almacen,2026-02-25,22,35,68.0,3.0,466.3,0.1143,105.0
us_alm_002_20260225234803,us_alm_002,Almacen,2026-02-25,23,100,311.01,3.0,0.0,0.25,300.0
us_alm_002_20260226201340,us_alm_002,Almacen,2026-02-26,20,5,7.39,3.0,426.0,0.4,15.0
us_alm_002_20260226205409,us_alm_002,Almacen,2026-02-26,20,19,100.01,3.0,0.0,0.1579,57.0
us_alm_002_20260226231215,us_alm_002,Almacen,2026-02-26,23,47,142.04,3.0,0.0,0.2128,141.0
us_alm_002_20260227021508,us_alm_002,Almacen,2026-02-27,2,46,160.09,3.0,13.8,0.1957,138.0
us_alm_002_20260227200011,us_alm_002,Almacen,2026-02-27,20,8,15.26,3.0,0.0,0.375,24.0
us_alm_002_20260227205043,us_alm_002,Almacen,2026-02-27,20,113,488.34,3.0,1076.1,0.2566,339.0
us_alm_002_20260228200345,us_alm_002,Almacen,2026-02-28,20,19,120.65,3.0,0.0,0.1579,57.0
us_alm_002_20260228223711,us_alm_002,Almacen,2026-02-28,22,65,218.05,3.0,872.9,0.1692,195.0
us_alm_002_20260301024529,us_alm_002,Almacen,2026-03-01,2,4,10.99,3.0,659.5,0.25,12.0
us_alm_002_20260301032721,us_alm_002,Almacen,2026-03-01,3,25,84.15,3.0,55.3,0.24,75.0
us_alm_002_20260301200021,us_alm_002,Almacen,2026-03-01,20,2,0.14,3.0,8.5,0.0,6.0
us_alm_002_20260301203443,us_alm_002,Almacen,2026-03-01,20,3,0.19,3.0,0.0,0.0,9.0
us_alm_002_20260301211500,us_alm_002,Almacen,2026-03-01,21,46,240.54,3.0,1590.5,0.2826,138.0
us_alm_002_20260302015335,us_alm_002,Almacen,2026-03-02,1,36,114.79,3.0,155.0,0.2778,108.0
us_alm_002_20260302042635,us_alm_002,Almacen,2026-03-02,4,7,31.09,3.0,3.2,0.2857,21.0
us_alm_002_20260302201215,us_alm_002,Almacen,2026-03-02,20,153,523.59,3.0,4.7,0.2418,459.0
us_alm_002_20260303200105,us_alm_002,Almacen,2026-03-03,20,10,55.04,3.0,0.0,0.2,30.0
us_alm_002_20260303214324,us_alm_002,Almacen,2026-03-03,21,42,178.86,3.0,406.8,0.2143,126.0
us_alm_002_20260304011614,us_alm_002,Almacen,2026-03-04,1,57,206.4,3.0,0.0,0.1754,171.0
us_alm_002_20260304200802,us_alm_002,Almacen,2026-03-04,20,17,16.15,3.0,15.1,0.1765,51.0
us_alm_002_20260304211917,us_alm_002,Almacen,2026-03-04,21,84,293.59,3.0,1946.3,0.2738,252.0
us_alm_002_20260305024652,us_alm_002,Almacen,2026-03-05,2,2,0.14,3.0,0.0,0.5,6.0
us_alm_002_20260305032327,us_alm_002,Almacen,2026-03-05,3,23,90.18,3.0,872.2,0.1304,69.0
us_alm_002_20260305200600,us_alm_002,Almacen,2026-03-05,20,39,117.0,3.0,726.5,0.2308,117.0
us_alm_002_20260305234911,us_alm_002,Almacen,2026-03-05,23,64,305.87,3.0,0.0,0.1562,192.0
us_alm_002_20260306202053,us_alm_002,Almacen,2026-03-06,20,16,58.37,3.0,5.2,0.25,48.0
us_alm_002_20260306221646,us_alm_002,Almacen,2026-03-06,22,15,41.06,3.0,4.0,0.3333,45.0
us_alm_002_20260306233245,us_alm_002,Almacen,2026-03-06,23,81,322.73,3.0,3.7,0.2222,243.0
us_alm_002_20260307200416,us_alm_002,Almacen,2026-03-07,20,14,44.73,3.0,667.3,0.2857,42.0
us_alm_002_20260307213300,us_alm_002,Almacen,2026-03-07,21,133,444.63,3.0,7.1,0.2105,399.0
us_alm_002_20260308200038,us_alm_002,Almacen,2026-03-08,20,26,121.04,3.0,0.0,0.2692,78.0
us_alm_002_20260308223341,us_alm_002,Almacen,2026-03-08,22,24,38.77,3.0,0.0,0.2083,72.0
us_alm_002_20260308235758,us_alm_002,Almacen,2026-03-08,23,8,14.02,3.0,444.1,0.125,24.0
us_alm_002_20260309005129,us_alm_002,Almacen,2026-03-09,0,48,238.11,3.0,2087.8,0.2292,144.0
us_alm_002_20260309200516,us_alm_002,Almacen,2026-03-09,20,47,161.71,3.0,89.8,0.234,141.0
us_alm_002_20260309232258,us_alm_002,Almacen,2026-03-09,23,109,331.58,3.0,0.0,0.2936,327.0
us_alm_002_20260310200256,us_alm_002,Almacen,2026-03-10,20,11,44.13,3.0,6.8,0.0909,33.0
us_alm_002_20260310211716,us_alm_002,Almacen,2026-03-10,21,9,24.0,3.0,0.0,0.3333,27.0
us_alm_002_20260310222316,us_alm_002,Almacen,2026-03-10,22,98,322.53,3.0,0.0,0.2653,294.0
us_alm_002_20260311043412,us_alm_002,Almacen,2026-03-11,4,3,22.48,3.0,1348.6,0.0,9.0
us_alm_002_20260311200121,us_alm_002,Almacen,2026-03-11,20,14,69.74,3.0,0.0,0.2143,42.0
us_alm_002_20260311214641,us_alm_002,Almacen,2026-03-11,21,38,98.02,3.0,0.0,0.2368,114.0
us_alm_002_20260311235544,us_alm_002,Almacen,2026-03-11,23,65,249.26,3.0,257.4,0.2154,195.0
us_alm_002_20260312043747,us_alm_002,Almacen,2026-03-12,4,11,15.99,3.0,0.0,0.1818,33.0
us_alm_002_20260312201852,us_alm_002,Almacen,2026-03-12,20,21,74.93,3.0,3.1,0.3333,63.0
us_alm_002_20260312221004,us_alm_002,Almacen,2026-03-12,22,14,38.6,3.0,12.1,0.3571,42.0
us_alm_002_20260312233257,us_alm_002,Almacen,2026-03-12,23,88,318.61,3.0,538.4,0.2841,264.0
us_alm_002_20260313203827,us_alm_002,Almacen,2026-03-13,20,51,170.64,3.0,237.3,0.1569,153.0
us_alm_002_20260314000723,us_alm_002,Almacen,2026-03-14,0,76,262.9,3.0,8.1,0.1842,228.0
us_alm_002_20260314200045,us_alm_002,Almacen,2026-03-14,20,19,43.63,3.0,4.7,0.2632,57.0
us_alm_002_20260314212855,us_alm_002,Almacen,2026-03-14,21,5,1.13,3.0,64.0,0.4,15.0
us_alm_002_20260314220533,us_alm_002,Almacen,2026-03-14,22,28,164.28,3.0,7.0,0.1429,84.0
us_alm_002_20260315012827,us_alm_002,Almacen,2026-03-15,1,52,195.32,3.0,0.0,0.3462,156.0
us_alm_002_20260315200159,us_alm_002,Almacen,2026-03-15,20,152,532.02,3.0,0.0,0.3026,456.0
us_alm_002_20260316200631,us_alm_002,Almacen,2026-03-16,20,19,51.52,3.0,0.0,0.1579,57.0
us_alm_002_20260316212816,us_alm_002,Almacen,2026-03-16,21,5,13.03,3.0,0.0,0.0,15.0
us_alm_002_20260316224308,us_alm_002,Almacen,2026-03-16,22,4,3.13,3.0,3.7,0.25,12.0
us_alm_002_20260316231659,us_alm_002,Almacen,2026-03-16,23,16,25.45,3.0,3.1,0.125,48.0
us_alm_002_20260317002200,us_alm_002,Almacen,2026-03-17,0,21,107.91,3.0,0.0,0.381,63.0
us_alm_002_20260317032214,us_alm_002,Almacen,2026-03-17,3,28,92.38,3.0,4.4,0.2143,84.0
us_alm_002_20260317200219,us_alm_002,Almacen,2026-03-17,20,161,535.86,3.0,0.0,0.1615,483.0
us_alm_002_20260318201025,us_alm_002,Almacen,2026-03-18,20,41,74.69,3.0,163.9,0.2195,123.0
us_alm_002_20260318221819,us_alm_002,Almacen,2026-03-18,22,117,400.46,3.0,232.2,0.2991,351.0
us_alm_002_20260319200542,us_alm_002,Almacen,2026-03-19,20,116,406.59,3.0,270.5,0.2672,348.0
us_alm_002_20260320032420,us_alm_002,Almacen,2026-03-20,3,18,47.79,3.0,0.0,0.2778,54.0
us_alm_002_20260320044535,us_alm_002,Almacen,2026-03-20,4,4,14.06,3.0,843.4,0.0,12.0
us_alm_002_20260320200645,us_alm_002,Almacen,2026-03-20,20,3,7.62,3.0,457.2,0.3333,9.0
us_alm_002_20260320205010,us_alm_002,Almacen,2026-03-20,20,3,0.14,3.0,8.4,0.3333,9.0
us_alm_002_20260320214305,us_alm_002,Almacen,2026-03-20,21,68,263.38,3.0,1242.3,0.2206,204.0
us_alm_002_20260321023731,us_alm_002,Almacen,2026-03-21,2,28,123.85,3.0,9.7,0.1071,84.0
us_alm_002_20260321200022,us_alm_002,Almacen,2026-03-21,20,102,353.18,3.0,1697.1,0.2647,306.0
us_alm_002_20260322022722,us_alm_002,Almacen,2026-03-22,2,31,104.1,3.0,0.0,0.1935,93.0
us_alm_002_20260322044817,us_alm_002,Almacen,2026-03-22,4,2,0.11,3.0,6.5,0.5,6.0
us_alm_002_20260322200122,us_alm_002,Almacen,2026-03-22,20,126,538.39,3.0,0.0,0.1984,378.0
us_alm_002_20260323200004,us_alm_002,Almacen,2026-03-23,20,48,131.49,3.0,4.0,0.1875,144.0
us_alm_002_20260323224145,us_alm_002,Almacen,2026-03-23,22,12,54.36,3.0,7.6,0.25,36.0
us_alm_002_20260324001538,us_alm_002,Almacen,2026-03-24,0,3,0.12,3.0,3.4,0.0,9.0
us_alm_002_20260324005504,us_alm_002,Almacen,2026-03-24,0,59,202.61,3.0,0.0,0.2542,177.0
us_alm_002_20260324044957,us_alm_002,Almacen,2026-03-24,4,9,8.07,3.0,444.9,0.3333,27.0
us_alm_002_20260324200147,us_alm_002,Almacen,2026-03-24,20,12,19.57,3.0,550.9,0.25,36.0
us_alm_002_20260324205311,us_alm_002,Almacen,2026-03-24,20,63,184.95,3.0,0.0,0.2698,189.0
us_alm_002_20260325003702,us_alm_002,Almacen,2026-03-25,0,25,81.87,3.0,5.3,0.24,75.0
us_alm_002_20260325024459,us_alm_002,Almacen,2026-03-25,2,36,128.12,3.0,3.3,0.3611,108.0
us_alm_002_20260325200044,us_alm_002,Almacen,2026-03-25,20,26,91.16,3.0,0.0,0.1538,78.0
us_alm_002_20260325220725,us_alm_002,Almacen,2026-03-25,22,18,44.77,3.0,0.0,0.2222,54.0
us_alm_002_20260325232754,us_alm_002,Almacen,2026-03-25,23,24,104.12,3.0,0.0,0.25,72.0
us_alm_002_20260326015339,us_alm_002,Almacen,2026-03-26,1,56,185.76,3.0,836.2,0.1786,168.0
us_alm_002_20260326200757,us_alm_002,Almacen,2026-03-26,20,18,28.63,3.0,383.6,0.1667,54.0
us_alm_002_20260326211730,us_alm_002,Almacen,2026-03-26,21,117,456.46,3.0,0.0,0.2308,351.0
us_alm_002_20260327201205,us_alm_002,Almacen,2026-03-27,20,25,123.42,3.0,0.0,0.32,75.0
us_alm_002_20260327225112,us_alm_002,Almacen,2026-03-27,22,6,8.7,3.0,0.0,0.0,18.0
us_alm_002_20260327234152,us_alm_002,Almacen,2026-03-27,23,85,298.81,3.0,0.0,0.3176,255.0
us_alm_002_20260328201208,us_alm_002,Almacen,2026-03-28,20,58,324.9,3.0,0.0,0.3621,174.0
us_alm_002_20260329020936,us_alm_002,Almacen,2026-03-29,2,46,156.36,3.0,3.7,0.3043,138.0
us_alm_002_20260329200632,us_alm_002,Almacen,2026-03-29,20,7,24.38,3.0,0.0,0.2857,21.0
us_alm_002_20260329211238,us_alm_002,Almacen,2026-03-29,21,33,97.02,3.0,0.0,0.1818,99.0
us_alm_002_20260329232710,us_alm_002,Almacen,2026-03-29,23,23,112.01,3.0,8.9,0.2609,69.0
us_alm_002_20260330015506,us_alm_002,Almacen,2026-03-30,1,48,106.78,3.0,0.0,0.1667,144.0
us_alm_002_20260330042912,us_alm_002,Almacen,2026-03-30,4,9,25.08,3.0,0.0,0.4444,27.0
us_alm_002_20260330200544,us_alm_002,Almacen,2026-03-30,20,31,120.94,3.0,0.0,0.2581,93.0
us_alm_002_20260330225641,us_alm_002,Almacen,2026-03-30,22,45,133.03,3.0,0.0,0.2667,135.0
us_alm_002_20260331020430,us_alm_002,Almacen,2026-03-31,2,46,172.8,3.0,547.5,0.3478,138.0
us_alm_002_20260331200113,us_alm_002,Almacen,2026-03-31,20,53,208.45,3.0,0.0,0.1321,159.0
us_alm_002_20260401001338,us_alm_002,Almacen,2026-04-01,0,59,248.76,3.0,1343.6,0.2034,177.0
us_alm_002_20260401045426,us_alm_002,Almacen,2026-04-01,4,2,0.11,3.0,6.8,0.0,6.0
us_alm_002_20260401201751,us_alm_002,Almacen,2026-04-01,20,20,59.22,3.0,0.0,0.2,60.0
us_alm_002_20260401215612,us_alm_002,Almacen,2026-04-01,21,51,162.25,3.0,0.0,0.1765,153.0
us_alm_002_20260402011508,us_alm_002,Almacen,2026-04-02,1,74,222.73,3.0,0.0,0.2027,222.0
us_cmp_001_20260101170252,us_cmp_001,Compras,2026-01-01,17,101,464.08,3.0,0.0,0.3564,303.0
us_cmp_001_20260102170849,us_cmp_001,Compras,2026-01-02,17,85,469.32,3.0,0.0,0.3176,255.0
us_cmp_001_20260103170409,us_cmp_001,Compras,2026-01-03,17,97,470.91,3.0,98.2,0.3402,291.0
us_cmp_001_20260104170300,us_cmp_001,Compras,2026-01-04,17,120,476.7,2.992,388.6,0.2333,359.0
us_cmp_001_20260105171016,us_cmp_001,Compras,2026-01-05,17,11,31.75,3.0,0.0,0.1818,33.0
us_cmp_001_20260105181346,us_cmp_001,Compras,2026-01-05,18,69,389.01,3.0,411.8,0.4203,207.0
us_cmp_001_20260106170940,us_cmp_001,Compras,2026-01-06,17,81,467.42,3.0,491.2,0.3086,243.0
us_cmp_001_20260107170614,us_cmp_001,Compras,2026-01-07,17,78,470.26,3.0,0.0,0.3333,234.0
us_cmp_001_20260108170312,us_cmp_001,Compras,2026-01-08,17,44,259.76,3.0,635.5,0.25,132.0
us_cmp_001_20260108222620,us_cmp_001,Compras,2026-01-08,22,38,153.31,3.0,2126.7,0.3158,114.0
us_cmp_001_20260109170118,us_cmp_001,Compras,2026-01-09,17,103,467.84,3.0,0.0,0.2621,309.0
us_cmp_001_20260110170648,us_cmp_001,Compras,2026-01-10,17,90,471.41,3.0,384.8,0.3222,270.0
us_cmp_001_20260111171752,us_cmp_001,Compras,2026-01-11,17,94,444.2,3.0,1315.3,0.3085,282.0
us_cmp_001_20260112170537,us_cmp_001,Compras,2026-01-12,17,88,463.15,3.0,313.1,0.3295,264.0
us_cmp_001_20260113170644,us_cmp_001,Compras,2026-01-13,17,52,232.51,3.0,0.0,0.3077,156.0
us_cmp_001_20260113213152,us_cmp_001,Compras,2026-01-13,21,41,198.9,3.0,315.0,0.2195,123.0
us_cmp_001_20260114174201,us_cmp_001,Compras,2026-01-14,17,88,434.64,2.989,0.0,0.2955,263.0
us_cmp_001_20260115170038,us_cmp_001,Compras,2026-01-15,17,99,475.72,2.99,917.5,0.303,296.0
us_cmp_001_20260116170400,us_cmp_001,Compras,2026-01-16,17,85,474.95,2.988,0.0,0.3059,254.0
us_cmp_001_20260117171823,us_cmp_001,Compras,2026-01-17,17,77,454.1,3.0,0.0,0.3506,231.0
us_cmp_001_20260118170317,us_cmp_001,Compras,2026-01-18,17,13,80.13,3.0,278.3,0.3077,39.0
us_cmp_001_20260118185547,us_cmp_001,Compras,2026-01-18,18,69,363.96,3.0,1016.7,0.3333,207.0
us_cmp_001_20260119170252,us_cmp_001,Compras,2026-01-19,17,24,115.21,3.0,2321.7,0.4167,72.0
us_cmp_001_20260119193622,us_cmp_001,Compras,2026-01-19,19,58,321.54,3.0,2243.6,0.5,174.0
us_cmp_001_20260120170045,us_cmp_001,Compras,2026-01-20,17,61,317.9,3.0,0.0,0.377,183.0
us_cmp_001_20260120225150,us_cmp_001,Compras,2026-01-20,22,31,126.11,3.0,0.0,0.2581,93.0
us_cmp_001_20260121170420,us_cmp_001,Compras,2026-01-21,17,110,463.73,3.0,278.0,0.3182,330.0
us_cmp_001_20260122170212,us_cmp_001,Compras,2026-01-22,17,45,234.16,3.0,23.4,0.3111,135.0
us_cmp_001_20260122212951,us_cmp_001,Compras,2026-01-22,21,42,206.02,3.0,867.1,0.4048,126.0
us_cmp_001_20260123170953,us_cmp_001,Compras,2026-01-23,17,59,288.02,3.0,208.7,0.4068,177.0
us_cmp_001_20260123223100,us_cmp_001,Compras,2026-01-23,22,34,148.29,3.0,504.8,0.3529,102.0
us_cmp_001_20260124170002,us_cmp_001,Compras,2026-01-24,17,40,175.44,3.0,946.0,0.35,120.0
us_cmp_001_20260124203842,us_cmp_001,Compras,2026-01-24,20,7,41.32,3.0,937.2,0.4286,21.0
us_cmp_001_20260124215639,us_cmp_001,Compras,2026-01-24,21,40,175.4,2.975,0.0,0.3,119.0
us_cmp_001_20260125170353,us_cmp_001,Compras,2026-01-25,17,89,448.53,3.0,1988.1,0.3258,267.0
us_cmp_001_20260126170501,us_cmp_001,Compras,2026-01-26,17,104,474.96,3.0,519.8,0.3269,312.0
us_cmp_001_20260127170301,us_cmp_001,Compras,2026-01-27,17,86,469.57,2.988,4865.0,0.314,257.0
us_cmp_001_20260128170330,us_cmp_001,Compras,2026-01-28,17,22,96.86,3.0,944.2,0.1818,66.0
us_cmp_001_20260128191208,us_cmp_001,Compras,2026-01-28,19,67,285.78,3.0,0.0,0.3433,201.0
us_cmp_001_20260129003737,us_cmp_001,Compras,2026-01-29,0,5,12.34,3.0,326.7,0.6,15.0
us_cmp_001_20260129171047,us_cmp_001,Compras,2026-01-29,17,83,465.61,3.0,1303.4,0.3494,249.0
us_cmp_001_20260130170256,us_cmp_001,Compras,2026-01-30,17,79,473.72,2.987,187.7,0.2911,236.0
us_cmp_001_20260131170021,us_cmp_001,Compras,2026-01-31,17,90,478.31,3.0,551.6,0.2556,270.0
us_cmp_001_20260201170010,us_cmp_001,Compras,2026-02-01,17,81,475.54,3.0,285.7,0.284,243.0
us_cmp_001_20260202170044,us_cmp_001,Compras,2026-02-02,17,37,235.22,3.0,846.2,0.2973,111.0
us_cmp_001_20260202213017,us_cmp_001,Compras,2026-02-02,21,22,74.26,3.0,13.3,0.3636,66.0
us_cmp_001_20260202235723,us_cmp_001,Compras,2026-02-02,23,8,46.09,3.0,0.0,0.625,24.0
us_cmp_001_20260203170341,us_cmp_001,Compras,2026-02-03,17,2,0.52,3.0,31.3,0.5,6.0
us_cmp_001_20260203173708,us_cmp_001,Compras,2026-02-03,17,84,442.85,3.0,212.1,0.2619,252.0
us_cmp_001_20260204170047,us_cmp_001,Compras,2026-02-04,17,86,478.56,3.0,267.0,0.2791,258.0
us_cmp_001_20260205170158,us_cmp_001,Compras,2026-02-05,17,96,465.62,3.0,1566.6,0.3333,288.0
us_cmp_001_20260206170639,us_cmp_001,Compras,2026-02-06,17,87,460.73,3.0,0.0,0.3333,261.0
us_cmp_001_20260207170240,us_cmp_001,Compras,2026-02-07,17,5,21.78,3.0,0.0,0.2,15.0
us_cmp_001_20260207180028,us_cmp_001,Compras,2026-02-07,18,69,413.97,3.0,0.0,0.2319,207.0
us_cmp_001_20260208170346,us_cmp_001,Compras,2026-02-08,17,85,466.2,2.988,452.5,0.3059,254.0
us_cmp_001_20260209170146,us_cmp_001,Compras,2026-02-09,17,81,466.03,2.988,929.2,0.3457,242.0
us_cmp_001_20260210170047,us_cmp_001,Compras,2026-02-10,17,21,63.33,3.0,0.0,0.2381,63.0
us_cmp_001_20260210184838,us_cmp_001,Compras,2026-02-10,18,76,368.42,3.0,0.0,0.3421,228.0
us_cmp_001_20260211170018,us_cmp_001,Compras,2026-02-11,17,98,479.53,2.98,702.1,0.3469,292.0
us_cmp_001_20260212171817,us_cmp_001,Compras,2026-02-12,17,87,459.93,2.989,1448.4,0.2989,260.0
us_cmp_001_20260213170312,us_cmp_001,Compras,2026-02-13,17,83,474.44,2.988,208.6,0.3012,248.0
us_cmp_001_20260214170607,us_cmp_001,Compras,2026-02-14,17,59,320.73,3.0,155.3,0.4068,177.0
us_cmp_001_20260214225850,us_cmp_001,Compras,2026-02-14,22,31,119.77,3.0,1035.9,0.2258,93.0
us_cmp_001_20260215170212,us_cmp_001,Compras,2026-02-15,17,6,44.89,3.0,981.7,0.3333,18.0
us_cmp_001_20260215184139,us_cmp_001,Compras,2026-02-15,18,60,366.26,2.983,0.0,0.2833,179.0
us_cmp_001_20260216171140,us_cmp_001,Compras,2026-02-16,17,47,286.74,3.0,1250.1,0.4255,141.0
us_cmp_001_20260216223825,us_cmp_001,Compras,2026-02-16,22,20,74.55,3.0,1716.3,0.35,60.0
us_cmp_001_20260217004532,us_cmp_001,Compras,2026-02-17,0,4,14.37,3.0,29.5,0.0,12.0
us_cmp_001_20260217170205,us_cmp_001,Compras,2026-02-17,17,21,88.15,3.0,0.0,0.2381,63.0
us_cmp_001_20260217190459,us_cmp_001,Compras,2026-02-17,19,87,354.88,2.989,197.3,0.3103,260.0
us_cmp_001_20260218171816,us_cmp_001,Compras,2026-02-18,17,79,451.52,2.987,206.5,0.2532,236.0
us_cmp_001_20260219170234,us_cmp_001,Compras,2026-02-19,17,90,466.65,3.0,643.6,0.3889,270.0
us_cmp_001_20260220170858,us_cmp_001,Compras,2026-02-20,17,74,338.79,3.0,0.0,0.3378,222.0
us_cmp_001_20260220232807,us_cmp_001,Compras,2026-02-20,23,15,79.31,3.0,563.8,0.2,45.0
us_cmp_001_20260221170041,us_cmp_001,Compras,2026-02-21,17,95,476.97,2.989,1854.6,0.3158,284.0
us_cmp_001_20260222170239,us_cmp_001,Compras,2026-02-22,17,93,473.83,3.0,401.3,0.2796,279.0
us_cmp_001_20260223170413,us_cmp_001,Compras,2026-02-23,17,90,473.01,3.0,311.9,0.3556,270.0
us_cmp_001_20260224170009,us_cmp_001,Compras,2026-02-24,17,92,478.81,2.989,4347.5,0.3696,275.0
us_cmp_001_20260225171246,us_cmp_001,Compras,2026-02-25,17,91,462.7,2.989,936.9,0.2857,272.0
us_cmp_001_20260226170337,us_cmp_001,Compras,2026-02-26,17,15,104.42,3.0,0.0,0.3333,45.0
us_cmp_001_20260226193354,us_cmp_001,Compras,2026-02-26,19,11,54.33,3.0,0.0,0.2727,33.0
us_cmp_001_20260226211235,us_cmp_001,Compras,2026-02-26,21,39,227.22,3.0,1442.3,0.2821,117.0
us_cmp_001_20260227174451,us_cmp_001,Compras,2026-02-27,17,84,433.73,3.0,0.0,0.2738,252.0
us_cmp_001_20260228170420,us_cmp_001,Compras,2026-02-28,17,56,240.33,3.0,664.4,0.2857,168.0
us_cmp_001_20260228213543,us_cmp_001,Compras,2026-02-28,21,43,196.92,2.977,0.0,0.2791,128.0
us_cmp_001_20260301170854,us_cmp_001,Compras,2026-03-01,17,30,125.27,2.967,0.0,0.1667,89.0
us_cmp_001_20260301194453,us_cmp_001,Compras,2026-03-01,19,59,314.47,3.0,151.1,0.3051,177.0
us_cmp_001_20260302171015,us_cmp_001,Compras,2026-03-02,17,16,68.09,3.0,337.5,0.375,48.0
us_cmp_001_20260302185640,us_cmp_001,Compras,2026-03-02,18,64,341.39,3.0,1353.4,0.3281,192.0
us_cmp_001_20260303170034,us_cmp_001,Compras,2026-03-03,17,41,214.45,3.0,332.5,0.2683,123.0
us_cmp_001_20260303210835,us_cmp_001,Compras,2026-03-03,21,41,225.0,3.0,0.0,0.2195,123.0
us_cmp_001_20260304171440,us_cmp_001,Compras,2026-03-04,17,107,460.09,2.981,182.6,0.3084,319.0
us_cmp_001_20260305170727,us_cmp_001,Compras,2026-03-05,17,107,468.16,3.0,0.0,0.2897,321.0
us_cmp_001_20260306170246,us_cmp_001,Compras,2026-03-06,17,82,388.87,2.988,0.0,0.2439,245.0
us_cmp_001_20260307000211,us_cmp_001,Compras,2026-03-07,0,10,53.15,3.0,0.0,0.2,30.0
us_cmp_001_20260307170008,us_cmp_001,Compras,2026-03-07,17,88,477.7,3.0,0.0,0.2955,264.0
us_cmp_001_20260308172220,us_cmp_001,Compras,2026-03-08,17,87,451.27,3.0,1483.5,0.3218,261.0
us_cmp_001_20260309170406,us_cmp_001,Compras,2026-03-09,17,10,54.56,3.0,197.5,0.0,30.0
us_cmp_001_20260309185214,us_cmp_001,Compras,2026-03-09,18,20,63.85,3.0,364.0,0.15,60.0
us_cmp_001_20260309203633,us_cmp_001,Compras,2026-03-09,20,49,260.55,3.0,964.1,0.3061,147.0
us_cmp_001_20260310172535,us_cmp_001,Compras,2026-03-10,17,73,447.56,2.973,518.2,0.2466,217.0
us_cmp_001_20260311171851,us_cmp_001,Compras,2026-03-11,17,12,82.77,3.0,0.0,0.25,36.0
us_cmp_001_20260311191302,us_cmp_001,Compras,2026-03-11,19,63,326.34,3.0,2697.2,0.4127,189.0
us_cmp_001_20260312170028,us_cmp_001,Compras,2026-03-12,17,90,470.91,2.967,0.0,0.3111,267.0
us_cmp_001_20260313170805,us_cmp_001,Compras,2026-03-13,17,84,390.49,3.0,0.0,0.3452,252.0
us_cmp_001_20260314000858,us_cmp_001,Compras,2026-03-14,0,13,42.34,3.0,6.7,0.0,39.0
us_cmp_001_20260314170119,us_cmp_001,Compras,2026-03-14,17,85,476.87,3.0,0.0,0.2588,255.0
us_cmp_001_20260315170712,us_cmp_001,Compras,2026-03-15,17,99,471.45,3.0,11.0,0.2828,297.0
us_cmp_001_20260316170406,us_cmp_001,Compras,2026-03-16,17,50,284.47,3.0,1204.3,0.32,150.0
us_cmp_001_20260316222424,us_cmp_001,Compras,2026-03-16,22,27,155.37,3.0,1832.2,0.2593,81.0
us_cmp_001_20260317170147,us_cmp_001,Compras,2026-03-17,17,85,461.79,3.0,980.0,0.3059,255.0
us_cmp_001_20260318170945,us_cmp_001,Compras,2026-03-18,17,86,459.86,2.965,0.0,0.2674,255.0
us_cmp_001_20260319171321,us_cmp_001,Compras,2026-03-19,17,92,457.92,2.989,0.0,0.2826,275.0
us_cmp_001_20260320170220,us_cmp_001,Compras,2026-03-20,17,40,159.66,3.0,110.8,0.3,120.0
us_cmp_001_20260320201407,us_cmp_001,Compras,2026-03-20,20,44,284.08,3.0,0.0,0.3864,132.0
us_cmp_001_20260321170328,us_cmp_001,Compras,2026-03-21,17,48,271.17,2.979,425.3,0.2083,143.0
us_cmp_001_20260321221256,us_cmp_001,Compras,2026-03-21,22,28,156.72,3.0,0.0,0.3929,84.0
us_cmp_001_20260322171644,us_cmp_001,Compras,2026-03-22,17,25,108.16,3.0,1085.0,0.36,75.0
us_cmp_001_20260322193509,us_cmp_001,Compras,2026-03-22,19,49,310.15,3.0,1548.2,0.3061,147.0
us_cmp_001_20260323170513,us_cmp_001,Compras,2026-03-23,17,9,49.28,3.0,0.0,0.0,27.0
us_cmp_001_20260323182704,us_cmp_001,Compras,2026-03-23,18,72,390.95,3.0,2910.0,0.2222,216.0
us_cmp_001_20260324170558,us_cmp_001,Compras,2026-03-24,17,92,464.28,3.0,109.1,0.3043,276.0
us_cmp_001_20260325171208,us_cmp_001,Compras,2026-03-25,17,93,465.37,2.989,565.1,0.3441,278.0
us_cmp_001_20260326171202,us_cmp_001,Compras,2026-03-26,17,8,35.57,2.875,815.3,0.125,23.0
us_cmp_001_20260326182851,us_cmp_001,Compras,2026-03-26,18,96,385.02,3.0,0.0,0.3542,288.0
us_cmp_001_20260327170044,us_cmp_001,Compras,2026-03-27,17,109,467.04,2.991,946.9,0.3761,326.0
us_cmp_001_20260328171041,us_cmp_001,Compras,2026-03-28,17,98,468.66,3.0,920.5,0.3367,294.0
us_cmp_001_20260329170252,us_cmp_001,Compras,2026-03-29,17,92,474.0,2.978,1209.1,0.2609,274.0
us_cmp_001_20260330170347,us_cmp_001,Compras,2026-03-30,17,69,304.88,3.0,1071.5,0.2899,207.0
us_cmp_001_20260330223959,us_cmp_001,Compras,2026-03-30,22,13,46.91,3.0,78.3,0.3077,39.0
us_cmp_001_20260330235927,us_cmp_001,Compras,2026-03-30,23,8,45.54,3.0,1751.0,0.0,24.0
us_cmp_001_20260331170040,us_cmp_001,Compras,2026-03-31,17,6,16.23,3.0,549.9,0.1667,18.0
us_cmp_001_20260331174841,us_cmp_001,Compras,2026-03-31,17,78,424.34,3.0,0.0,0.2564,234.0
us_cmp_001_20260401170146,us_cmp_001,Compras,2026-04-01,17,85,429.14,2.988,727.3,0.1882,254.0
us_cmp_002_20260101220533,us_cmp_002,Compras,2026-01-01,22,191,350.36,2.812,5.0,0.1623,537.0
us_cmp_002_20260102220503,us_cmp_002,Compras,2026-01-02,22,105,134.48,2.81,0.0,0.181,295.0
us_cmp_002_20260103005051,us_cmp_002,Compras,2026-01-03,0,96,185.81,2.823,0.0,0.2396,271.0
us_cmp_002_20260103221527,us_cmp_002,Compras,2026-01-03,22,168,314.77,2.827,4.2,0.2083,475.0
us_cmp_002_20260104220203,us_cmp_002,Compras,2026-01-04,22,271,357.78,2.83,0.0,0.214,767.0
us_cmp_002_20260105221219,us_cmp_002,Compras,2026-01-05,22,87,129.03,2.816,0.0,0.2989,245.0
us_cmp_002_20260106005222,us_cmp_002,Compras,2026-01-06,0,72,107.92,2.847,0.0,0.1944,205.0
us_cmp_002_20260106031328,us_cmp_002,Compras,2026-01-06,3,50,39.86,2.84,0.0,0.14,142.0
us_cmp_002_20260106220224,us_cmp_002,Compras,2026-01-06,22,273,349.46,2.81,0.0,0.2637,767.0
us_cmp_002_20260107221357,us_cmp_002,Compras,2026-01-07,22,134,131.49,2.843,0.0,0.2239,381.0
us_cmp_002_20260108010012,us_cmp_002,Compras,2026-01-08,1,99,162.15,2.788,6.4,0.1919,276.0
us_cmp_002_20260108220043,us_cmp_002,Compras,2026-01-08,22,107,172.76,2.794,13.0,0.2617,299.0
us_cmp_002_20260109012345,us_cmp_002,Compras,2026-01-09,1,69,80.85,2.768,13.2,0.3043,191.0
us_cmp_002_20260109032205,us_cmp_002,Compras,2026-01-09,3,45,37.45,2.822,0.0,0.2444,127.0
us_cmp_002_20260109220128,us_cmp_002,Compras,2026-01-09,22,261,350.09,2.816,0.0,0.272,735.0
us_cmp_002_20260110220423,us_cmp_002,Compras,2026-01-10,22,281,351.91,2.829,0.0,0.1886,795.0
us_cmp_002_20260111220409,us_cmp_002,Compras,2026-01-11,22,213,353.41,2.798,0.0,0.2207,596.0
us_cmp_002_20260112221644,us_cmp_002,Compras,2026-01-12,22,195,338.89,2.821,602.7,0.2103,550.0
us_cmp_002_20260113220627,us_cmp_002,Compras,2026-01-13,22,266,351.66,2.793,10.9,0.2519,743.0
us_cmp_002_20260114220309,us_cmp_002,Compras,2026-01-14,22,259,356.34,2.803,19.3,0.2239,726.0
us_cmp_002_20260115221557,us_cmp_002,Compras,2026-01-15,22,210,342.81,2.795,0.0,0.2429,587.0
us_cmp_002_20260116220533,us_cmp_002,Compras,2026-01-16,22,63,87.52,2.825,0.0,0.2857,178.0
us_cmp_002_20260117000833,us_cmp_002,Compras,2026-01-17,0,162,228.4,2.815,0.0,0.2284,456.0
us_cmp_002_20260117220703,us_cmp_002,Compras,2026-01-17,22,108,185.96,2.815,0.0,0.2685,304.0
us_cmp_002_20260118015455,us_cmp_002,Compras,2026-01-18,1,122,123.02,2.787,0.0,0.2295,340.0
us_cmp_002_20260118220020,us_cmp_002,Compras,2026-01-18,22,144,234.31,2.799,0.0,0.2222,403.0
us_cmp_002_20260119030246,us_cmp_002,Compras,2026-01-19,3,48,51.64,2.792,0.0,0.2083,134.0
us_cmp_002_20260119220741,us_cmp_002,Compras,2026-01-19,22,251,346.17,2.829,0.0,0.2032,710.0
us_cmp_002_20260120220219,us_cmp_002,Compras,2026-01-20,22,254,357.9,2.791,5.0,0.2126,709.0
us_cmp_002_20260121220158,us_cmp_002,Compras,2026-01-21,22,277,356.95,2.845,0.0,0.2383,788.0
us_cmp_002_20260122220055,us_cmp_002,Compras,2026-01-22,22,259,356.45,2.792,0.0,0.2162,723.0
us_cmp_002_20260123220428,us_cmp_002,Compras,2026-01-23,22,54,70.06,2.796,515.6,0.1852,151.0
us_cmp_002_20260123235221,us_cmp_002,Compras,2026-01-23,23,116,147.58,2.81,0.0,0.1897,326.0
us_cmp_002_20260124025707,us_cmp_002,Compras,2026-01-24,2,57,61.32,2.754,0.0,0.193,157.0
us_cmp_002_20260124220634,us_cmp_002,Compras,2026-01-24,22,276,343.55,2.833,24.0,0.2174,782.0
us_cmp_002_20260125220315,us_cmp_002,Compras,2026-01-25,22,233,351.83,2.815,0.0,0.1974,656.0
us_cmp_002_20260126223246,us_cmp_002,Compras,2026-01-26,22,203,320.8,2.823,7.5,0.2167,573.0
us_cmp_002_20260127221420,us_cmp_002,Compras,2026-01-27,22,139,146.16,2.827,0.0,0.1583,393.0
us_cmp_002_20260128011259,us_cmp_002,Compras,2026-01-28,1,98,163.17,2.847,0.0,0.2653,279.0
us_cmp_002_20260128231154,us_cmp_002,Compras,2026-01-28,23,157,281.55,2.803,0.0,0.2611,440.0
us_cmp_002_20260129220259,us_cmp_002,Compras,2026-01-29,22,259,332.82,2.788,0.0,0.2201,722.0
us_cmp_002_20260130221208,us_cmp_002,Compras,2026-01-30,22,251,336.76,2.821,9.8,0.1952,708.0
us_cmp_002_20260131221832,us_cmp_002,Compras,2026-01-31,22,195,328.07,2.821,0.0,0.2769,550.0
us_cmp_002_20260201220140,us_cmp_002,Compras,2026-02-01,22,302,356.29,2.815,0.0,0.202,850.0
us_cmp_002_20260202221110,us_cmp_002,Compras,2026-02-02,22,269,343.77,2.818,0.0,0.2602,758.0
us_cmp_002_20260203221037,us_cmp_002,Compras,2026-02-03,22,271,348.05,2.849,0.0,0.2325,772.0
us_cmp_002_20260204221509,us_cmp_002,Compras,2026-02-04,22,267,333.27,2.816,0.0,0.221,752.0
us_cmp_002_20260205221204,us_cmp_002,Compras,2026-02-05,22,258,342.97,2.806,145.7,0.2364,724.0
us_cmp_002_20260206220340,us_cmp_002,Compras,2026-02-06,22,302,352.56,2.811,0.0,0.2384,849.0
us_cmp_002_20260207220111,us_cmp_002,Compras,2026-02-07,22,277,341.51,2.791,0.0,0.2022,773.0
us_cmp_002_20260208220222,us_cmp_002,Compras,2026-02-08,22,310,355.31,2.81,0.0,0.2677,871.0
us_cmp_002_20260209222028,us_cmp_002,Compras,2026-02-09,22,207,256.54,2.816,0.0,0.1981,583.0
us_cmp_002_20260210030954,us_cmp_002,Compras,2026-02-10,3,34,45.41,2.912,0.0,0.2647,99.0
us_cmp_002_20260210220219,us_cmp_002,Compras,2026-02-10,22,7,0.41,2.714,0.0,0.2857,19.0
us_cmp_002_20260210223308,us_cmp_002,Compras,2026-02-10,22,190,318.5,2.795,0.0,0.2368,531.0
us_cmp_002_20260211220222,us_cmp_002,Compras,2026-02-11,22,162,194.21,2.796,0.0,0.2654,453.0
us_cmp_002_20260212015106,us_cmp_002,Compras,2026-02-12,1,93,127.5,2.817,8.4,0.2366,262.0
us_cmp_002_20260212220517,us_cmp_002,Compras,2026-02-12,22,276,353.13,2.804,0.0,0.221,774.0
us_cmp_002_20260213220218,us_cmp_002,Compras,2026-02-13,22,195,253.84,2.826,0.0,0.2462,551.0
us_cmp_002_20260214024713,us_cmp_002,Compras,2026-02-14,2,53,71.78,2.774,0.0,0.2642,147.0
us_cmp_002_20260214220043,us_cmp_002,Compras,2026-02-14,22,272,348.95,2.809,0.0,0.2096,764.0
us_cmp_002_20260215220554,us_cmp_002,Compras,2026-02-15,22,239,323.35,2.812,0.0,0.2259,672.0
us_cmp_002_20260216035943,us_cmp_002,Compras,2026-02-16,3,4,0.32,2.5,0.0,0.25,10.0
us_cmp_002_20260216222318,us_cmp_002,Compras,2026-02-16,22,187,249.12,2.834,0.0,0.2299,530.0
us_cmp_002_20260217030428,us_cmp_002,Compras,2026-02-17,3,37,50.07,2.865,0.0,0.1622,106.0
us_cmp_002_20260217220534,us_cmp_002,Compras,2026-02-17,22,292,345.77,2.822,0.0,0.2123,824.0
us_cmp_002_20260218220018,us_cmp_002,Compras,2026-02-18,22,133,278.44,2.789,0.0,0.1805,371.0
us_cmp_002_20260219031320,us_cmp_002,Compras,2026-02-19,3,49,46.41,2.796,9.8,0.2857,137.0
us_cmp_002_20260219220046,us_cmp_002,Compras,2026-02-19,22,237,353.31,2.764,0.0,0.2405,655.0
us_cmp_002_20260220221045,us_cmp_002,Compras,2026-02-20,22,75,134.0,2.813,0.0,0.28,211.0
us_cmp_002_20260221005855,us_cmp_002,Compras,2026-02-21,0,175,174.76,2.811,0.0,0.1714,492.0
us_cmp_002_20260221220652,us_cmp_002,Compras,2026-02-21,22,332,347.21,2.807,0.0,0.2048,932.0
us_cmp_002_20260222220343,us_cmp_002,Compras,2026-02-22,22,143,277.67,2.811,0.0,0.2448,402.0
us_cmp_002_20260223031626,us_cmp_002,Compras,2026-02-23,3,48,37.06,2.729,0.0,0.1667,131.0
us_cmp_002_20260223220547,us_cmp_002,Compras,2026-02-23,22,106,154.32,2.811,12.1,0.2358,298.0
us_cmp_002_20260224011123,us_cmp_002,Compras,2026-02-24,1,90,154.89,2.844,0.0,0.2556,256.0
us_cmp_002_20260224221045,us_cmp_002,Compras,2026-02-24,22,263,346.2,2.802,3.9,0.2205,737.0
us_cmp_002_20260225220010,us_cmp_002,Compras,2026-02-25,22,251,322.35,2.833,0.0,0.255,711.0
us_cmp_002_20260226035250,us_cmp_002,Compras,2026-02-26,3,13,2.75,2.692,0.0,0.1538,35.0
us_cmp_002_20260226222951,us_cmp_002,Compras,2026-02-26,22,234,325.1,2.816,0.0,0.2692,659.0
us_cmp_002_20260227220135,us_cmp_002,Compras,2026-02-27,22,205,290.11,2.82,5.0,0.2244,578.0
us_cmp_002_20260228032651,us_cmp_002,Compras,2026-02-28,3,32,29.82,2.812,0.0,0.25,90.0
us_cmp_002_20260228220500,us_cmp_002,Compras,2026-02-28,22,209,225.64,2.828,0.0,0.177,591.0
us_cmp_002_20260301024717,us_cmp_002,Compras,2026-03-01,2,41,40.95,2.78,0.0,0.0976,114.0
us_cmp_002_20260301221004,us_cmp_002,Compras,2026-03-01,22,222,342.64,2.797,0.0,0.1712,621.0
us_cmp_002_20260302220305,us_cmp_002,Compras,2026-03-02,22,271,354.03,2.815,0.0,0.2472,763.0
us_cmp_002_20260303220223,us_cmp_002,Compras,2026-03-03,22,9,3.25,2.778,0.0,0.3333,25.0
us_cmp_002_20260303224431,us_cmp_002,Compras,2026-03-03,22,213,297.21,2.798,0.0,0.1925,596.0
us_cmp_002_20260304221050,us_cmp_002,Compras,2026-03-04,22,252,341.13,2.817,0.0,0.2341,710.0
us_cmp_002_20260305220946,us_cmp_002,Compras,2026-03-05,22,134,220.61,2.806,12.0,0.2537,376.0
us_cmp_002_20260306022516,us_cmp_002,Compras,2026-03-06,2,63,88.94,2.794,18.1,0.2698,176.0
us_cmp_002_20260306220531,us_cmp_002,Compras,2026-03-06,22,300,354.65,2.79,0.0,0.26,837.0
us_cmp_002_20260307221108,us_cmp_002,Compras,2026-03-07,22,255,336.08,2.78,0.0,0.2078,709.0
us_cmp_002_20260308220031,us_cmp_002,Compras,2026-03-08,22,273,354.72,2.824,0.0,0.2308,771.0
us_cmp_002_20260309220854,us_cmp_002,Compras,2026-03-09,22,80,77.5,2.8,0.0,0.25,224.0
us_cmp_002_20260309235757,us_cmp_002,Compras,2026-03-09,23,204,241.19,2.775,4.7,0.25,566.0
us_cmp_002_20260310220221,us_cmp_002,Compras,2026-03-10,22,174,238.18,2.787,4.8,0.1839,485.0
us_cmp_002_20260311023526,us_cmp_002,Compras,2026-03-11,2,89,84.61,2.82,0.0,0.1798,251.0
us_cmp_002_20260311220013,us_cmp_002,Compras,2026-03-11,22,23,51.87,2.826,0.0,0.2609,65.0
us_cmp_002_20260311232657,us_cmp_002,Compras,2026-03-11,23,227,266.42,2.811,4.5,0.2379,638.0
us_cmp_002_20260312220415,us_cmp_002,Compras,2026-03-12,22,118,108.15,2.797,0.0,0.1864,330.0
us_cmp_002_20260313002243,us_cmp_002,Compras,2026-03-13,0,122,200.01,2.811,0.0,0.2541,343.0
us_cmp_002_20260313220517,us_cmp_002,Compras,2026-03-13,22,220,354.79,2.814,0.0,0.2318,619.0
us_cmp_002_20260314220347,us_cmp_002,Compras,2026-03-14,22,313,354.28,2.827,0.0,0.2173,885.0
us_cmp_002_20260315220020,us_cmp_002,Compras,2026-03-15,22,156,262.9,2.821,0.0,0.2115,440.0
us_cmp_002_20260316025327,us_cmp_002,Compras,2026-03-16,2,64,50.23,2.797,0.0,0.2656,179.0
us_cmp_002_20260316220641,us_cmp_002,Compras,2026-03-16,22,223,349.65,2.825,0.0,0.2422,630.0
us_cmp_002_20260317220046,us_cmp_002,Compras,2026-03-17,22,269,350.38,2.814,3.7,0.2528,757.0
us_cmp_002_20260318220108,us_cmp_002,Compras,2026-03-18,22,265,352.39,2.785,0.0,0.2302,738.0
us_cmp_002_20260319220259,us_cmp_002,Compras,2026-03-19,22,180,224.59,2.789,0.0,0.1889,502.0
us_cmp_002_20260320022012,us_cmp_002,Compras,2026-03-20,2,90,96.71,2.844,0.0,0.2667,256.0
us_cmp_002_20260320220136,us_cmp_002,Compras,2026-03-20,22,209,247.5,2.77,7.2,0.2344,579.0
us_cmp_002_20260321024317,us_cmp_002,Compras,2026-03-21,2,55,71.82,2.764,0.0,0.1091,152.0
us_cmp_002_20260321220112,us_cmp_002,Compras,2026-03-21,22,220,358.01,2.827,0.0,0.2136,622.0
us_cmp_002_20260322220146,us_cmp_002,Compras,2026-03-22,22,147,218.29,2.81,0.0,0.2041,413.0
us_cmp_002_20260323021600,us_cmp_002,Compras,2026-03-23,2,89,96.71,2.764,0.0,0.2584,246.0
us_cmp_002_20260323220303,us_cmp_002,Compras,2026-03-23,22,243,350.66,2.794,0.0,0.2346,679.0
us_cmp_002_20260324221532,us_cmp_002,Compras,2026-03-24,22,260,341.73,2.819,0.0,0.2077,733.0
us_cmp_002_20260325220945,us_cmp_002,Compras,2026-03-25,22,271,347.68,2.79,18.2,0.2066,756.0
us_cmp_002_20260326220017,us_cmp_002,Compras,2026-03-26,22,305,348.41,2.81,0.0,0.1934,857.0
us_cmp_002_20260327220159,us_cmp_002,Compras,2026-03-27,22,257,355.91,2.802,6.5,0.1907,720.0
us_cmp_002_20260328220119,us_cmp_002,Compras,2026-03-28,22,240,351.95,2.817,0.0,0.2458,676.0
us_cmp_002_20260329220307,us_cmp_002,Compras,2026-03-29,22,242,345.63,2.81,100.6,0.1901,680.0
us_cmp_002_20260330221324,us_cmp_002,Compras,2026-03-30,22,166,285.58,2.795,1392.5,0.2289,464.0
us_cmp_002_20260331032932,us_cmp_002,Compras,2026-03-31,3,32,22.75,2.781,0.0,0.25,89.0
us_cmp_002_20260331220422,us_cmp_002,Compras,2026-03-31,22,305,351.64,2.78,0.0,0.1836,848.0
us_cmp_002_20260401220725,us_cmp_002,Compras,2026-04-01,22,206,346.34,2.83,0.0,0.2573,583.0
us_vta_001_20260101160205,us_vta_001,Ventas,2026-01-01,16,132,477.91,3.0,1749.8,0.3182,396.0
us_vta_001_20260102160251,us_vta_001,Ventas,2026-01-02,16,81,475.31,3.0,0.0,0.358,243.0
us_vta_001_20260103160349,us_vta_001,Ventas,2026-01-03,16,107,467.07,3.0,395.5,0.4112,321.0
us_vta_001_20260104160455,us_vta_001,Ventas,2026-01-04,16,103,466.94,3.0,197.3,0.2816,309.0
us_vta_001_20260105160405,us_vta_001,Ventas,2026-01-05,16,104,475.71,3.0,0.0,0.3942,312.0
us_vta_001_20260106160021,us_vta_001,Ventas,2026-01-06,16,10,33.37,3.0,0.0,0.1,30.0
us_vta_001_20260106171215,us_vta_001,Ventas,2026-01-06,17,93,407.12,3.0,0.0,0.3441,279.0
us_vta_001_20260107161713,us_vta_001,Ventas,2026-01-07,16,104,460.76,3.0,0.0,0.2981,312.0
us_vta_001_20260108160529,us_vta_001,Ventas,2026-01-08,16,122,469.66,3.0,0.0,0.377,366.0
us_vta_001_20260109160037,us_vta_001,Ventas,2026-01-09,16,122,476.02,3.0,0.0,0.2869,366.0
us_vta_001_20260110160133,us_vta_001,Ventas,2026-01-10,16,101,476.53,3.0,1292.8,0.3861,303.0
us_vta_001_20260111161150,us_vta_001,Ventas,2026-01-11,16,91,466.46,3.0,28.0,0.3407,273.0
us_vta_001_20260112160407,us_vta_001,Ventas,2026-01-12,16,24,98.65,3.0,1296.7,0.2917,72.0
us_vta_001_20260112181928,us_vta_001,Ventas,2026-01-12,18,91,334.99,3.0,635.5,0.3626,273.0
us_vta_001_20260113160009,us_vta_001,Ventas,2026-01-13,16,114,476.93,3.0,94.6,0.307,342.0
us_vta_001_20260114160007,us_vta_001,Ventas,2026-01-14,16,98,476.36,3.0,0.0,0.4184,294.0
us_vta_001_20260115160153,us_vta_001,Ventas,2026-01-15,16,100,472.09,3.0,678.2,0.31,300.0
us_vta_001_20260116161344,us_vta_001,Ventas,2026-01-16,16,97,463.3,3.0,0.0,0.299,291.0
us_vta_001_20260117160102,us_vta_001,Ventas,2026-01-17,16,114,476.39,3.0,0.0,0.307,342.0
us_vta_001_20260118160058,us_vta_001,Ventas,2026-01-18,16,113,478.79,3.0,704.5,0.3894,339.0
us_vta_001_20260119160349,us_vta_001,Ventas,2026-01-19,16,117,475.19,3.0,0.0,0.3248,351.0
us_vta_001_20260120160107,us_vta_001,Ventas,2026-01-20,16,106,478.22,3.0,939.3,0.3491,318.0
us_vta_001_20260121161149,us_vta_001,Ventas,2026-01-21,16,66,339.87,3.0,1004.3,0.3788,198.0
us_vta_001_20260121222323,us_vta_001,Ventas,2026-01-21,22,20,82.51,3.0,0.0,0.5,60.0
us_vta_001_20260122160015,us_vta_001,Ventas,2026-01-22,16,66,283.51,3.0,0.0,0.3636,198.0
us_vta_001_20260122211754,us_vta_001,Ventas,2026-01-22,21,42,153.76,3.0,0.0,0.2857,126.0
us_vta_001_20260123160015,us_vta_001,Ventas,2026-01-23,16,120,476.47,3.0,0.0,0.325,360.0
us_vta_001_20260124160200,us_vta_001,Ventas,2026-01-24,16,112,471.7,3.0,0.0,0.3929,336.0
us_vta_001_20260125160115,us_vta_001,Ventas,2026-01-25,16,111,475.32,3.0,5.1,0.4054,333.0
us_vta_001_20260126160720,us_vta_001,Ventas,2026-01-26,16,114,471.88,3.0,0.0,0.3158,342.0
us_vta_001_20260127160028,us_vta_001,Ventas,2026-01-27,16,99,468.58,3.0,154.5,0.3737,297.0
us_vta_001_20260128160831,us_vta_001,Ventas,2026-01-28,16,125,468.33,3.0,20.1,0.32,375.0
us_vta_001_20260129160347,us_vta_001,Ventas,2026-01-29,16,129,475.13,3.0,603.3,0.3798,387.0
us_vta_001_20260130160748,us_vta_001,Ventas,2026-01-30,16,121,469.78,3.0,30.8,0.4298,363.0
us_vta_001_20260131160106,us_vta_001,Ventas,2026-01-31,16,134,476.13,3.0,257.2,0.3582,402.0
us_vta_001_20260201160223,us_vta_001,Ventas,2026-02-01,16,104,476.04,3.0,0.0,0.3846,312.0
us_vta_001_20260202160032,us_vta_001,Ventas,2026-02-02,16,109,478.53,3.0,166.8,0.3394,327.0
us_vta_001_20260203160040,us_vta_001,Ventas,2026-02-03,16,111,478.82,3.0,0.0,0.3694,333.0
us_vta_001_20260204160418,us_vta_001,Ventas,2026-02-04,16,121,474.74,3.0,0.0,0.4298,363.0
us_vta_001_20260205160236,us_vta_001,Ventas,2026-02-05,16,138,472.27,2.993,35.3,0.3768,413.0
us_vta_001_20260206160019,us_vta_001,Ventas,2026-02-06,16,119,475.78,3.0,111.1,0.3277,357.0
us_vta_001_20260207160500,us_vta_001,Ventas,2026-02-07,16,48,218.5,3.0,0.0,0.4375,144.0
us_vta_001_20260207202927,us_vta_001,Ventas,2026-02-07,20,52,210.37,3.0,1334.3,0.2692,156.0
us_vta_001_20260208161632,us_vta_001,Ventas,2026-02-08,16,93,456.94,3.0,60.3,0.4301,279.0
us_vta_001_20260209160134,us_vta_001,Ventas,2026-02-09,16,109,477.59,3.0,0.0,0.3211,327.0
us_vta_001_20260210160423,us_vta_001,Ventas,2026-02-10,16,114,457.02,3.0,538.2,0.307,342.0
us_vta_001_20260211161527,us_vta_001,Ventas,2026-02-11,16,73,366.36,3.0,231.0,0.3288,219.0
us_vta_001_20260211225514,us_vta_001,Ventas,2026-02-11,22,17,62.57,3.0,1587.2,0.1176,51.0
us_vta_001_20260212160150,us_vta_001,Ventas,2026-02-12,16,116,476.97,3.0,0.0,0.4224,348.0
us_vta_001_20260213160233,us_vta_001,Ventas,2026-02-13,16,122,475.14,3.0,0.0,0.3197,366.0
us_vta_001_20260214160824,us_vta_001,Ventas,2026-02-14,16,120,470.59,3.0,0.0,0.3833,360.0
us_vta_001_20260215160128,us_vta_001,Ventas,2026-02-15,16,110,474.59,3.0,560.2,0.4273,330.0
us_vta_001_20260216160156,us_vta_001,Ventas,2026-02-16,16,115,471.07,3.0,0.0,0.4696,345.0
us_vta_001_20260217160202,us_vta_001,Ventas,2026-02-17,16,115,472.59,3.0,0.0,0.3652,345.0
us_vta_001_20260218160404,us_vta_001,Ventas,2026-02-18,16,110,473.15,3.0,0.0,0.2909,330.0
us_vta_001_20260219160055,us_vta_001,Ventas,2026-02-19,16,109,477.59,3.0,372.8,0.367,327.0
us_vta_001_20260220162142,us_vta_001,Ventas,2026-02-20,16,101,439.79,3.0,200.1,0.3564,303.0
us_vta_001_20260221160848,us_vta_001,Ventas,2026-02-21,16,100,466.15,3.0,0.0,0.31,300.0
us_vta_001_20260222160528,us_vta_001,Ventas,2026-02-22,16,107,445.73,3.0,364.4,0.3551,321.0
us_vta_001_20260223161457,us_vta_001,Ventas,2026-02-23,16,101,464.07,3.0,217.3,0.4356,303.0
us_vta_001_20260224160523,us_vta_001,Ventas,2026-02-24,16,99,466.3,3.0,0.0,0.3535,297.0
us_vta_001_20260225160132,us_vta_001,Ventas,2026-02-25,16,117,477.71,3.0,168.8,0.4444,351.0
us_vta_001_20260226160359,us_vta_001,Ventas,2026-02-26,16,98,473.58,3.0,0.0,0.3061,294.0
us_vta_001_20260227160450,us_vta_001,Ventas,2026-02-27,16,105,462.45,3.0,106.2,0.3333,315.0
us_vta_001_20260228160227,us_vta_001,Ventas,2026-02-28,16,85,314.08,3.0,1123.5,0.4706,255.0
us_vta_001_20260228214845,us_vta_001,Ventas,2026-02-28,21,33,129.34,3.0,0.0,0.3333,99.0
us_vta_001_20260301161157,us_vta_001,Ventas,2026-03-01,16,100,463.91,3.0,588.1,0.46,300.0
us_vta_001_20260302160107,us_vta_001,Ventas,2026-03-02,16,146,476.43,3.0,1220.5,0.3562,438.0
us_vta_001_20260303160326,us_vta_001,Ventas,2026-03-03,16,104,474.81,3.0,195.0,0.4038,312.0
us_vta_001_20260304160507,us_vta_001,Ventas,2026-03-04,16,117,474.11,3.0,147.4,0.3162,351.0
us_vta_001_20260305160657,us_vta_001,Ventas,2026-03-05,16,109,471.06,3.0,273.2,0.3394,327.0
us_vta_001_20260306160030,us_vta_001,Ventas,2026-03-06,16,122,474.74,3.0,0.0,0.3689,366.0
us_vta_001_20260307160427,us_vta_001,Ventas,2026-03-07,16,118,471.89,3.0,0.0,0.3644,354.0
us_vta_001_20260308161116,us_vta_001,Ventas,2026-03-08,16,93,468.19,3.0,189.6,0.3333,279.0
us_vta_001_20260309160255,us_vta_001,Ventas,2026-03-09,16,101,468.44,3.0,0.0,0.396,303.0
us_vta_001_20260310160605,us_vta_001,Ventas,2026-03-10,16,102,467.2,3.0,0.0,0.4314,306.0
us_vta_001_20260311160241,us_vta_001,Ventas,2026-03-11,16,113,474.48,3.0,0.0,0.3982,339.0
us_vta_001_20260312160214,us_vta_001,Ventas,2026-03-12,16,11,36.21,3.0,0.0,0.3636,33.0
us_vta_001_20260312171153,us_vta_001,Ventas,2026-03-12,17,92,406.23,3.0,0.0,0.4239,276.0
us_vta_001_20260313160135,us_vta_001,Ventas,2026-03-13,16,117,476.96,3.0,0.0,0.3504,351.0
us_vta_001_20260314160149,us_vta_001,Ventas,2026-03-14,16,95,475.28,3.0,19.5,0.4211,285.0
us_vta_001_20260315160800,us_vta_001,Ventas,2026-03-15,16,108,468.42,3.0,0.0,0.3796,324.0
us_vta_001_20260316160742,us_vta_001,Ventas,2026-03-16,16,113,469.13,3.0,776.2,0.3097,339.0
us_vta_001_20260317160848,us_vta_001,Ventas,2026-03-17,16,113,470.06,3.0,1016.5,0.3717,339.0
us_vta_001_20260318160043,us_vta_001,Ventas,2026-03-18,16,115,475.02,3.0,794.5,0.3043,345.0
us_vta_001_20260319160258,us_vta_001,Ventas,2026-03-19,16,110,475.0,3.0,0.0,0.4,330.0
us_vta_001_20260320160456,us_vta_001,Ventas,2026-03-20,16,111,472.48,3.0,0.0,0.4144,333.0
us_vta_001_20260321160216,us_vta_001,Ventas,2026-03-21,16,121,476.09,3.0,72.1,0.3471,363.0
us_vta_001_20260322160611,us_vta_001,Ventas,2026-03-22,16,103,468.08,3.0,423.7,0.3981,309.0
us_vta_001_20260323160721,us_vta_001,Ventas,2026-03-23,16,106,463.65,3.0,226.1,0.3585,318.0
us_vta_001_20260324160721,us_vta_001,Ventas,2026-03-24,16,108,471.27,3.0,625.7,0.4444,324.0
us_vta_001_20260325160843,us_vta_001,Ventas,2026-03-25,16,124,463.1,3.0,0.0,0.3952,372.0
us_vta_001_20260326160028,us_vta_001,Ventas,2026-03-26,16,113,479.28,3.0,1095.2,0.3982,339.0
us_vta_001_20260327160050,us_vta_001,Ventas,2026-03-27,16,107,475.72,3.0,748.0,0.4206,321.0
us_vta_001_20260328160030,us_vta_001,Ventas,2026-03-28,16,119,475.9,3.0,0.0,0.3361,357.0
us_vta_001_20260329161117,us_vta_001,Ventas,2026-03-29,16,81,460.3,3.0,3.6,0.2963,243.0
us_vta_001_20260330160114,us_vta_001,Ventas,2026-03-30,16,90,473.84,3.0,0.0,0.3778,270.0
us_vta_001_20260331160345,us_vta_001,Ventas,2026-03-31,16,16,71.98,3.0,437.5,0.1875,48.0
us_vta_001_20260331175123,us_vta_001,Ventas,2026-03-31,17,74,359.48,3.0,1125.6,0.4189,222.0
us_vta_001_20260401160127,us_vta_001,Ventas,2026-04-01,16,127,476.9,3.0,0.0,0.3386,381.0
us_vta_002_20260101180640,us_vta_002,Ventas,2026-01-01,18,203,459.28,3.0,0.0,0.3695,609.0
us_vta_002_20260102183458,us_vta_002,Ventas,2026-01-02,18,54,64.53,3.0,0.0,0.2963,162.0
us_vta_002_20260102200946,us_vta_002,Ventas,2026-01-02,20,94,190.7,3.0,0.0,0.3511,282.0
us_vta_002_20260103000706,us_vta_002,Ventas,2026-01-03,0,20,74.69,3.0,3.5,0.35,60.0
us_vta_002_20260103015223,us_vta_002,Ventas,2026-01-03,1,11,6.67,3.0,4.9,0.3636,33.0
us_vta_002_20260103183618,us_vta_002,Ventas,2026-01-03,18,192,437.73,3.0,5.1,0.3021,576.0
us_vta_002_20260104181101,us_vta_002,Ventas,2026-01-04,18,94,262.17,3.0,23.0,0.3936,282.0
us_vta_002_20260104233046,us_vta_002,Ventas,2026-01-04,23,58,147.59,3.0,3.3,0.3448,174.0
us_vta_002_20260105180523,us_vta_002,Ventas,2026-01-05,18,65,169.26,3.0,0.0,0.3538,195.0
us_vta_002_20260105213011,us_vta_002,Ventas,2026-01-05,21,157,250.41,3.0,0.0,0.3439,471.0
us_vta_002_20260106180638,us_vta_002,Ventas,2026-01-06,18,88,165.8,3.0,0.0,0.3068,264.0
us_vta_002_20260106213158,us_vta_002,Ventas,2026-01-06,21,132,245.44,3.0,0.0,0.4167,396.0
us_vta_002_20260107182351,us_vta_002,Ventas,2026-01-07,18,193,389.31,3.0,0.0,0.3472,579.0
us_vta_002_20260108013104,us_vta_002,Ventas,2026-01-08,1,14,20.57,3.0,0.0,0.3571,42.0
us_vta_002_20260108180619,us_vta_002,Ventas,2026-01-08,18,24,40.66,3.0,0.0,0.2917,72.0
us_vta_002_20260108194127,us_vta_002,Ventas,2026-01-08,19,96,141.44,3.0,0.0,0.2812,288.0
us_vta_002_20260108224057,us_vta_002,Ventas,2026-01-08,22,19,61.95,3.0,0.0,0.2632,57.0
us_vta_002_20260109001916,us_vta_002,Ventas,2026-01-09,0,5,14.54,3.0,5.9,0.2,15.0
us_vta_002_20260109010935,us_vta_002,Ventas,2026-01-09,1,5,1.45,3.0,0.0,0.2,15.0
us_vta_002_20260109014523,us_vta_002,Ventas,2026-01-09,1,13,9.63,3.0,0.0,0.6154,39.0
us_vta_002_20260109180054,us_vta_002,Ventas,2026-01-09,18,58,146.93,3.0,0.0,0.3793,174.0
us_vta_002_20260109211308,us_vta_002,Ventas,2026-01-09,21,122,253.25,3.0,0.0,0.3279,366.0
us_vta_002_20260110180742,us_vta_002,Ventas,2026-01-10,18,113,243.69,3.0,0.0,0.3274,339.0
us_vta_002_20260110224812,us_vta_002,Ventas,2026-01-10,22,71,149.92,3.0,0.0,0.3099,213.0
us_vta_002_20260111015101,us_vta_002,Ventas,2026-01-11,1,8,7.47,3.0,3.1,0.5,24.0
us_vta_002_20260111181014,us_vta_002,Ventas,2026-01-11,18,209,466.38,3.0,4.1,0.3732,627.0
us_vta_002_20260112180757,us_vta_002,Ventas,2026-01-12,18,233,466.27,3.0,0.0,0.3047,699.0
us_vta_002_20260113180044,us_vta_002,Ventas,2026-01-13,18,29,36.3,3.0,0.0,0.2069,87.0
us_vta_002_20260113191241,us_vta_002,Ventas,2026-01-13,19,118,216.62,3.0,0.0,0.3305,354.0
us_vta_002_20260113232300,us_vta_002,Ventas,2026-01-13,23,65,146.7,3.0,11.0,0.2923,195.0
us_vta_002_20260114180252,us_vta_002,Ventas,2026-01-14,18,241,476.44,3.0,3.6,0.3568,723.0
us_vta_002_20260115181621,us_vta_002,Ventas,2026-01-15,18,73,130.7,3.0,0.0,0.3973,219.0
us_vta_002_20260115211016,us_vta_002,Ventas,2026-01-15,21,132,288.9,3.0,0.0,0.3485,396.0
us_vta_002_20260116181554,us_vta_002,Ventas,2026-01-16,18,228,401.01,3.0,0.0,0.3333,684.0
us_vta_002_20260117012834,us_vta_002,Ventas,2026-01-17,1,11,23.28,3.0,0.0,0.2727,33.0
us_vta_002_20260117180746,us_vta_002,Ventas,2026-01-17,18,48,103.2,3.0,0.0,0.2292,144.0
us_vta_002_20260117202421,us_vta_002,Ventas,2026-01-17,20,149,257.2,3.0,0.0,0.3826,447.0
us_vta_002_20260118013101,us_vta_002,Ventas,2026-01-18,1,14,15.38,3.0,0.0,0.3571,42.0
us_vta_002_20260118180202,us_vta_002,Ventas,2026-01-18,18,40,60.15,3.0,6.6,0.375,120.0
us_vta_002_20260118194622,us_vta_002,Ventas,2026-01-18,19,63,146.35,3.0,10.9,0.381,189.0
us_vta_002_20260118224415,us_vta_002,Ventas,2026-01-18,22,89,188.36,3.0,8.9,0.3034,267.0
us_vta_002_20260119180401,us_vta_002,Ventas,2026-01-19,18,28,41.03,3.0,0.0,0.3571,84.0
us_vta_002_20260119192146,us_vta_002,Ventas,2026-01-19,19,29,65.73,3.0,582.9,0.4138,87.0
us_vta_002_20260119210859,us_vta_002,Ventas,2026-01-19,21,124,290.32,3.0,0.0,0.371,372.0
us_vta_002_20260120180509,us_vta_002,Ventas,2026-01-20,18,23,33.41,3.0,11.2,0.3043,69.0
us_vta_002_20260120191418,us_vta_002,Ventas,2026-01-20,19,109,292.19,3.0,4.0,0.422,327.0
us_vta_002_20260121003944,us_vta_002,Ventas,2026-01-21,0,22,75.78,3.0,4.7,0.4091,66.0
us_vta_002_20260121181724,us_vta_002,Ventas,2026-01-21,18,239,456.33,3.0,5.7,0.4017,717.0
us_vta_002_20260122180659,us_vta_002,Ventas,2026-01-22,18,57,107.0,3.0,0.0,0.2982,171.0
us_vta_002_20260122202413,us_vta_002,Ventas,2026-01-22,20,33,65.04,3.0,0.0,0.4545,99.0
us_vta_002_20260122220102,us_vta_002,Ventas,2026-01-22,22,17,15.59,3.0,3.9,0.1176,51.0
us_vta_002_20260122225226,us_vta_002,Ventas,2026-01-22,22,8,9.76,3.0,0.0,0.25,24.0
us_vta_002_20260122234235,us_vta_002,Ventas,2026-01-22,23,53,126.96,3.0,0.0,0.2264,159.0
us_vta_002_20260123180717,us_vta_002,Ventas,2026-01-23,18,22,47.36,3.0,0.0,0.4091,66.0
us_vta_002_20260123193513,us_vta_002,Ventas,2026-01-23,19,121,261.24,3.0,0.0,0.3471,363.0
us_vta_002_20260124003319,us_vta_002,Ventas,2026-01-24,0,18,85.14,3.0,212.1,0.5,54.0
us_vta_002_20260124180250,us_vta_002,Ventas,2026-01-24,18,245,471.34,3.0,0.0,0.3469,735.0
us_vta_002_20260125180015,us_vta_002,Ventas,2026-01-25,18,98,184.2,3.0,0.0,0.3878,294.0
us_vta_002_20260125215038,us_vta_002,Ventas,2026-01-25,21,72,228.24,3.0,0.0,0.3333,216.0
us_vta_002_20260126180227,us_vta_002,Ventas,2026-01-26,18,30,34.94,3.0,8.3,0.5,90.0
us_vta_002_20260126191355,us_vta_002,Ventas,2026-01-26,19,39,57.36,3.0,0.0,0.3333,117.0
us_vta_002_20260126204205,us_vta_002,Ventas,2026-01-26,20,141,312.32,3.0,0.0,0.4043,423.0
us_vta_002_20260127181035,us_vta_002,Ventas,2026-01-27,18,58,118.41,3.0,4.2,0.3793,174.0
us_vta_002_20260127205519,us_vta_002,Ventas,2026-01-27,20,11,24.41,3.0,0.0,0.1818,33.0
us_vta_002_20260127215041,us_vta_002,Ventas,2026-01-27,21,129,237.51,3.0,0.0,0.3333,387.0
us_vta_002_20260128180003,us_vta_002,Ventas,2026-01-28,18,213,389.73,3.0,0.0,0.3568,639.0
us_vta_002_20260129010200,us_vta_002,Ventas,2026-01-29,1,14,38.3,3.0,0.0,0.3571,42.0
us_vta_002_20260129180722,us_vta_002,Ventas,2026-01-29,18,56,105.23,3.0,0.0,0.3929,168.0
us_vta_002_20260129202347,us_vta_002,Ventas,2026-01-29,20,54,66.64,3.0,0.0,0.3889,162.0
us_vta_002_20260129220338,us_vta_002,Ventas,2026-01-29,22,39,64.35,3.0,0.0,0.3846,117.0
us_vta_002_20260129233836,us_vta_002,Ventas,2026-01-29,23,113,135.96,3.0,0.0,0.3363,339.0
us_vta_002_20260130180230,us_vta_002,Ventas,2026-01-30,18,102,179.51,3.0,0.0,0.3824,306.0
us_vta_002_20260130214349,us_vta_002,Ventas,2026-01-30,21,74,163.2,3.0,0.0,0.3649,222.0
us_vta_002_20260131005805,us_vta_002,Ventas,2026-01-31,0,33,44.18,3.0,0.0,0.3636,99.0
us_vta_002_20260131180114,us_vta_002,Ventas,2026-01-31,18,92,213.2,3.0,0.0,0.3261,276.0
us_vta_002_20260131220552,us_vta_002,Ventas,2026-01-31,22,41,66.17,3.0,0.0,0.3415,123.0
us_vta_002_20260131234255,us_vta_002,Ventas,2026-01-31,23,24,53.41,3.0,3.4,0.2917,72.0
us_vta_002_20260201010739,us_vta_002,Ventas,2026-02-01,1,19,48.74,3.0,5.0,0.3158,57.0
us_vta_002_20260201184021,us_vta_002,Ventas,2026-02-01,18,96,158.73,3.0,3.4,0.2812,288.0
us_vta_002_20260201221102,us_vta_002,Ventas,2026-02-01,22,93,224.34,3.0,0.0,0.4086,279.0
us_vta_002_20260202180501,us_vta_002,Ventas,2026-02-02,18,14,31.06,3.0,6.2,0.5714,42.0
us_vta_002_20260202194124,us_vta_002,Ventas,2026-02-02,19,136,287.49,3.0,0.0,0.3162,408.0
us_vta_002_20260203011320,us_vta_002,Ventas,2026-02-03,1,14,21.98,3.0,0.0,0.4286,42.0
us_vta_002_20260203180243,us_vta_002,Ventas,2026-02-03,18,116,283.66,3.0,0.0,0.3534,348.0
us_vta_002_20260203231709,us_vta_002,Ventas,2026-02-03,23,25,22.2,3.0,0.0,0.16,75.0
us_vta_002_20260204001357,us_vta_002,Ventas,2026-02-04,0,50,100.38,3.0,0.0,0.28,150.0
us_vta_002_20260204180819,us_vta_002,Ventas,2026-02-04,18,7,0.39,3.0,3.4,0.1429,21.0
us_vta_002_20260204184427,us_vta_002,Ventas,2026-02-04,18,20,40.03,3.0,0.0,0.25,60.0
us_vta_002_20260204201034,us_vta_002,Ventas,2026-02-04,20,71,149.69,3.0,0.0,0.3944,213.0
us_vta_002_20260204231107,us_vta_002,Ventas,2026-02-04,23,3,0.19,3.0,6.1,0.3333,9.0
us_vta_002_20260204235207,us_vta_002,Ventas,2026-02-04,23,43,109.23,3.0,6.5,0.3256,129.0
us_vta_002_20260205181057,us_vta_002,Ventas,2026-02-05,18,66,70.33,3.0,0.0,0.2727,198.0
us_vta_002_20260205201419,us_vta_002,Ventas,2026-02-05,20,142,338.47,3.0,0.0,0.3169,426.0
us_vta_002_20260206180333,us_vta_002,Ventas,2026-02-06,18,201,460.45,3.0,0.0,0.3483,603.0
us_vta_002_20260207180321,us_vta_002,Ventas,2026-02-07,18,151,295.22,3.0,0.0,0.3709,453.0
us_vta_002_20260207234221,us_vta_002,Ventas,2026-02-07,23,41,71.96,3.0,0.0,0.3415,123.0
us_vta_002_20260208012926,us_vta_002,Ventas,2026-02-08,1,17,23.84,3.0,0.0,0.4118,51.0
us_vta_002_20260208180728,us_vta_002,Ventas,2026-02-08,18,54,94.77,3.0,0.0,0.2963,162.0
us_vta_002_20260208202024,us_vta_002,Ventas,2026-02-08,20,25,95.06,3.0,0.0,0.48,75.0
us_vta_002_20260208222715,us_vta_002,Ventas,2026-02-08,22,119,201.93,3.0,13.8,0.3445,357.0
us_vta_002_20260209180258,us_vta_002,Ventas,2026-02-09,18,100,229.36,3.0,0.0,0.42,300.0
us_vta_002_20260209222551,us_vta_002,Ventas,2026-02-09,22,66,117.57,3.0,0.0,0.2879,198.0
us_vta_002_20260210011540,us_vta_002,Ventas,2026-02-10,1,22,41.46,3.0,12.0,0.2273,66.0
us_vta_002_20260210180037,us_vta_002,Ventas,2026-02-10,18,221,477.16,3.0,0.0,0.3213,663.0
us_vta_002_20260211180056,us_vta_002,Ventas,2026-02-11,18,74,173.02,3.0,0.0,0.3378,222.0
us_vta_002_20260211212632,us_vta_002,Ventas,2026-02-11,21,24,28.79,3.0,4.5,0.2083,72.0
us_vta_002_20260211222525,us_vta_002,Ventas,2026-02-11,22,80,153.15,3.0,0.0,0.3625,240.0
us_vta_002_20260212013136,us_vta_002,Ventas,2026-02-12,1,13,24.06,3.0,0.0,0.3846,39.0
us_vta_002_20260212180008,us_vta_002,Ventas,2026-02-12,18,173,422.2,3.0,0.0,0.3295,519.0
us_vta_002_20260213014009,us_vta_002,Ventas,2026-02-13,1,14,3.33,3.0,0.0,0.3571,42.0
us_vta_002_20260213180026,us_vta_002,Ventas,2026-02-13,18,214,479.65,3.0,38.1,0.3411,642.0
us_vta_002_20260214180513,us_vta_002,Ventas,2026-02-14,18,82,163.36,3.0,0.0,0.2683,246.0
us_vta_002_20260214214625,us_vta_002,Ventas,2026-02-14,21,101,253.37,3.0,0.0,0.3168,303.0
us_vta_002_20260215184542,us_vta_002,Ventas,2026-02-15,18,134,220.87,3.0,4.2,0.2687,402.0
us_vta_002_20260215230236,us_vta_002,Ventas,2026-02-15,23,79,170.43,3.0,0.0,0.3038,237.0
us_vta_002_20260216182741,us_vta_002,Ventas,2026-02-16,18,27,67.66,3.0,0.0,0.3704,81.0
us_vta_002_20260216200750,us_vta_002,Ventas,2026-02-16,20,100,261.6,3.0,4.5,0.27,300.0
us_vta_002_20260217011026,us_vta_002,Ventas,2026-02-17,1,19,37.98,3.0,0.0,0.4211,57.0
us_vta_002_20260217180342,us_vta_002,Ventas,2026-02-17,18,105,187.85,3.0,0.0,0.381,315.0
us_vta_002_20260217214915,us_vta_002,Ventas,2026-02-17,21,107,250.8,3.0,0.0,0.4112,321.0
us_vta_002_20260218180915,us_vta_002,Ventas,2026-02-18,18,10,2.2,3.0,0.0,0.3,30.0
us_vta_002_20260218190132,us_vta_002,Ventas,2026-02-18,19,24,52.97,3.0,0.0,0.2083,72.0
us_vta_002_20260218203746,us_vta_002,Ventas,2026-02-18,20,36,32.23,3.0,10.9,0.25,108.0
us_vta_002_20260218221616,us_vta_002,Ventas,2026-02-18,22,129,218.9,3.0,0.0,0.4186,387.0
us_vta_002_20260219180203,us_vta_002,Ventas,2026-02-19,18,88,189.81,3.0,0.0,0.3295,264.0
us_vta_002_20260219214726,us_vta_002,Ventas,2026-02-19,21,167,250.4,3.0,0.0,0.2814,501.0
us_vta_002_20260220180044,us_vta_002,Ventas,2026-02-20,18,23,25.46,3.0,0.0,0.3478,69.0
us_vta_002_20260220190429,us_vta_002,Ventas,2026-02-20,19,34,40.02,3.0,18.0,0.4118,102.0
us_vta_002_20260220203020,us_vta_002,Ventas,2026-02-20,20,103,233.76,3.0,0.0,0.3592,309.0
us_vta_002_20260221005530,us_vta_002,Ventas,2026-02-21,0,30,56.88,3.0,0.0,0.3,90.0
us_vta_002_20260221180525,us_vta_002,Ventas,2026-02-21,18,12,5.15,3.0,0.0,0.5,36.0
us_vta_002_20260221185115,us_vta_002,Ventas,2026-02-21,18,24,71.23,3.0,0.0,0.3333,72.0
us_vta_002_20260221203936,us_vta_002,Ventas,2026-02-21,20,118,256.03,3.0,0.0,0.3814,354.0
us_vta_002_20260222012957,us_vta_002,Ventas,2026-02-22,1,10,19.7,3.0,0.0,0.3,30.0
us_vta_002_20260222180051,us_vta_002,Ventas,2026-02-22,18,6,7.26,3.0,428.5,0.1667,18.0
us_vta_002_20260222183938,us_vta_002,Ventas,2026-02-22,18,24,48.12,3.0,0.0,0.25,72.0
us_vta_002_20260222201343,us_vta_002,Ventas,2026-02-22,20,133,267.36,3.0,3.6,0.4135,399.0
us_vta_002_20260223012852,us_vta_002,Ventas,2026-02-23,1,16,20.58,3.0,5.1,0.1875,48.0
us_vta_002_20260223180357,us_vta_002,Ventas,2026-02-23,18,151,361.68,3.0,0.0,0.4371,453.0
us_vta_002_20260224003730,us_vta_002,Ventas,2026-02-24,0,31,67.3,3.0,5.5,0.3226,93.0
us_vta_002_20260224180855,us_vta_002,Ventas,2026-02-24,18,169,265.89,3.0,0.0,0.3195,507.0
us_vta_002_20260224231131,us_vta_002,Ventas,2026-02-24,23,100,168.22,3.0,0.0,0.26,300.0
us_vta_002_20260225181038,us_vta_002,Ventas,2026-02-25,18,185,452.82,3.0,0.0,0.2973,555.0
us_vta_002_20260226180325,us_vta_002,Ventas,2026-02-26,18,224,473.73,3.0,0.0,0.3527,672.0
us_vta_002_20260227181053,us_vta_002,Ventas,2026-02-27,18,17,8.43,3.0,0.0,0.2353,51.0
us_vta_002_20260227185659,us_vta_002,Ventas,2026-02-27,18,13,12.36,3.0,13.6,0.3846,39.0
us_vta_002_20260227194937,us_vta_002,Ventas,2026-02-27,19,65,87.26,3.0,0.0,0.2769,195.0
us_vta_002_20260227220229,us_vta_002,Ventas,2026-02-27,22,71,146.31,3.0,0.0,0.3239,213.0
us_vta_002_20260228005911,us_vta_002,Ventas,2026-02-28,0,39,59.41,3.0,4.7,0.3077,117.0
us_vta_002_20260228181159,us_vta_002,Ventas,2026-02-28,18,158,295.8,3.0,0.0,0.3481,474.0
us_vta_002_20260228233818,us_vta_002,Ventas,2026-02-28,23,63,137.87,3.0,0.0,0.381,189.0
us_vta_002_20260301180342,us_vta_002,Ventas,2026-03-01,18,83,149.54,3.0,0.0,0.3373,249.0
us_vta_002_20260301210843,us_vta_002,Ventas,2026-03-01,21,125,283.54,3.0,0.0,0.312,375.0
us_vta_002_20260302182534,us_vta_002,Ventas,2026-03-02,18,93,247.15,3.0,3.5,0.3548,279.0
us_vta_002_20260302230941,us_vta_002,Ventas,2026-03-02,23,66,164.91,3.0,0.0,0.3788,198.0
us_vta_002_20260303180607,us_vta_002,Ventas,2026-03-03,18,138,314.63,3.0,0.0,0.2971,414.0
us_vta_002_20260304001810,us_vta_002,Ventas,2026-03-04,0,53,89.92,3.0,0.0,0.4528,159.0
us_vta_002_20260304180011,us_vta_002,Ventas,2026-03-04,18,149,355.9,3.0,10.6,0.3758,447.0
us_vta_002_20260305003228,us_vta_002,Ventas,2026-03-05,0,42,62.39,3.0,0.0,0.381,126.0
us_vta_002_20260305180705,us_vta_002,Ventas,2026-03-05,18,79,205.77,3.0,0.0,0.4684,237.0
us_vta_002_20260305220617,us_vta_002,Ventas,2026-03-05,22,136,227.66,3.0,10.1,0.375,408.0
us_vta_002_20260306180038,us_vta_002,Ventas,2026-03-06,18,15,19.49,3.0,509.5,0.2667,45.0
us_vta_002_20260306191109,us_vta_002,Ventas,2026-03-06,19,47,91.34,3.0,0.0,0.3617,141.0
us_vta_002_20260306214549,us_vta_002,Ventas,2026-03-06,21,143,251.81,3.0,14.3,0.3986,429.0
us_vta_002_20260307180554,us_vta_002,Ventas,2026-03-07,18,122,277.2,3.0,3.3,0.2705,366.0
us_vta_002_20260307231519,us_vta_002,Ventas,2026-03-07,23,34,91.89,3.0,0.0,0.3529,102.0
us_vta_002_20260308014604,us_vta_002,Ventas,2026-03-08,1,10,13.32,3.0,0.0,0.2,30.0
us_vta_002_20260308180111,us_vta_002,Ventas,2026-03-08,18,181,469.35,3.0,3.8,0.3591,543.0
us_vta_002_20260309180329,us_vta_002,Ventas,2026-03-09,18,101,187.5,3.0,0.0,0.3366,303.0
us_vta_002_20260309214826,us_vta_002,Ventas,2026-03-09,21,112,237.12,3.0,0.0,0.3571,336.0
us_vta_002_20260310180249,us_vta_002,Ventas,2026-03-10,18,46,79.56,3.0,4.0,0.413,138.0
us_vta_002_20260310195436,us_vta_002,Ventas,2026-03-10,19,67,162.43,3.0,0.0,0.3881,201.0
us_vta_002_20260310230810,us_vta_002,Ventas,2026-03-10,23,74,137.25,3.0,0.0,0.4054,222.0
us_vta_002_20260311181108,us_vta_002,Ventas,2026-03-11,18,10,13.18,3.0,0.0,0.2,30.0
us_vta_002_20260311191017,us_vta_002,Ventas,2026-03-11,19,147,330.92,3.0,4.2,0.3946,441.0
us_vta_002_20260312013203,us_vta_002,Ventas,2026-03-12,1,23,21.43,3.0,0.0,0.3913,69.0
us_vta_002_20260312180115,us_vta_002,Ventas,2026-03-12,18,115,315.2,3.0,0.0,0.3913,345.0
us_vta_002_20260313000147,us_vta_002,Ventas,2026-03-13,0,13,19.74,3.0,15.7,0.4615,39.0
us_vta_002_20260313005645,us_vta_002,Ventas,2026-03-13,0,46,59.67,3.0,0.0,0.3043,138.0
us_vta_002_20260313180626,us_vta_002,Ventas,2026-03-13,18,74,135.15,3.0,0.0,0.2973,222.0
us_vta_002_20260313205136,us_vta_002,Ventas,2026-03-13,20,161,300.13,3.0,0.0,0.3354,483.0
us_vta_002_20260314180230,us_vta_002,Ventas,2026-03-14,18,7,23.85,3.0,0.0,0.1429,21.0
us_vta_002_20260314190527,us_vta_002,Ventas,2026-03-14,19,197,403.99,3.0,0.0,0.335,591.0
us_vta_002_20260315180221,us_vta_002,Ventas,2026-03-15,18,26,64.83,3.0,8.6,0.4615,78.0
us_vta_002_20260315194043,us_vta_002,Ventas,2026-03-15,19,135,288.71,3.0,3.6,0.3259,405.0
us_vta_002_20260316010108,us_vta_002,Ventas,2026-03-16,1,24,38.05,3.0,0.0,0.2917,72.0
us_vta_002_20260316181657,us_vta_002,Ventas,2026-03-16,18,97,173.95,3.0,4.2,0.3814,291.0
us_vta_002_20260316214238,us_vta_002,Ventas,2026-03-16,21,3,0.34,3.0,0.0,0.0,9.0
us_vta_002_20260316221816,us_vta_002,Ventas,2026-03-16,22,120,205.19,3.0,0.0,0.3833,360.0
us_vta_002_20260317180212,us_vta_002,Ventas,2026-03-17,18,53,113.88,3.0,3.3,0.283,159.0
us_vta_002_20260317202819,us_vta_002,Ventas,2026-03-17,20,187,327.82,3.0,7.3,0.3048,561.0
us_vta_002_20260318180407,us_vta_002,Ventas,2026-03-18,18,16,61.21,3.0,0.0,0.125,48.0
us_vta_002_20260318195245,us_vta_002,Ventas,2026-03-18,19,49,91.25,3.0,0.0,0.2857,147.0
us_vta_002_20260318215651,us_vta_002,Ventas,2026-03-18,21,86,219.91,3.0,0.0,0.3605,258.0
us_vta_002_20260319182812,us_vta_002,Ventas,2026-03-19,18,9,6.4,3.0,0.0,0.4444,27.0
us_vta_002_20260319192543,us_vta_002,Ventas,2026-03-19,19,142,185.48,3.0,3.9,0.338,426.0
us_vta_002_20260319230326,us_vta_002,Ventas,2026-03-19,23,5,0.32,3.0,0.0,0.4,15.0
us_vta_002_20260319233603,us_vta_002,Ventas,2026-03-19,23,47,62.33,3.0,0.0,0.2766,141.0
us_vta_002_20260320011621,us_vta_002,Ventas,2026-03-20,1,45,41.62,3.0,0.0,0.3333,135.0
us_vta_002_20260320180200,us_vta_002,Ventas,2026-03-20,18,73,187.93,3.0,0.0,0.274,219.0
us_vta_002_20260320214105,us_vta_002,Ventas,2026-03-20,21,86,111.18,3.0,0.0,0.407,258.0
us_vta_002_20260321000420,us_vta_002,Ventas,2026-03-21,0,18,20.13,3.0,13.3,0.3333,54.0
us_vta_002_20260321005502,us_vta_002,Ventas,2026-03-21,0,35,64.66,3.0,0.0,0.4286,105.0
us_vta_002_20260321182121,us_vta_002,Ventas,2026-03-21,18,123,258.33,3.0,0.0,0.3496,369.0
us_vta_002_20260321231214,us_vta_002,Ventas,2026-03-21,23,64,167.33,3.0,0.0,0.3125,192.0
us_vta_002_20260322180027,us_vta_002,Ventas,2026-03-22,18,126,307.08,3.0,0.0,0.373,378.0
us_vta_002_20260322234112,us_vta_002,Ventas,2026-03-22,23,13,17.85,3.0,0.0,0.3077,39.0
us_vta_002_20260323003840,us_vta_002,Ventas,2026-03-23,0,58,76.17,3.0,0.0,0.3621,174.0
us_vta_002_20260323180649,us_vta_002,Ventas,2026-03-23,18,19,43.63,3.0,0.0,0.4737,57.0
us_vta_002_20260323193218,us_vta_002,Ventas,2026-03-23,19,37,76.56,3.0,0.0,0.4054,111.0
us_vta_002_20260323214723,us_vta_002,Ventas,2026-03-23,21,102,246.95,3.0,11.6,0.2745,306.0
us_vta_002_20260324180018,us_vta_002,Ventas,2026-03-24,18,168,405.15,3.0,0.0,0.4286,504.0
us_vta_002_20260325012310,us_vta_002,Ventas,2026-03-25,1,28,32.12,3.0,4.3,0.3929,84.0
us_vta_002_20260325180950,us_vta_002,Ventas,2026-03-25,18,69,158.15,3.0,503.2,0.4203,207.0
us_vta_002_20260325213658,us_vta_002,Ventas,2026-03-25,21,110,242.72,3.0,9.2,0.3364,330.0
us_vta_002_20260326180030,us_vta_002,Ventas,2026-03-26,18,46,85.11,3.0,0.0,0.3913,138.0
us_vta_002_20260326195953,us_vta_002,Ventas,2026-03-26,19,191,356.64,3.0,0.0,0.3665,573.0
us_vta_002_20260327180155,us_vta_002,Ventas,2026-03-27,18,132,290.92,3.0,0.0,0.3409,396.0
us_vta_002_20260327233458,us_vta_002,Ventas,2026-03-27,23,64,129.81,3.0,3.6,0.3125,192.0
us_vta_002_20260328180105,us_vta_002,Ventas,2026-03-28,18,196,473.36,3.0,0.0,0.3418,588.0
us_vta_002_20260329180218,us_vta_002,Ventas,2026-03-29,18,14,26.54,3.0,0.0,0.5,42.0
us_vta_002_20260329190213,us_vta_002,Ventas,2026-03-29,19,32,85.59,3.0,4.7,0.4688,96.0
us_vta_002_20260329205832,us_vta_002,Ventas,2026-03-29,20,97,197.87,3.0,0.0,0.3918,291.0
us_vta_002_20260330011018,us_vta_002,Ventas,2026-03-30,1,26,21.96,3.0,5.9,0.2692,78.0
us_vta_002_20260330180858,us_vta_002,Ventas,2026-03-30,18,164,322.38,3.0,3.0,0.3598,492.0
us_vta_002_20260331000529,us_vta_002,Ventas,2026-03-31,0,47,101.19,3.0,0.0,0.3617,141.0
us_vta_002_20260331180645,us_vta_002,Ventas,2026-03-31,18,233,464.8,3.0,0.0,0.3391,699.0
us_vta_002_20260401180901,us_vta_002,Ventas,2026-04-01,18,78,190.22,3.0,0.0,0.4615,234.0
us_vta_002_20260401221324,us_vta_002,Ventas,2026-04-01,22,15,11.2,3.0,0.0,0.4667,45.0
us_vta_002_20260401231307,us_vta_002,Ventas,2026-04-01,23,73,157.23,3.0,0.0,0.4795,219.0
