session_id,user_id,role,fecha,hora_inicio,n_clics,duracion_min,M1_pre,M2_pre,M3_pre,costo_sesion_total,M1_post,M2_post,M3_post,delta_M1,delta_M2,delta_M3,red_M1_pct,red_M2_pct,red_M3_pct
bot_Administrador_a86b_20260501070940,bot_Administrador_a86b,Administrador,2026-05-01,7,30,65.52,2.767,302.0,0.0,83.0,2.471306503069104,251.5922090523151,0.0,0.29569349693089597,50.4077909476849,0.0,10.69,16.69,
bot_Administrador_a86b_20260501084937,bot_Administrador_a86b,Administrador,2026-05-01,8,5,28.48,3.0,0.0,0.2,15.0,2.8333544784612035,0.0,0.1602586304305082,0.16664552153879653,0.0,0.03974136956949181,5.55,,19.87
bot_Administrador_a86b_20260501104200,bot_Administrador_a86b,Administrador,2026-05-01,10,3,1.0,2.0,60.0,0.0,6.0,1.894521281550739,52.70230418745873,0.0,0.10547871844926093,7.297695812541271,0.0,5.27,12.16,
bot_Administrador_a86b_20260501113524,bot_Administrador_a86b,Administrador,2026-05-01,11,7,30.75,2.571,1032.0,0.1429,18.0,2.302145393602976,842.967647050877,0.11285006091074051,0.2688546063970243,189.03235294912304,0.030049939089259486,10.46,18.32,21.03
bot_Administrador_a86b_20260501131157,bot_Administrador_a86b,Administrador,2026-05-01,13,11,75.72,2.909,7.0,0.0909,32.0,2.5610781123992794,5.21035191436977,0.06606194845122826,0.3479218876007204,1.7896480856302297,0.024838051548771736,11.96,25.57,27.32
bot_Administrador_a86b_20260501172034,bot_Administrador_a86b,Administrador,2026-05-01,17,2,22.1,3.0,0.0,0.0,6.0,2.520556870613854,0.0,0.0,0.4794431293861461,0.0,0.0,15.98,,
bot_Administrador_a86b_20260501181331,bot_Administrador_a86b,Administrador,2026-05-01,18,5,33.3,2.8,723.0,0.0,14.0,2.30411662942703,556.2652211967292,0.0,0.4958833705729697,166.73477880327084,0.0,17.71,23.06,
bot_Administrador_a86b_20260502070314,bot_Administrador_a86b,Administrador,2026-05-02,7,2,1.27,3.0,0.0,0.0,6.0,2.57103355492702,0.0,0.0,0.4289664450729802,0.0,0.0,14.3,,
bot_Administrador_a86b_20260502131115,bot_Administrador_a86b,Administrador,2026-05-02,13,3,0.47,2.0,28.0,0.0,6.0,1.6821617275474816,23.67529162559381,0.0,0.3178382724525184,4.324708374406189,0.0,15.89,15.45,
bot_Administrador_a86b_20260502154913,bot_Administrador_a86b,Administrador,2026-05-02,15,2,9.67,3.0,0.0,0.5,6.0,2.6612547027518505,0.0,0.3992076562551681,0.3387452972481495,0.0,0.10079234374483192,11.29,,20.16
bot_Administrador_a86b_20260502182035,bot_Administrador_a86b,Administrador,2026-05-02,18,7,20.6,2.571,0.0,0.0,18.0,2.1550499149979108,0.0,0.0,0.4159500850020894,0.0,0.0,16.18,,
bot_Administrador_a86b_20260503070351,bot_Administrador_a86b,Administrador,2026-05-03,7,19,87.78,2.579,870.0,0.0,49.0,2.102953875711137,766.5807036764887,0.0,0.4760461242888634,103.41929632351128,0.0,18.46,11.89,
bot_Administrador_a86b_20260503182853,bot_Administrador_a86b,Administrador,2026-05-03,18,4,8.4,2.0,504.0,0.25,8.0,1.7574863595004755,373.97631287822963,0.1866476743887696,0.2425136404995245,130.02368712177037,0.06335232561123039,12.13,25.8,25.34
bot_Administrador_a86b_20260504070018,bot_Administrador_a86b,Administrador,2026-05-04,7,23,61.22,2.609,350.0,0.0435,60.0,2.2910752482191272,306.92316514991967,0.03573822601158818,0.31792475178087276,43.07683485008033,0.007761773988411817,12.19,12.31,17.84
bot_Administrador_a86b_20260504083621,bot_Administrador_a86b,Administrador,2026-05-04,8,4,36.33,2.25,2180.0,0.5,9.0,1.9406645682313228,1798.3796971807674,0.3695369502408143,0.30933543176867717,381.6203028192326,0.1304630497591857,13.75,17.51,26.09
bot_Administrador_a86b_20260504104907,bot_Administrador_a86b,Administrador,2026-05-04,10,4,80.32,2.75,0.0,0.0,11.0,2.2888464213457276,0.0,0.0,0.4611535786542724,0.0,0.0,16.77,,
bot_Administrador_a86b_20260504124136,bot_Administrador_a86b,Administrador,2026-05-04,12,3,23.03,3.0,14.0,0.0,9.0,2.656442743435269,10.525871891246085,0.0,0.3435572565647309,3.4741281087539146,0.0,11.45,24.82,
bot_Administrador_a86b_20260504134219,bot_Administrador_a86b,Administrador,2026-05-04,13,6,60.22,2.667,1579.0,0.0,16.0,2.264405377906484,1272.9170080758445,0.0,0.40259462209351593,306.0829919241555,0.0,15.1,19.38,
bot_Administrador_a86b_20260504161108,bot_Administrador_a86b,Administrador,2026-05-04,16,4,27.98,2.5,1009.0,0.0,10.0,2.2996249403119937,894.5430820094122,0.0,0.20037505968800629,114.45691799058784,0.0,8.02,11.34,
bot_Administrador_a86b_20260504171714,bot_Administrador_a86b,Administrador,2026-05-04,17,13,101.75,2.538,1142.0,0.1538,33.0,2.1645063495044803,978.1951419331434,0.13254134202757092,0.3734936504955195,163.80485806685658,0.021258657972429068,14.72,14.34,13.82
bot_Administrador_a86b_20260505071336,bot_Administrador_a86b,Administrador,2026-05-05,7,24,108.35,2.5,595.0,0.1667,60.0,2.1108532202693384,494.27664544425147,0.12630579799165972,0.3891467797306616,100.72335455574853,0.04039420200834026,15.57,16.93,24.23
bot_Administrador_a86b_20260505110917,bot_Administrador_a86b,Administrador,2026-05-05,11,4,5.0,2.75,25.0,0.0,11.0,2.2233465891889077,22.015657277992748,0.0,0.5266534108110923,2.984342722007252,0.0,19.15,11.94,
bot_Administrador_a86b_20260505120026,bot_Administrador_a86b,Administrador,2026-05-05,12,5,47.58,3.0,2855.0,0.2,15.0,2.5940984817629498,2541.454321174086,0.16621636025047634,0.40590151823705023,313.5456788259139,0.03378363974952367,13.53,10.98,16.89
bot_Administrador_a86b_20260505142506,bot_Administrador_a86b,Administrador,2026-05-05,14,5,40.28,2.4,1929.0,0.0,12.0,2.006505629447385,1655.2166061512864,0.0,0.3934943705526148,273.78339384871356,0.0,16.4,14.19,
bot_Administrador_a86b_20260505153804,bot_Administrador_a86b,Administrador,2026-05-05,15,2,5.2,3.0,312.0,0.0,6.0,2.599526094133507,286.4884410306985,0.0,0.4004739058664928,25.511558969301518,0.0,13.35,8.18,
bot_Administrador_a86b_20260505172243,bot_Administrador_a86b,Administrador,2026-05-05,17,20,82.33,2.6,767.0,0.05,52.0,2.364427325568779,647.6182550669338,0.039902481623835334,0.23557267443122099,119.38174493306622,0.010097518376164669,9.06,15.56,20.2
bot_Administrador_a86b_20260506070834,bot_Administrador_a86b,Administrador,2026-05-06,7,23,57.15,2.826,0.0,0.0435,65.0,2.4667815977244665,0.0,0.034887713643953405,0.3592184022755336,0.0,0.008612286356046592,12.71,,19.8
bot_Administrador_a86b_20260506092805,bot_Administrador_a86b,Administrador,2026-05-06,9,5,45.32,2.8,730.0,0.4,14.0,2.481235760011644,667.1431326330653,0.3148345956345271,0.3187642399883557,62.856867366934694,0.08516540436547293,11.38,8.61,21.29
bot_Administrador_a86b_20260506111130,bot_Administrador_a86b,Administrador,2026-05-06,11,4,28.95,2.75,1715.0,0.0,11.0,2.2766571296021865,1397.574333512626,0.0,0.47334287039781353,317.425666487374,0.0,17.21,18.51,
bot_Administrador_a86b_20260506122049,bot_Administrador_a86b,Administrador,2026-05-06,12,3,1.43,2.667,37.0,0.0,8.0,2.3595950604731186,30.099943623030978,0.0,0.3074049395268812,6.900056376969022,0.0,11.53,18.65,
bot_Administrador_a86b_20260506153311,bot_Administrador_a86b,Administrador,2026-05-06,15,3,0.83,3.0,0.0,0.0,9.0,2.619461632402206,0.0,0.0,0.380538367597794,0.0,0.0,12.68,,
bot_Administrador_a86b_20260506162311,bot_Administrador_a86b,Administrador,2026-05-06,16,2,7.62,3.0,457.0,0.0,6.0,2.5557506780103347,374.92032870093016,0.0,0.44424932198966527,82.07967129906984,0.0,14.81,17.96,
bot_Administrador_a86b_20260506171524,bot_Administrador_a86b,Administrador,2026-05-06,17,22,103.77,2.545,581.0,0.0909,56.0,2.247504805256467,495.62365565682575,0.07392494066043998,0.2974951947435329,85.37634434317425,0.01697505933956002,11.69,14.69,18.67
bot_Administrador_a86b_20260507070420,bot_Administrador_a86b,Administrador,2026-05-07,7,23,76.22,2.478,857.0,0.0,57.0,2.1225820541748197,659.2313637031397,0.0,0.3554179458251805,197.76863629686034,0.0,14.34,23.08,
bot_Administrador_a86b_20260507090545,bot_Administrador_a86b,Administrador,2026-05-07,9,6,23.35,2.333,1396.0,0.0,14.0,1.9857662516471524,1116.641046608331,0.0,0.3472337483528478,279.35895339166905,0.0,14.88,20.01,
bot_Administrador_a86b_20260507101206,bot_Administrador_a86b,Administrador,2026-05-07,10,3,25.12,2.667,1507.0,0.0,8.0,2.3696362817562187,1408.0041076562134,0.0,0.29736371824378116,98.99589234378664,0.0,11.15,6.57,
bot_Administrador_a86b_20260507120015,bot_Administrador_a86b,Administrador,2026-05-07,12,8,72.1,3.0,2819.0,0.0,24.0,2.6435325586084146,2357.4668481727585,0.0,0.35646744139158537,461.53315182724145,0.0,11.88,16.37,
bot_Administrador_a86b_20260507164919,bot_Administrador_a86b,Administrador,2026-05-07,16,26,116.0,2.615,4361.0,0.0385,68.0,2.267137810785015,3676.3731972776404,0.03604224106653418,0.34786218921498513,684.6268027223596,0.002457758933465823,13.3,15.7,6.38
bot_Caja_1125_20260501082736,bot_Caja_1125,Caja,2026-05-01,8,19,100.62,2.0,1739.0,0.2105,38.0,1.0259639035218877,815.7255414159075,0.0760461586238523,0.9740360964781123,923.2744585840925,0.1344538413761477,48.7,53.09,63.87
bot_Caja_1125_20260501105922,bot_Caja_1125,Caja,2026-05-01,10,5,45.65,2.0,877.0,0.0,10.0,1.0,448.27078041648366,0.0,1.0,428.72921958351634,0.0,50.0,48.89,
bot_Caja_1125_20260501123601,bot_Caja_1125,Caja,2026-05-01,12,5,11.22,2.0,0.0,0.0,10.0,1.1243031947043045,0.0,0.0,0.8756968052956955,0.0,0.0,43.78,,
bot_Caja_1125_20260501131912,bot_Caja_1125,Caja,2026-05-01,13,24,200.53,2.0,1322.0,0.25,48.0,1.0,638.9792539001978,0.11813069532262473,1.0,683.0207460998022,0.1318693046773753,50.0,51.67,52.75
bot_Caja_1125_20260501172815,bot_Caja_1125,Caja,2026-05-01,17,5,30.92,2.0,0.0,0.0,10.0,1.0,0.0,0.0,1.0,0.0,0.0,50.0,,
bot_Caja_1125_20260502080917,bot_Caja_1125,Caja,2026-05-02,8,2,16.93,2.0,0.0,0.0,4.0,1.0,0.0,0.0,1.0,0.0,0.0,50.0,,
bot_Caja_1125_20260502101553,bot_Caja_1125,Caja,2026-05-02,10,2,0.42,2.0,0.0,0.5,4.0,1.0,0.0,0.1585143941441549,1.0,0.0,0.3414856058558451,50.0,,68.3
bot_Caja_1125_20260502134438,bot_Caja_1125,Caja,2026-05-02,13,5,20.05,2.0,1203.0,0.0,10.0,1.2001934405017538,499.0493144659753,0.0,0.7998065594982462,703.9506855340246,0.0,39.99,58.52,
bot_Caja_1125_20260502144354,bot_Caja_1125,Caja,2026-05-02,14,5,15.12,2.0,884.0,0.2,10.0,1.126551721736967,346.9317972136192,0.07487459934604129,0.8734482782630331,537.0682027863809,0.12512540065395872,43.67,60.75,62.56
bot_Caja_1125_20260502173438,bot_Caja_1125,Caja,2026-05-02,17,2,0.72,2.0,0.0,0.0,4.0,1.1759142754282428,0.0,0.0,0.8240857245717572,0.0,0.0,41.2,,
bot_Caja_1125_20260503105429,bot_Caja_1125,Caja,2026-05-03,10,2,0.17,2.0,0.0,0.5,4.0,1.0711882794248422,0.0,0.15057623222804795,0.9288117205751578,0.0,0.34942376777195205,46.44,,69.88
bot_Caja_1125_20260503130603,bot_Caja_1125,Caja,2026-05-03,13,7,76.53,2.0,858.0,0.1429,14.0,1.0,411.9232931649649,0.05399465549025111,1.0,446.0767068350351,0.08890534450974888,50.0,51.99,62.22
bot_Caja_1125_20260504080726,bot_Caja_1125,Caja,2026-05-04,8,16,123.37,2.0,0.0,0.375,32.0,1.0702492850345875,0.0,0.1233745364704033,0.9297507149654125,0.0,0.2516254635295967,46.49,,67.1
bot_Caja_1125_20260504115824,bot_Caja_1125,Caja,2026-05-04,11,11,54.73,2.0,1768.0,0.1818,22.0,1.0684253697161004,828.5796066396033,0.05949994561014031,0.9315746302838996,939.4203933603967,0.12230005438985968,46.58,53.13,67.27
bot_Caja_1125_20260504132508,bot_Caja_1125,Caja,2026-05-04,13,9,59.73,2.0,829.0,0.1111,18.0,1.2317774511144757,396.0063745717936,0.033711609073039286,0.7682225488855243,432.9936254282064,0.07738839092696072,38.41,52.23,69.66
bot_Caja_1125_20260504153916,bot_Caja_1125,Caja,2026-05-04,15,6,42.93,2.0,1722.0,0.0,12.0,1.1108553608633829,697.8679081934275,0.0,0.8891446391366171,1024.1320918065726,0.0,44.46,59.47,
bot_Caja_1125_20260504165811,bot_Caja_1125,Caja,2026-05-04,16,3,20.23,2.0,0.0,0.3333,6.0,1.1610595579007403,0.0,0.13704256319385663,0.8389404420992597,0.0,0.19625743680614335,41.95,,58.88
bot_Caja_1125_20260505080302,bot_Caja_1125,Caja,2026-05-05,8,5,30.28,2.0,0.0,0.4,10.0,1.0864780926936497,0.0,0.18313585965307896,0.9135219073063503,0.0,0.21686414034692106,45.68,,54.22
bot_Caja_1125_20260505093109,bot_Caja_1125,Caja,2026-05-05,9,11,75.42,2.0,200.0,0.1818,22.0,1.0206611883997128,83.26263835642509,0.05790771383470399,0.9793388116002872,116.73736164357491,0.12389228616529599,48.97,58.37,68.15
bot_Caja_1125_20260505114934,bot_Caja_1125,Caja,2026-05-05,11,3,12.1,2.0,0.0,0.0,6.0,1.0,0.0,0.0,1.0,0.0,0.0,50.0,,
bot_Caja_1125_20260505124037,bot_Caja_1125,Caja,2026-05-05,12,10,77.02,2.0,0.0,0.4,20.0,1.0728690799330018,0.0,0.14546003783755815,0.9271309200669982,0.0,0.2545399621624419,46.36,,63.63
bot_Caja_1125_20260505144400,bot_Caja_1125,Caja,2026-05-05,14,4,1.43,2.0,77.0,0.0,8.0,1.1905534077157316,33.939071192033865,0.0,0.8094465922842684,43.060928807966135,0.0,40.47,55.92,
bot_Caja_1125_20260505154314,bot_Caja_1125,Caja,2026-05-05,15,4,15.92,2.0,955.0,0.0,8.0,1.1077667347765006,392.6407266811225,0.0,0.8922332652234994,562.3592733188775,0.0,44.61,58.89,
bot_Caja_1125_20260505163910,bot_Caja_1125,Caja,2026-05-05,16,3,0.73,2.0,44.0,0.0,6.0,1.0934472415243184,19.484381872283127,0.0,0.9065527584756816,24.515618127716873,0.0,45.33,55.72,
bot_Caja_1125_20260506083913,bot_Caja_1125,Caja,2026-05-06,8,3,7.25,2.0,37.0,0.0,6.0,1.0925237624573545,16.663266511584784,0.0,0.9074762375426455,20.336733488415216,0.0,45.37,54.96,
bot_Caja_1125_20260506091957,bot_Caja_1125,Caja,2026-05-06,9,4,8.32,2.0,0.0,0.25,8.0,1.0,0.0,0.1014549849290434,1.0,0.0,0.1485450150709566,50.0,,59.42
bot_Caja_1125_20260506100140,bot_Caja_1125,Caja,2026-05-06,10,4,20.6,2.0,0.0,0.25,8.0,1.0666093744130203,0.0,0.09291476157313977,0.9333906255869797,0.0,0.15708523842686023,46.67,,62.83
bot_Caja_1125_20260506112217,bot_Caja_1125,Caja,2026-05-06,11,31,306.93,2.0,0.0,0.3871,62.0,1.0837317379728837,0.0,0.14349264942557569,0.9162682620271163,0.0,0.24360735057442431,45.81,,62.93
bot_Caja_1125_20260506172907,bot_Caja_1125,Caja,2026-05-06,17,3,27.3,2.0,0.0,0.0,6.0,1.0510208718446,0.0,0.0,0.9489791281554001,0.0,0.0,47.45,,
bot_Caja_1125_20260507082714,bot_Caja_1125,Caja,2026-05-07,8,22,204.75,2.0,419.0,0.3182,44.0,1.1012784526368233,212.91592354452203,0.1322725906478753,0.8987215473631767,206.08407645547797,0.18592740935212468,44.94,49.18,58.43
bot_Caja_1125_20260507125437,bot_Caja_1125,Caja,2026-05-07,12,15,100.03,2.0,810.0,0.1333,30.0,1.0,329.75808588343745,0.051820610055945716,1.0,480.24191411656255,0.08147938994405429,50.0,59.29,61.12
bot_Caja_1125_20260507161720,bot_Caja_1125,Caja,2026-05-07,16,8,83.97,2.0,636.0,0.25,16.0,1.0965785950912208,305.1225164245323,0.13890914363318402,0.9034214049087792,330.8774835754677,0.11109085636681598,45.17,52.02,44.44
bot_Caja_22f0_20260501082715,bot_Caja_22f0,Caja,2026-05-01,8,6,42.77,2.0,0.0,0.0,12.0,1.1246890510693168,0.0,0.0,0.8753109489306832,0.0,0.0,43.77,,
bot_Caja_22f0_20260501094712,bot_Caja_22f0,Caja,2026-05-01,9,6,53.63,2.0,3218.0,0.0,12.0,1.1327391251305798,1410.2451785373682,0.0,0.8672608748694202,1807.7548214626318,0.0,43.36,56.18,
bot_Caja_22f0_20260501111619,bot_Caja_22f0,Caja,2026-05-01,11,50,392.43,2.0,0.0,0.16,100.0,1.0,0.0,0.054197091617367174,1.0,0.0,0.10580290838263283,50.0,,66.13
bot_Caja_22f0_20260502134716,bot_Caja_22f0,Caja,2026-05-02,13,5,4.32,2.0,249.0,0.0,10.0,1.0757874139386323,141.86349915508518,0.0,0.9242125860613677,107.13650084491482,0.0,46.21,43.03,
bot_Caja_22f0_20260502143837,bot_Caja_22f0,Caja,2026-05-02,14,3,9.33,2.0,0.0,0.0,6.0,1.1362260190374514,0.0,0.0,0.8637739809625486,0.0,0.0,43.19,,
bot_Caja_22f0_20260502154506,bot_Caja_22f0,Caja,2026-05-02,15,5,8.58,2.0,0.0,0.2,10.0,1.1764950596967367,0.0,0.06182255222070694,0.8235049403032633,0.0,0.13817744777929308,41.18,,69.09
bot_Caja_22f0_20260502170402,bot_Caja_22f0,Caja,2026-05-02,17,4,24.05,2.0,1443.0,0.0,8.0,1.0,704.1549775856369,0.0,1.0,738.8450224143631,0.0,50.0,51.2,
bot_Caja_22f0_20260503081633,bot_Caja_22f0,Caja,2026-05-03,8,5,5.23,2.0,0.0,0.0,10.0,1.0892458589581977,0.0,0.0,0.9107541410418023,0.0,0.0,45.54,,
bot_Caja_22f0_20260503092217,bot_Caja_22f0,Caja,2026-05-03,9,3,17.55,2.0,0.0,0.6667,6.0,1.2819944089325328,0.0,0.17450397187376868,0.7180055910674672,0.0,0.4921960281262313,35.9,,73.83
bot_Caja_22f0_20260503144919,bot_Caja_22f0,Caja,2026-05-03,14,2,0.47,2.0,0.0,0.5,4.0,1.086245431476943,0.0,0.2028108333699056,0.913754568523057,0.0,0.2971891666300944,45.69,,59.44
bot_Caja_22f0_20260504081743,bot_Caja_22f0,Caja,2026-05-04,8,4,10.35,2.0,0.0,0.75,8.0,1.0,0.0,0.29118702296176713,1.0,0.0,0.45881297703823287,50.0,,61.18
bot_Caja_22f0_20260504093643,bot_Caja_22f0,Caja,2026-05-04,9,2,0.73,2.0,0.0,0.0,4.0,1.1541755194170122,0.0,0.0,0.8458244805829878,0.0,0.0,42.29,,
bot_Caja_22f0_20260504103035,bot_Caja_22f0,Caja,2026-05-04,10,2,0.18,2.0,0.0,0.5,4.0,1.0201054688839044,0.0,0.22563635600702742,0.9798945311160956,0.0,0.2743636439929726,48.99,,54.87
bot_Caja_22f0_20260504112422,bot_Caja_22f0,Caja,2026-05-04,11,4,26.57,2.0,0.0,0.25,8.0,1.1080981710960958,0.0,0.1022232743381847,0.8919018289039042,0.0,0.1477767256618153,44.6,,59.11
bot_Caja_22f0_20260504122705,bot_Caja_22f0,Caja,2026-05-04,12,11,95.32,2.0,0.0,0.4545,22.0,1.2798156197012633,0.0,0.13045581752369503,0.7201843802987367,0.0,0.32404418247630495,36.01,,71.3
bot_Caja_22f0_20260504145247,bot_Caja_22f0,Caja,2026-05-04,14,2,24.5,2.0,1470.0,0.5,4.0,1.019176592713375,760.4979694652167,0.16380826335953047,0.9808234072866251,709.5020305347833,0.33619173664046953,49.04,48.27,67.24
bot_Caja_22f0_20260504154751,bot_Caja_22f0,Caja,2026-05-04,15,13,58.5,2.0,0.0,0.2308,26.0,1.111981942814623,0.0,0.07308362235798893,0.8880180571853771,0.0,0.15771637764201107,44.4,,68.33
bot_Caja_22f0_20260505082354,bot_Caja_22f0,Caja,2026-05-05,8,13,118.83,2.0,0.0,0.0769,26.0,1.06164746439382,0.0,0.023975929519069652,0.9383525356061799,0.0,0.05292407048093034,46.92,,68.82
bot_Caja_22f0_20260505110140,bot_Caja_22f0,Caja,2026-05-05,11,3,26.17,2.0,0.0,0.0,6.0,1.0423431848606841,0.0,0.0,0.9576568151393159,0.0,0.0,47.88,,
bot_Caja_22f0_20260505123405,bot_Caja_22f0,Caja,2026-05-05,12,11,110.73,2.0,1788.0,0.0909,22.0,1.0,772.4120228892896,0.033590915923765285,1.0,1015.5879771107104,0.05730908407623471,50.0,56.8,63.05
bot_Caja_22f0_20260505154824,bot_Caja_22f0,Caja,2026-05-05,15,5,19.38,2.0,1163.0,0.2,10.0,1.2117273289066117,444.5066159089156,0.08423163752154961,0.7882726710933883,718.4933840910844,0.1157683624784504,39.41,61.78,57.88
bot_Caja_22f0_20260505170153,bot_Caja_22f0,Caja,2026-05-05,17,8,54.17,2.0,1162.0,0.125,16.0,1.0686233061019588,470.522347374114,0.048263146714145444,0.9313766938980412,691.477652625886,0.07673685328585456,46.57,59.51,61.39
bot_Caja_22f0_20260506081423,bot_Caja_22f0,Caja,2026-05-06,8,13,74.92,2.0,0.0,0.3077,26.0,1.087505969557347,0.0,0.11276900507757144,0.912494030442653,0.0,0.19493099492242855,45.62,,63.35
bot_Caja_22f0_20260506111440,bot_Caja_22f0,Caja,2026-05-06,11,6,38.28,2.0,0.0,0.1667,12.0,1.029068640313824,0.0,0.06603095917213292,0.9709313596861759,0.0,0.10066904082786707,48.55,,60.39
bot_Caja_22f0_20260506123624,bot_Caja_22f0,Caja,2026-05-06,12,8,81.95,2.0,0.0,0.5,16.0,1.2262016816145354,0.0,0.23482583436640667,0.7737983183854646,0.0,0.2651741656335933,38.69,,53.03
bot_Caja_22f0_20260506142933,bot_Caja_22f0,Caja,2026-05-06,14,8,32.82,2.0,1010.0,0.125,16.0,1.0,450.874852700703,0.0490519825405286,1.0,559.1251472992969,0.0759480174594714,50.0,55.36,60.76
bot_Caja_22f0_20260506164648,bot_Caja_22f0,Caja,2026-05-06,16,10,65.58,2.0,0.0,0.1,20.0,1.0956991867735033,0.0,0.035259388748213626,0.9043008132264967,0.0,0.06474061125178637,45.22,,64.74
bot_Caja_22f0_20260507080913,bot_Caja_22f0,Caja,2026-05-07,8,3,16.7,2.0,0.0,0.6667,6.0,1.0182999065341167,0.0,0.2703335859041958,0.9817000934658833,0.0,0.39636641409580414,49.09,,59.45
bot_Caja_22f0_20260507085841,bot_Caja_22f0,Caja,2026-05-07,8,10,36.87,2.0,1262.0,0.0,20.0,1.1033015485965048,529.2254045390526,0.0,0.8966984514034952,732.7745954609474,0.0,44.83,58.06,
bot_Caja_22f0_20260507101316,bot_Caja_22f0,Caja,2026-05-07,10,13,71.5,2.0,207.0,0.3077,26.0,1.098329952087661,102.39112292998323,0.12138193973299476,0.901670047912339,104.60887707001677,0.1863180602670052,45.08,50.54,60.55
bot_Caja_22f0_20260507120123,bot_Caja_22f0,Caja,2026-05-07,12,16,116.75,2.0,0.0,0.25,32.0,1.0,0.0,0.10009117006404077,1.0,0.0,0.14990882993595922,50.0,,59.96
bot_Caja_22f0_20260507145032,bot_Caja_22f0,Caja,2026-05-07,15,4,15.13,2.0,0.0,0.0,8.0,1.1286370265433465,0.0,0.0,0.8713629734566535,0.0,0.0,43.57,,
bot_Caja_22f0_20260507155939,bot_Caja_22f0,Caja,2026-05-07,15,12,114.15,2.0,4072.0,0.0,24.0,1.1953664895788425,1728.244065233025,0.0,0.8046335104211575,2343.755934766975,0.0,40.23,57.56,
bot_Compras_6cd7_20260501090421,bot_Compras_6cd7,Compras,2026-05-01,9,10,58.77,2.0,746.0,0.0,20.0,1.6919807347566105,622.2504911196247,0.0,0.3080192652433895,123.74950888037529,0.0,15.4,16.59,
bot_Compras_6cd7_20260501110014,bot_Compras_6cd7,Compras,2026-05-01,11,7,102.07,2.0,0.0,0.0,14.0,1.794741634898803,0.0,0.0,0.205258365101197,0.0,0.0,10.26,,
bot_Compras_6cd7_20260501141343,bot_Compras_6cd7,Compras,2026-05-01,14,8,73.23,2.0,820.0,0.0,16.0,1.7143003841632758,720.8600718230934,0.0,0.2856996158367242,99.13992817690655,0.0,14.28,12.09,
bot_Compras_6cd7_20260501161755,bot_Compras_6cd7,Compras,2026-05-01,16,3,0.93,2.0,56.0,0.0,6.0,1.7446166352488441,46.95559944777048,0.0,0.25538336475115586,9.044400552229519,0.0,12.77,16.15,
bot_Compras_6cd7_20260501165300,bot_Compras_6cd7,Compras,2026-05-01,16,5,28.58,2.0,0.0,0.2,10.0,1.7717157025436914,0.0,0.18472387275685462,0.22828429745630863,0.0,0.015276127243145393,11.41,,7.64
bot_Compras_6cd7_20260502092145,bot_Compras_6cd7,Compras,2026-05-02,9,2,0.23,2.0,0.0,0.0,4.0,1.6115982618500297,0.0,0.0,0.38840173814997025,0.0,0.0,19.42,,
bot_Compras_6cd7_20260502112957,bot_Compras_6cd7,Compras,2026-05-02,11,2,0.4,2.0,24.0,0.0,4.0,1.7913662693962935,21.028943780462587,0.0,0.2086337306037065,2.971056219537413,0.0,10.43,12.38,
bot_Compras_6cd7_20260502121320,bot_Compras_6cd7,Compras,2026-05-02,12,5,13.92,2.0,835.0,0.0,10.0,1.7109753227153084,668.1146299904665,0.0,0.2890246772846916,166.88537000953352,0.0,14.45,19.99,
bot_Compras_6cd7_20260502144844,bot_Compras_6cd7,Compras,2026-05-02,14,5,57.3,2.0,0.0,0.0,10.0,1.6444838288487889,0.0,0.0,0.35551617115121115,0.0,0.0,17.78,,
bot_Compras_6cd7_20260503101606,bot_Compras_6cd7,Compras,2026-05-03,10,2,6.93,2.0,416.0,0.0,4.0,1.6296502803207489,344.8351744936177,0.0,0.3703497196792511,71.16482550638227,0.0,18.52,17.11,
bot_Compras_6cd7_20260503141434,bot_Compras_6cd7,Compras,2026-05-03,14,3,36.38,2.0,0.0,0.3333,6.0,1.6558275447196025,0.0,0.2770337473795127,0.3441724552803975,0.0,0.05626625262048729,17.21,,16.88
bot_Compras_6cd7_20260504095905,bot_Compras_6cd7,Compras,2026-05-04,9,2,0.45,2.0,0.0,0.0,4.0,1.7366966571108722,0.0,0.0,0.2633033428891278,0.0,0.0,13.17,,
bot_Compras_6cd7_20260504135609,bot_Compras_6cd7,Compras,2026-05-04,13,3,2.37,2.0,142.0,0.0,6.0,1.7354049937357636,109.708601175369,0.0,0.2645950062642364,32.291398824631,0.0,13.23,22.74,
bot_Compras_6cd7_20260504142839,bot_Compras_6cd7,Compras,2026-05-04,14,2,3.43,2.0,206.0,0.0,4.0,1.6403555778747563,171.87149433736798,0.0,0.3596444221252437,34.12850566263202,0.0,17.98,16.57,
bot_Compras_6cd7_20260504150729,bot_Compras_6cd7,Compras,2026-05-04,15,24,119.0,2.0,2352.0,0.0833,48.0,1.8597356216949552,2088.3007716885577,0.06755655602270232,0.1402643783050448,263.6992283114423,0.015743443977297683,7.01,11.21,18.9
bot_Compras_6cd7_20260505080744,bot_Compras_6cd7,Compras,2026-05-05,8,5,37.93,2.0,0.0,0.0,10.0,1.710298379209731,0.0,0.0,0.28970162079026895,0.0,0.0,14.49,,
bot_Compras_6cd7_20260505095346,bot_Compras_6cd7,Compras,2026-05-05,9,8,50.72,2.0,260.0,0.125,16.0,1.683334136107986,223.89534128439516,0.09720480660279797,0.3166658638920139,36.10465871560484,0.02779519339720203,15.83,13.89,22.24
bot_Compras_6cd7_20260505112829,bot_Compras_6cd7,Compras,2026-05-05,11,6,62.52,2.0,3751.0,0.0,12.0,1.7641346514241172,3457.0601831336335,0.0,0.23586534857588282,293.9398168663665,0.0,11.79,7.84,
bot_Compras_6cd7_20260505141001,bot_Compras_6cd7,Compras,2026-05-05,14,2,23.9,2.0,0.0,0.0,4.0,1.752371172209894,0.0,0.0,0.24762882779010598,0.0,0.0,12.38,,
bot_Compras_6cd7_20260505151832,bot_Compras_6cd7,Compras,2026-05-05,15,14,77.52,2.0,0.0,0.0,28.0,1.7346092481810416,0.0,0.0,0.26539075181895844,0.0,0.0,13.27,,
bot_Compras_6cd7_20260506091913,bot_Compras_6cd7,Compras,2026-05-06,9,3,31.67,2.0,1900.0,0.3333,6.0,1.6348990216144532,1607.8284665545996,0.2812718415236054,0.3651009783855468,292.1715334454004,0.05202815847639458,18.26,15.38,15.61
bot_Compras_6cd7_20260506111208,bot_Compras_6cd7,Compras,2026-05-06,11,5,50.1,2.0,3006.0,0.0,10.0,1.8573143607795042,2684.2484051606066,0.0,0.14268563922049582,321.7515948393934,0.0,7.13,10.7,
bot_Compras_6cd7_20260506144000,bot_Compras_6cd7,Compras,2026-05-06,14,2,4.38,2.0,263.0,0.5,4.0,1.635465243711195,233.70601637287692,0.41408355014345877,0.36453475628880505,29.293983627123083,0.08591644985654123,18.23,11.14,17.18
bot_Compras_6cd7_20260506154347,bot_Compras_6cd7,Compras,2026-05-06,15,17,116.98,2.0,0.0,0.1176,34.0,1.9311802933217672,0.0,0.09137683556797703,0.06881970667823278,0.0,0.026223164432022966,3.44,,22.3
bot_Compras_6cd7_20260507083340,bot_Compras_6cd7,Compras,2026-05-07,8,3,13.35,2.0,771.0,0.0,6.0,1.6522607354555978,569.6188198278569,0.0,0.3477392645444022,201.3811801721431,0.0,17.39,26.12,
bot_Compras_6cd7_20260507092445,bot_Compras_6cd7,Compras,2026-05-07,9,6,61.73,2.0,1253.0,0.0,12.0,1.63628673384463,1068.2071707227344,0.0,0.3637132661553699,184.79282927726558,0.0,18.19,14.75,
bot_Compras_6cd7_20260507111012,bot_Compras_6cd7,Compras,2026-05-07,11,13,34.12,2.0,971.0,0.1538,26.0,1.8998170839215887,866.6380773439327,0.1215258108879561,0.10018291607841134,104.36192265606735,0.0322741891120439,5.01,10.75,20.98
bot_Compras_6cd7_20260507144135,bot_Compras_6cd7,Compras,2026-05-07,14,3,7.8,2.0,0.0,0.0,6.0,1.6223585328651642,0.0,0.0,0.3776414671348358,0.0,0.0,18.88,,
bot_Compras_6cd7_20260507171323,bot_Compras_6cd7,Compras,2026-05-07,17,2,20.12,2.0,0.0,0.5,4.0,1.8953458765854354,0.0,0.39777060869738234,0.10465412341456459,0.0,0.10222939130261766,5.23,,20.45
bot_Compras_b1d2_20260501080736,bot_Compras_b1d2,Compras,2026-05-01,8,9,93.72,2.0,0.0,0.1111,18.0,1.4112865470909122,0.0,0.09035463115962171,0.5887134529090878,0.0,0.020745368840378295,29.44,,18.67
bot_Compras_b1d2_20260501104407,bot_Compras_b1d2,Compras,2026-05-01,10,5,50.45,2.0,3027.0,0.0,10.0,1.706381631197346,2316.4983738414726,0.0,0.2936183688026539,710.5016261585274,0.0,14.68,23.47,
bot_Compras_b1d2_20260501123441,bot_Compras_b1d2,Compras,2026-05-01,12,2,0.3,2.0,18.0,0.0,4.0,1.5831243699718183,15.252282534388268,0.0,0.41687563002818173,2.747717465611732,0.0,20.84,15.27,
bot_Compras_b1d2_20260501143601,bot_Compras_b1d2,Compras,2026-05-01,14,4,5.03,2.0,57.0,0.0,8.0,1.6448849932347498,45.122281776259605,0.0,0.3551150067652502,11.877718223740395,0.0,17.76,20.84,
bot_Compras_b1d2_20260501151618,bot_Compras_b1d2,Compras,2026-05-01,15,5,75.17,2.0,2640.0,0.2,10.0,1.59462956317119,2298.705926095755,0.1709161487808889,0.40537043682881,341.2940739042451,0.029083851219111112,20.27,12.93,14.54
bot_Compras_b1d2_20260502113420,bot_Compras_b1d2,Compras,2026-05-02,11,2,0.6,2.0,36.0,0.0,4.0,1.4701357908162132,27.658594492675878,0.0,0.5298642091837868,8.341405507324122,0.0,26.49,23.17,
bot_Compras_b1d2_20260502142558,bot_Compras_b1d2,Compras,2026-05-02,14,3,14.83,2.0,890.0,0.0,6.0,1.615831401197959,718.7423491232333,0.0,0.3841685988020409,171.25765087676666,0.0,19.21,19.24,
bot_Compras_b1d2_20260502155108,bot_Compras_b1d2,Compras,2026-05-02,15,2,2.87,2.0,0.0,0.0,4.0,1.594167463429286,0.0,0.0,0.40583253657071405,0.0,0.0,20.29,,
bot_Compras_b1d2_20260503080738,bot_Compras_b1d2,Compras,2026-05-03,8,3,0.57,2.0,34.0,0.0,6.0,1.7886747924881987,31.714079432153447,0.0,0.21132520751180128,2.285920567846553,0.0,10.57,6.72,
bot_Compras_b1d2_20260503130146,bot_Compras_b1d2,Compras,2026-05-03,13,2,0.47,2.0,28.0,0.0,4.0,1.6797570950954355,24.563526329419204,0.0,0.32024290490456453,3.4364736705807957,0.0,16.01,12.27,
bot_Compras_b1d2_20260503144238,bot_Compras_b1d2,Compras,2026-05-03,14,3,20.48,2.0,0.0,0.0,6.0,1.4861076539419895,0.0,0.0,0.5138923460580105,0.0,0.0,25.69,,
bot_Compras_b1d2_20260504080249,bot_Compras_b1d2,Compras,2026-05-04,8,2,0.42,2.0,0.0,0.0,4.0,1.4067260513576887,0.0,0.0,0.5932739486423113,0.0,0.0,29.66,,
bot_Compras_b1d2_20260504084320,bot_Compras_b1d2,Compras,2026-05-04,8,21,84.33,2.0,0.0,0.0952,42.0,1.5556593165555441,0.0,0.0851200195679771,0.4443406834444559,0.0,0.010079980432022906,22.22,,10.59
bot_Compras_b1d2_20260504105646,bot_Compras_b1d2,Compras,2026-05-04,10,6,43.38,2.0,2603.0,0.0,12.0,1.5900094780419776,2411.4993132561035,0.0,0.40999052195802244,191.5006867438965,0.0,20.5,7.36,
bot_Compras_b1d2_20260504121715,bot_Compras_b1d2,Compras,2026-05-04,12,4,39.0,2.0,0.0,0.25,8.0,1.4122617560644846,0.0,0.20955081811174134,0.5877382439355154,0.0,0.04044918188825866,29.39,,16.18
bot_Compras_b1d2_20260504140418,bot_Compras_b1d2,Compras,2026-05-04,14,4,12.02,2.0,0.0,0.25,8.0,1.5793305251905907,0.0,0.20363599950609013,0.4206694748094093,0.0,0.046364000493909874,21.03,,18.55
bot_Compras_b1d2_20260504145625,bot_Compras_b1d2,Compras,2026-05-04,14,4,25.63,2.0,1532.0,0.0,8.0,1.4521530499495148,1345.836917240381,0.0,0.5478469500504852,186.1630827596191,0.0,27.39,12.15,
bot_Compras_b1d2_20260504155251,bot_Compras_b1d2,Compras,2026-05-04,15,6,33.35,2.0,40.0,0.0,12.0,1.4886120213672644,32.77226616532661,0.0,0.5113879786327356,7.227733834673387,0.0,25.57,18.07,
bot_Compras_b1d2_20260504171305,bot_Compras_b1d2,Compras,2026-05-04,17,4,42.4,2.0,396.0,0.25,8.0,1.5763320902726827,353.5318179459245,0.19242842442080568,0.42366790972731727,42.4681820540755,0.05757157557919432,21.18,10.72,23.03
bot_Compras_b1d2_20260505082038,bot_Compras_b1d2,Compras,2026-05-05,8,2,8.73,2.0,524.0,0.5,4.0,1.6330046515517844,428.88725039864204,0.3896781791934414,0.3669953484482156,95.11274960135796,0.11032182080655861,18.35,18.15,22.06
bot_Compras_b1d2_20260505092901,bot_Compras_b1d2,Compras,2026-05-05,9,18,177.48,2.0,28.0,0.1667,36.0,1.5718969640045442,22.210660748612874,0.13191263303993123,0.42810303599545585,5.789339251387126,0.03478736696006876,21.41,20.68,20.87
bot_Compras_b1d2_20260505141054,bot_Compras_b1d2,Compras,2026-05-05,14,30,177.33,2.0,1995.0,0.2,60.0,1.4628122107411152,1881.7563320084098,0.1641526355197173,0.5371877892588848,113.2436679915902,0.03584736448028272,26.86,5.68,17.92
bot_Compras_b1d2_20260506080830,bot_Compras_b1d2,Compras,2026-05-06,8,7,60.87,2.0,2321.0,0.1429,14.0,1.5126274492007414,1986.0773686407063,0.116232516084959,0.48737255079925856,334.92263135929375,0.026667483915040993,24.37,14.43,18.66
bot_Compras_b1d2_20260506094350,bot_Compras_b1d2,Compras,2026-05-06,9,5,33.42,2.0,0.0,0.0,10.0,1.5605030400466777,0.0,0.0,0.4394969599533223,0.0,0.0,21.97,,
bot_Compras_b1d2_20260506105008,bot_Compras_b1d2,Compras,2026-05-06,10,10,102.1,2.0,74.0,0.3,20.0,1.5295498852389473,60.399472509614675,0.2415742245427253,0.4704501147610527,13.600527490385325,0.058425775457274676,23.52,18.38,19.48
bot_Compras_b1d2_20260506130500,bot_Compras_b1d2,Compras,2026-05-06,13,4,12.27,2.0,48.0,0.0,8.0,1.3524078835264415,36.92354145072347,0.0,0.6475921164735585,11.07645854927653,0.0,32.38,23.08,
bot_Compras_b1d2_20260506140555,bot_Compras_b1d2,Compras,2026-05-06,14,4,12.45,2.0,0.0,0.25,8.0,1.7470967713501284,0.0,0.21195696203819706,0.2529032286498716,0.0,0.038043037961802945,12.65,,15.22
bot_Compras_b1d2_20260506145301,bot_Compras_b1d2,Compras,2026-05-06,14,2,0.57,2.0,34.0,0.0,4.0,1.6137250154543537,33.96409737437391,0.0,0.38627498454564635,0.035902625626093254,0.0,19.31,0.11,
bot_Compras_b1d2_20260506152632,bot_Compras_b1d2,Compras,2026-05-06,15,5,45.67,2.0,1130.0,0.0,10.0,1.5698082408519234,900.8619651060759,0.0,0.4301917591480766,229.1380348939241,0.0,21.51,20.28,
bot_Compras_b1d2_20260506171248,bot_Compras_b1d2,Compras,2026-05-06,17,3,0.73,2.0,40.0,0.0,6.0,1.6029463635867223,32.28729850943139,0.0,0.39705363641327773,7.712701490568612,0.0,19.85,19.28,
bot_Compras_b1d2_20260507080919,bot_Compras_b1d2,Compras,2026-05-07,8,19,79.43,2.0,881.0,0.1053,38.0,1.5179427115757473,696.802810440786,0.09512350070865705,0.48205728842425266,184.19718955921405,0.010176499291342955,24.1,20.91,9.66
bot_Compras_b1d2_20260507102412,bot_Compras_b1d2,Compras,2026-05-07,10,3,14.42,2.0,865.0,0.0,6.0,1.670763975694945,730.5801832630563,0.0,0.32923602430505494,134.41981673694374,0.0,16.46,15.54,
bot_Compras_b1d2_20260507115417,bot_Compras_b1d2,Compras,2026-05-07,11,2,10.8,2.0,0.0,0.0,4.0,1.5903368307647618,0.0,0.0,0.40966316923523816,0.0,0.0,20.48,,
bot_Compras_b1d2_20260507140224,bot_Compras_b1d2,Compras,2026-05-07,14,4,15.8,2.0,948.0,0.0,8.0,1.636491004368466,751.894532284926,0.0,0.36350899563153405,196.10546771507404,0.0,18.18,20.69,
bot_Compras_b1d2_20260507153117,bot_Compras_b1d2,Compras,2026-05-07,15,3,26.23,2.0,1484.0,0.0,6.0,1.4950381746615242,1151.376259962446,0.0,0.5049618253384758,332.62374003755394,0.0,25.25,22.41,
bot_Logistica_7037_20260501070035,bot_Logistica_7037,Logistica,2026-05-01,7,14,54.32,2.0,0.0,0.0714,28.0,1.8743416640470132,0.0,0.05991520017498534,0.1256583359529868,0.0,0.011484799825014665,6.28,,16.09
bot_Logistica_7037_20260501084227,bot_Logistica_7037,Logistica,2026-05-01,8,12,86.6,2.0,19.0,0.3333,24.0,1.6183357430878174,15.459230885423539,0.2604340552525592,0.38166425691218264,3.5407691145764613,0.07286594474744079,19.08,18.64,21.86
bot_Logistica_7037_20260501125502,bot_Logistica_7037,Logistica,2026-05-01,12,33,247.22,2.0,750.0,0.1515,66.0,1.5970009230320183,630.319561047931,0.11657205286818638,0.40299907696798165,119.68043895206904,0.034927947131813616,20.15,15.96,23.05
bot_Logistica_7037_20260501173515,bot_Logistica_7037,Logistica,2026-05-01,17,2,24.12,2.0,1447.0,0.0,4.0,1.710445682577984,1208.9512727813549,0.0,0.2895543174220161,238.04872721864513,0.0,14.48,16.45,
bot_Logistica_7037_20260502130211,bot_Logistica_7037,Logistica,2026-05-02,13,5,12.43,2.0,42.0,0.0,10.0,1.5926436337958403,33.9847802058065,0.0,0.4073563662041597,8.015219794193499,0.0,20.37,19.08,
bot_Logistica_7037_20260502141553,bot_Logistica_7037,Logistica,2026-05-02,14,4,24.28,2.0,0.0,0.0,8.0,1.7334917187624381,0.0,0.0,0.2665082812375619,0.0,0.0,13.33,,
bot_Logistica_7037_20260502153955,bot_Logistica_7037,Logistica,2026-05-02,15,3,0.48,2.0,29.0,0.0,6.0,1.758538712337179,21.88136234237401,0.0,0.24146128766282104,7.118637657625989,0.0,12.07,24.55,
bot_Logistica_7037_20260502161233,bot_Logistica_7037,Logistica,2026-05-02,16,2,24.18,2.0,1451.0,0.0,4.0,1.6171376241054154,1257.3349334064335,0.0,0.3828623758945846,193.6650665935665,0.0,19.14,13.35,
bot_Logistica_7037_20260503073512,bot_Logistica_7037,Logistica,2026-05-03,7,7,17.5,2.0,948.0,0.0,14.0,1.502911789933548,717.2784884443381,0.0,0.497088210066452,230.7215115556619,0.0,24.85,24.34,
bot_Logistica_7037_20260503103037,bot_Logistica_7037,Logistica,2026-05-03,10,2,18.47,2.0,1108.0,0.0,4.0,1.7093722501721482,878.4048589692158,0.0,0.2906277498278518,229.59514103078425,0.0,14.53,20.72,
bot_Logistica_7037_20260503124937,bot_Logistica_7037,Logistica,2026-05-03,12,2,23.97,2.0,1438.0,0.0,4.0,1.517247993773104,1200.292862477258,0.0,0.48275200622689596,237.70713752274196,0.0,24.14,16.53,
bot_Logistica_7037_20260504071003,bot_Logistica_7037,Logistica,2026-05-04,7,13,48.88,2.0,643.0,0.3077,26.0,1.618216389219784,540.3578672828227,0.23630724037510636,0.38178361078021594,102.64213271717733,0.07139275962489361,19.09,15.96,23.2
bot_Logistica_7037_20260504090511,bot_Logistica_7037,Logistica,2026-05-04,9,3,33.57,2.0,0.0,0.6667,6.0,1.6449444455770175,0.0,0.5214630095294458,0.35505555442298253,0.0,0.14523699047055416,17.75,,21.78
bot_Logistica_7037_20260504101037,bot_Logistica_7037,Logistica,2026-05-04,10,14,50.05,2.0,0.0,0.0714,28.0,1.7669692112065143,0.0,0.05979680091515756,0.2330307887934857,0.0,0.011603199084842447,11.65,,16.25
bot_Logistica_7037_20260504121042,bot_Logistica_7037,Logistica,2026-05-04,12,3,20.4,2.0,0.0,0.0,6.0,1.82755686206579,0.0,0.0,0.17244313793420996,0.0,0.0,8.62,,
bot_Logistica_7037_20260504130212,bot_Logistica_7037,Logistica,2026-05-04,13,10,58.78,2.0,0.0,0.0,20.0,1.741107212718054,0.0,0.0,0.258892787281946,0.0,0.0,12.94,,
bot_Logistica_7037_20260504150313,bot_Logistica_7037,Logistica,2026-05-04,15,2,0.2,2.0,12.0,0.0,4.0,1.623001481328418,10.107953872483739,0.0,0.3769985186715821,1.8920461275162612,0.0,18.85,15.77,
bot_Logistica_7037_20260504154227,bot_Logistica_7037,Logistica,2026-05-04,15,2,0.77,2.0,0.0,0.0,4.0,1.8001782061659808,0.0,0.0,0.1998217938340192,0.0,0.0,9.99,,
bot_Logistica_7037_20260504162705,bot_Logistica_7037,Logistica,2026-05-04,16,3,9.7,2.0,200.0,0.0,6.0,1.6422123033877534,162.72393775927506,0.0,0.35778769661224663,37.27606224072494,0.0,17.89,18.64,
bot_Logistica_7037_20260504175302,bot_Logistica_7037,Logistica,2026-05-04,17,4,7.02,2.0,421.0,0.0,8.0,1.7228452142378297,343.93627667873346,0.0,0.27715478576217034,77.06372332126654,0.0,13.86,18.3,
bot_Logistica_7037_20260505070325,bot_Logistica_7037,Logistica,2026-05-05,7,12,70.6,2.0,1805.0,0.25,24.0,1.890940079864544,1591.20900448471,0.19867470584790198,0.10905992013545607,213.79099551528998,0.05132529415209802,5.45,11.84,20.53
bot_Logistica_7037_20260505084608,bot_Logistica_7037,Logistica,2026-05-05,8,3,1.3,2.0,13.0,0.0,6.0,1.8035213922163944,10.628751007535993,0.0,0.1964786077836056,2.3712489924640074,0.0,9.82,18.24,
bot_Logistica_7037_20260505093208,bot_Logistica_7037,Logistica,2026-05-05,9,24,153.1,2.0,0.0,0.0833,48.0,1.5825913689082596,0.0,0.06609224633896794,0.4174086310917404,0.0,0.017207753661032055,20.87,,20.66
bot_Logistica_7037_20260505125259,bot_Logistica_7037,Logistica,2026-05-05,12,27,217.53,2.0,40.0,0.1111,54.0,1.685241837918955,36.87287462455056,0.09191818156125993,0.3147581620810449,3.127125375449438,0.019181818438740075,15.74,7.82,17.27
bot_Logistica_7037_20260505171043,bot_Logistica_7037,Logistica,2026-05-05,17,5,45.67,2.0,1959.0,0.0,10.0,1.6614899471191136,1722.8822766769226,0.0,0.3385100528808864,236.11772332307737,0.0,16.93,12.05,
bot_Logistica_7037_20260506070901,bot_Logistica_7037,Logistica,2026-05-06,7,30,77.8,2.0,381.0,0.2333,60.0,1.7069614558108566,333.9629819435467,0.17195859144297812,0.29303854418914344,47.03701805645329,0.06134140855702189,14.65,12.35,26.29
bot_Logistica_7037_20260506090123,bot_Logistica_7037,Logistica,2026-05-06,9,5,18.0,2.0,986.0,0.2,10.0,1.7977754043206928,842.9558728894746,0.15804712086099199,0.20222459567930717,143.04412711052544,0.041952879139008026,10.11,14.51,20.98
bot_Logistica_7037_20260506100900,bot_Logistica_7037,Logistica,2026-05-06,10,8,32.87,2.0,24.0,0.125,16.0,1.7466781866106285,22.836831429365276,0.10251166409411559,0.25332181338937154,1.1631685706347241,0.022488335905884407,12.67,4.85,17.99
bot_Logistica_7037_20260506111926,bot_Logistica_7037,Logistica,2026-05-06,11,2,24.75,2.0,1485.0,0.0,4.0,1.7082220586300336,1210.3224532091367,0.0,0.2917779413699664,274.6775467908633,0.0,14.59,18.5,
bot_Logistica_7037_20260506122331,bot_Logistica_7037,Logistica,2026-05-06,12,12,90.08,2.0,762.0,0.0833,24.0,1.7664335816544245,605.9392062328722,0.06785437337801876,0.23356641834557546,156.06079376712785,0.015445626621981234,11.68,20.48,18.54
bot_Logistica_7037_20260506143737,bot_Logistica_7037,Logistica,2026-05-06,14,10,42.08,2.0,0.0,0.0,20.0,1.6356342553234884,0.0,0.0,0.3643657446765116,0.0,0.0,18.22,,
bot_Logistica_7037_20260506155718,bot_Logistica_7037,Logistica,2026-05-06,15,9,70.35,2.0,0.0,0.0,18.0,1.78715399442579,0.0,0.0,0.21284600557421007,0.0,0.0,10.64,,
bot_Logistica_7037_20260506173953,bot_Logistica_7037,Logistica,2026-05-06,17,2,0.58,2.0,0.0,0.5,4.0,1.5855236284217693,0.0,0.41493251232612127,0.4144763715782307,0.0,0.08506748767387873,20.72,,17.01
bot_Logistica_7037_20260507070550,bot_Logistica_7037,Logistica,2026-05-07,7,13,37.7,2.0,16.0,0.1538,26.0,1.759098861664535,12.670267740657899,0.13141906952561253,0.2409011383354649,3.3297322593421015,0.022380930474387467,12.05,20.81,14.55
bot_Logistica_7037_20260507091759,bot_Logistica_7037,Logistica,2026-05-07,9,9,35.88,2.0,513.0,0.2222,18.0,1.818963785880495,440.49860526768794,0.2010554014775201,0.181036214119505,72.50139473231206,0.021144598522479907,9.05,14.13,9.52
bot_Logistica_7037_20260507105356,bot_Logistica_7037,Logistica,2026-05-07,10,13,56.15,2.0,1027.0,0.0,26.0,1.6060210800896426,796.7129809849588,0.0,0.3939789199103574,230.2870190150412,0.0,19.7,22.42,
bot_Logistica_7037_20260507125955,bot_Logistica_7037,Logistica,2026-05-07,12,16,94.25,2.0,10.0,0.0,32.0,1.8330044311489182,8.707182828177029,0.0,0.1669955688510818,1.2928171718229713,0.0,8.35,12.93,
bot_Logistica_7037_20260507151053,bot_Logistica_7037,Logistica,2026-05-07,15,3,0.87,2.0,52.0,0.0,6.0,1.711396862631982,40.64972847702422,0.0,0.288603137368018,11.350271522975781,0.0,14.43,21.83,
bot_Logistica_7037_20260507170713,bot_Logistica_7037,Logistica,2026-05-07,17,11,33.15,2.0,84.0,0.0909,22.0,1.6963221181975228,70.85145813734054,0.07701850930561954,0.30367788180247723,13.148541862659457,0.013881490694380452,15.18,15.65,15.27
bot_Logistica_97c4_20260501071543,bot_Logistica_97c4,Logistica,2026-05-01,7,10,15.87,2.0,450.0,0.1,20.0,1.7279009231736713,382.1373905462804,0.07714762772277345,0.2720990768263287,67.86260945371959,0.022852372277226557,13.6,15.08,22.85
bot_Logistica_97c4_20260501081126,bot_Logistica_97c4,Logistica,2026-05-01,8,4,4.68,2.0,182.0,0.25,8.0,1.7269468357135995,169.6424229179228,0.2195677505769372,0.2730531642864005,12.3575770820772,0.0304322494230628,13.65,6.79,12.17
bot_Logistica_97c4_20260501084628,bot_Logistica_97c4,Logistica,2026-05-01,8,3,33.52,2.0,0.0,0.0,6.0,1.8391186626639398,0.0,0.0,0.16088133733606025,0.0,0.0,8.04,,
bot_Logistica_97c4_20260501095211,bot_Logistica_97c4,Logistica,2026-05-01,9,3,24.32,2.0,1459.0,0.3333,6.0,1.667221307990035,1226.7071323514604,0.2885410016553183,0.3327786920099649,232.29286764853964,0.044758998344681666,16.64,15.92,13.43
bot_Logistica_97c4_20260501123213,bot_Logistica_97c4,Logistica,2026-05-01,12,3,0.77,2.0,46.0,0.0,6.0,1.510553537028518,42.06596573475941,0.0,0.4894464629714821,3.934034265240591,0.0,24.47,8.55,
bot_Logistica_97c4_20260501131858,bot_Logistica_97c4,Logistica,2026-05-01,13,27,142.93,2.0,1577.0,0.0741,54.0,1.637111893005258,1241.7215700107358,0.05396385603073732,0.36288810699474205,335.27842998926417,0.02013614396926268,18.14,21.26,27.17
bot_Logistica_97c4_20260501162618,bot_Logistica_97c4,Logistica,2026-05-01,16,9,78.05,2.0,1225.0,0.1111,18.0,1.7621170583961914,1031.0407254902898,0.08293636720193845,0.23788294160380863,193.9592745097102,0.028163632798061555,11.89,15.83,25.35
bot_Logistica_97c4_20260502071621,bot_Logistica_97c4,Logistica,2026-05-02,7,6,10.25,2.0,343.0,0.0,12.0,1.5502921227936384,281.67529240717425,0.0,0.44970787720636163,61.324707592825746,0.0,22.49,17.88,
bot_Logistica_97c4_20260502081414,bot_Logistica_97c4,Logistica,2026-05-02,8,4,21.03,2.0,1262.0,0.25,8.0,1.6538408648636396,962.7076796582475,0.1996782116989257,0.34615913513636043,299.29232034175254,0.05032178830107431,17.31,23.72,20.13
bot_Logistica_97c4_20260502094657,bot_Logistica_97c4,Logistica,2026-05-02,9,3,0.27,2.0,16.0,0.0,6.0,1.652527643025233,11.250490685646742,0.0,0.3474723569747671,4.749509314353258,0.0,17.37,29.68,
bot_Logistica_97c4_20260502110305,bot_Logistica_97c4,Logistica,2026-05-02,11,2,21.8,2.0,1308.0,0.0,4.0,1.6567065469791322,1141.6358962587976,0.0,0.3432934530208678,166.36410374120237,0.0,17.16,12.72,
bot_Logistica_97c4_20260502121621,bot_Logistica_97c4,Logistica,2026-05-02,12,4,13.87,2.0,44.0,0.0,8.0,1.7924565029547757,36.28044488077937,0.0,0.20754349704522435,7.7195551192206295,0.0,10.38,17.54,
bot_Logistica_97c4_20260502132602,bot_Logistica_97c4,Logistica,2026-05-02,13,7,44.6,2.0,1052.0,0.1429,14.0,1.9371359803249861,884.690889629162,0.11599142479071799,0.06286401967501387,167.30911037083797,0.026908575209282012,3.14,15.9,18.83
bot_Logistica_97c4_20260502144745,bot_Logistica_97c4,Logistica,2026-05-02,14,5,21.07,2.0,1259.0,0.0,10.0,1.6773874912889997,1067.5114356903364,0.0,0.32261250871100033,191.48856430966362,0.0,16.13,15.21,
bot_Logistica_97c4_20260503070809,bot_Logistica_97c4,Logistica,2026-05-03,7,5,7.9,2.0,0.0,0.0,10.0,1.6224337993119764,0.0,0.0,0.3775662006880236,0.0,0.0,18.88,,
bot_Logistica_97c4_20260503085031,bot_Logistica_97c4,Logistica,2026-05-03,8,10,46.07,2.0,0.0,0.0,20.0,1.6254575228866235,0.0,0.0,0.3745424771133765,0.0,0.0,18.73,,
bot_Logistica_97c4_20260503102002,bot_Logistica_97c4,Logistica,2026-05-03,10,10,32.25,2.0,54.0,0.0,20.0,1.6543022782579144,49.312781069173255,0.0,0.3456977217420856,4.687218930826745,0.0,17.28,8.68,
bot_Logistica_97c4_20260503130253,bot_Logistica_97c4,Logistica,2026-05-03,13,3,8.12,2.0,108.0,0.0,6.0,1.788950685192246,97.23286003948719,0.0,0.2110493148077539,10.767139960512807,0.0,10.55,9.97,
bot_Logistica_97c4_20260503135526,bot_Logistica_97c4,Logistica,2026-05-03,13,2,22.05,2.0,1323.0,0.0,4.0,1.645531240591965,1084.1031867143784,0.0,0.3544687594080349,238.89681328562165,0.0,17.72,18.06,
bot_Logistica_97c4_20260503150506,bot_Logistica_97c4,Logistica,2026-05-03,15,2,15.72,2.0,943.0,0.5,4.0,1.6020183312409124,737.8703488862861,0.44930676108559053,0.3979816687590876,205.12965111371386,0.050693238914409466,19.9,21.75,10.14
bot_Logistica_97c4_20260503170520,bot_Logistica_97c4,Logistica,2026-05-03,17,5,44.77,2.0,0.0,0.0,10.0,1.773367839314746,0.0,0.0,0.22663216068525394,0.0,0.0,11.33,,
bot_Logistica_97c4_20260504070026,bot_Logistica_97c4,Logistica,2026-05-04,7,29,58.33,2.0,0.0,0.069,58.0,1.566894822878277,0.0,0.05764734223623632,0.4331051771217229,0.0,0.011352657763763686,21.66,,16.45
bot_Logistica_97c4_20260504091244,bot_Logistica_97c4,Logistica,2026-05-04,9,20,142.32,2.0,0.0,0.15,40.0,1.5575872191108053,0.0,0.11984755951381398,0.44241278088919467,0.0,0.03015244048618601,22.12,,20.1
bot_Logistica_97c4_20260504122057,bot_Logistica_97c4,Logistica,2026-05-04,12,30,151.33,2.0,39.0,0.1,60.0,1.6423179192450401,34.06837193799681,0.08332131655743019,0.3576820807549599,4.931628062003192,0.016678683442569814,17.88,12.65,16.68
bot_Logistica_97c4_20260504152401,bot_Logistica_97c4,Logistica,2026-05-04,15,3,40.43,2.0,1717.0,0.3333,6.0,1.6437033834180919,1538.3744636188208,0.2522903796455477,0.35629661658190814,178.62553638117924,0.0810096203544523,17.81,10.4,24.31
bot_Logistica_97c4_20260504164526,bot_Logistica_97c4,Logistica,2026-05-04,16,4,10.95,2.0,85.0,0.0,8.0,1.7413935606944264,73.75068034636563,0.0,0.2586064393055736,11.249319653634373,0.0,12.93,13.23,
bot_Logistica_97c4_20260505070222,bot_Logistica_97c4,Logistica,2026-05-05,7,15,72.17,2.0,0.0,0.1333,30.0,1.7124133022242118,0.0,0.114264940083014,0.28758669777578816,0.0,0.019035059916986008,14.38,,14.28
bot_Logistica_97c4_20260505100422,bot_Logistica_97c4,Logistica,2026-05-05,10,7,22.22,2.0,10.0,0.1429,14.0,1.6613097863557011,8.11863848974048,0.12338707091860457,0.33869021364429885,1.88136151025952,0.01951292908139543,16.93,18.81,13.65
bot_Logistica_97c4_20260505110339,bot_Logistica_97c4,Logistica,2026-05-05,11,14,102.2,2.0,114.0,0.1429,28.0,1.609365630945724,87.50377061072771,0.10476978455517169,0.39063436905427595,26.496229389272287,0.03813021544482831,19.53,23.24,26.68
bot_Logistica_97c4_20260505131602,bot_Logistica_97c4,Logistica,2026-05-05,13,14,114.12,2.0,1399.0,0.0714,28.0,1.7404009951345638,1082.7959667928849,0.06417001522968419,0.2595990048654362,316.2040332071151,0.00722998477031582,12.98,22.6,10.13
bot_Logistica_97c4_20260505154933,bot_Logistica_97c4,Logistica,2026-05-05,15,4,3.05,2.0,11.0,0.0,8.0,1.4716070592116277,10.151051002559521,0.0,0.5283929407883723,0.8489489974404787,0.0,26.42,7.72,
bot_Logistica_97c4_20260505170818,bot_Logistica_97c4,Logistica,2026-05-05,17,3,0.73,2.0,27.0,0.0,6.0,1.6701286888129607,21.890359232807917,0.0,0.3298713111870393,5.109640767192083,0.0,16.49,18.92,
bot_Logistica_97c4_20260505175056,bot_Logistica_97c4,Logistica,2026-05-05,17,2,7.57,2.0,454.0,0.0,4.0,1.676036529757515,405.496952721775,0.0,0.32396347024248495,48.50304727822498,0.0,16.2,10.68,
bot_Logistica_97c4_20260506070451,bot_Logistica_97c4,Logistica,2026-05-06,7,32,162.5,2.0,293.0,0.0938,64.0,1.6948301761461877,240.207081091067,0.07580472502474818,0.3051698238538123,52.79291890893299,0.017995274975251815,15.26,18.02,19.18
bot_Logistica_97c4_20260506102722,bot_Logistica_97c4,Logistica,2026-05-06,10,12,80.53,2.0,31.0,0.1667,24.0,1.710580176889206,23.327238991382227,0.12395657450674887,0.28941982311079406,7.672761008617773,0.04274342549325112,14.47,24.75,25.64
bot_Logistica_97c4_20260506134429,bot_Logistica_97c4,Logistica,2026-05-06,13,10,45.5,2.0,30.0,0.1,20.0,1.7541264094022715,25.396298157191914,0.0801800833182366,0.2458735905977285,4.603701842808086,0.019819916681763403,12.29,15.35,19.82
bot_Logistica_97c4_20260506150029,bot_Logistica_97c4,Logistica,2026-05-06,15,2,5.57,2.0,0.0,0.5,4.0,1.6816433933065393,0.0,0.3920060079922659,0.31835660669346066,0.0,0.10799399200773407,15.92,,21.6
bot_Logistica_97c4_20260506160452,bot_Logistica_97c4,Logistica,2026-05-06,16,14,39.85,2.0,711.0,0.1429,28.0,1.6019695274597687,602.7802988187226,0.10890142650394058,0.3980304725402313,108.2197011812774,0.03399857349605942,19.9,15.22,23.79
bot_Logistica_97c4_20260506172304,bot_Logistica_97c4,Logistica,2026-05-06,17,6,34.68,2.0,43.0,0.1667,12.0,1.720625275571447,32.37344525088864,0.14377171223710922,0.27937472442855293,10.626554749111357,0.02292828776289077,13.97,24.71,13.75
bot_Logistica_97c4_20260507070719,bot_Logistica_97c4,Logistica,2026-05-07,7,20,79.58,2.0,33.0,0.05,40.0,1.7270597482413041,28.076449061617893,0.04300672745986378,0.27294025175869585,4.923550938382107,0.006993272540136222,13.65,14.92,13.99
bot_Logistica_97c4_20260507100100,bot_Logistica_97c4,Logistica,2026-05-07,10,16,113.73,2.0,1526.0,0.125,32.0,1.8463474444462578,1356.1844359608833,0.0898695360541772,0.15365255555374224,169.81556403911668,0.035130463945822796,7.68,11.13,28.1
bot_Logistica_97c4_20260507130941,bot_Logistica_97c4,Logistica,2026-05-07,13,5,36.78,2.0,151.0,0.0,10.0,1.55184230332643,121.82061973839762,0.0,0.4481576966735701,29.179380261602375,0.0,22.41,19.32,
bot_Logistica_97c4_20260507150551,bot_Logistica_97c4,Logistica,2026-05-07,15,3,1.03,2.0,25.0,0.0,6.0,1.7315659020469123,20.042820233558167,0.0,0.2684340979530877,4.957179766441833,0.0,13.42,19.83,
bot_Logistica_97c4_20260507155143,bot_Logistica_97c4,Logistica,2026-05-07,15,2,14.1,2.0,846.0,0.0,4.0,1.6042617067646676,683.0807969334406,0.0,0.3957382932353324,162.91920306655936,0.0,19.79,19.26,
bot_Logistica_97c4_20260507172258,bot_Logistica_97c4,Logistica,2026-05-07,17,2,6.68,2.0,0.0,0.0,4.0,1.5874766753889096,0.0,0.0,0.4125233246110904,0.0,0.0,20.63,,
bot_Reportes_8c97_20260501080108,bot_Reportes_8c97,Reportes,2026-05-01,8,10,76.08,2.0,1253.0,0.0,20.0,1.6851641796607841,949.1851596146787,0.0,0.31483582033921587,303.8148403853213,0.0,15.74,24.25,
bot_Reportes_8c97_20260501095221,bot_Reportes_8c97,Reportes,2026-05-01,9,3,11.63,2.0,0.0,0.3333,6.0,1.629131790088089,0.0,0.24300306759328008,0.37086820991191094,0.0,0.0902969324067199,18.54,,27.09
bot_Reportes_8c97_20260501112848,bot_Reportes_8c97,Reportes,2026-05-01,11,7,52.33,2.0,825.0,0.0,14.0,1.6498309879408992,640.3799396676918,0.0,0.3501690120591008,184.62006033230819,0.0,17.51,22.38,
bot_Reportes_8c97_20260501132107,bot_Reportes_8c97,Reportes,2026-05-01,13,2,11.47,2.0,688.0,0.0,4.0,1.8358084538268795,550.535539449472,0.0,0.16419154617312048,137.46446055052797,0.0,8.21,19.98,
bot_Reportes_8c97_20260501141226,bot_Reportes_8c97,Reportes,2026-05-01,14,4,6.9,2.0,366.0,0.0,8.0,1.5094823574874114,293.9897106239056,0.0,0.49051764251258856,72.01028937609442,0.0,24.53,19.67,
bot_Reportes_8c97_20260501150449,bot_Reportes_8c97,Reportes,2026-05-01,15,5,6.8,2.0,358.0,0.0,10.0,1.5171032942212233,320.632829188145,0.0,0.48289670577877675,37.367170811854976,0.0,24.14,10.44,
bot_Reportes_8c97_20260501154446,bot_Reportes_8c97,Reportes,2026-05-01,15,2,23.82,2.0,0.0,0.0,4.0,1.5235533224105733,0.0,0.0,0.4764466775894267,0.0,0.0,23.82,,
bot_Reportes_8c97_20260501171012,bot_Reportes_8c97,Reportes,2026-05-01,17,5,11.1,2.0,0.0,0.2,10.0,1.6419809962217198,0.0,0.14712862824175132,0.3580190037782802,0.0,0.052871371758248686,17.9,,26.44
bot_Reportes_8c97_20260501175904,bot_Reportes_8c97,Reportes,2026-05-01,17,20,55.05,2.0,0.0,0.1,40.0,1.5550481364448496,0.0,0.0803033604877534,0.4449518635551504,0.0,0.019696639512246608,22.25,,19.7
bot_Reportes_8c97_20260502093456,bot_Reportes_8c97,Reportes,2026-05-02,9,6,51.1,2.0,1123.0,0.0,12.0,1.5975701000933256,829.0354142584277,0.0,0.40242989990667444,293.96458574157225,0.0,20.12,26.18,
bot_Reportes_8c97_20260502162316,bot_Reportes_8c97,Reportes,2026-05-02,16,2,18.22,2.0,0.0,0.0,4.0,1.6408585745283824,0.0,0.0,0.35914142547161765,0.0,0.0,17.96,,
bot_Reportes_8c97_20260502175348,bot_Reportes_8c97,Reportes,2026-05-02,17,4,48.27,2.0,2896.0,0.25,8.0,1.6631922154548906,2397.7692754722775,0.1921229286067669,0.3368077845451094,498.2307245277225,0.05787707139323309,16.84,17.2,23.15
bot_Reportes_8c97_20260503092645,bot_Reportes_8c97,Reportes,2026-05-03,9,2,8.12,2.0,487.0,0.5,4.0,1.413703906648401,402.49620363587843,0.3911921921790778,0.586296093351599,84.50379636412157,0.1088078078209222,29.31,17.35,21.76
bot_Reportes_8c97_20260503140819,bot_Reportes_8c97,Reportes,2026-05-03,14,3,0.53,2.0,0.0,0.0,6.0,1.6069578837195375,0.0,0.0,0.3930421162804625,0.0,0.0,19.65,,
bot_Reportes_8c97_20260503174524,bot_Reportes_8c97,Reportes,2026-05-03,17,3,1.0,2.0,0.0,0.0,6.0,1.6851152853332905,0.0,0.0,0.31488471466670953,0.0,0.0,15.74,,
bot_Reportes_8c97_20260503182729,bot_Reportes_8c97,Reportes,2026-05-03,18,3,23.62,2.0,0.0,0.0,6.0,1.5826318376130462,0.0,0.0,0.41736816238695384,0.0,0.0,20.87,,
bot_Reportes_8c97_20260504080401,bot_Reportes_8c97,Reportes,2026-05-04,8,15,136.13,2.0,1742.0,0.0667,30.0,1.5281955271782628,1410.6821196715596,0.04995071191216868,0.4718044728217372,331.3178803284404,0.016749288087831313,23.59,19.02,25.11
bot_Reportes_8c97_20260504112928,bot_Reportes_8c97,Reportes,2026-05-04,11,4,14.17,2.0,778.0,0.0,8.0,1.5363503772567686,614.2632043970699,0.0,0.4636496227432314,163.7367956029301,0.0,23.18,21.05,
bot_Reportes_8c97_20260504133821,bot_Reportes_8c97,Reportes,2026-05-04,13,11,121.08,2.0,0.0,0.0,22.0,1.5319251378336523,0.0,0.0,0.46807486216634775,0.0,0.0,23.4,,
bot_Reportes_8c97_20260504161343,bot_Reportes_8c97,Reportes,2026-05-04,16,40,160.3,2.0,0.0,0.025,80.0,1.5611128355838642,0.0,0.02110872235544217,0.43888716441613584,0.0,0.0038912776445578327,21.94,,15.57
bot_Reportes_8c97_20260505092941,bot_Reportes_8c97,Reportes,2026-05-05,9,10,55.07,2.0,0.0,0.0,20.0,1.5994554776511576,0.0,0.0,0.4005445223488424,0.0,0.0,20.03,,
bot_Reportes_8c97_20260505110525,bot_Reportes_8c97,Reportes,2026-05-05,11,4,26.82,2.0,1567.0,0.0,8.0,1.606505026586926,1331.1375728370963,0.0,0.39349497341307393,235.8624271629037,0.0,19.67,15.05,
bot_Reportes_8c97_20260505131407,bot_Reportes_8c97,Reportes,2026-05-05,13,12,141.48,2.0,1492.0,0.25,24.0,1.6863480375065352,1162.4702816225122,0.21061684300231975,0.31365196249346483,329.5297183774878,0.039383156997680246,15.68,22.09,15.75
bot_Reportes_8c97_20260505165435,bot_Reportes_8c97,Reportes,2026-05-05,16,28,120.6,2.0,1937.0,0.1429,56.0,1.8096898123619252,1524.1440854214188,0.10713568448459149,0.19031018763807483,412.8559145785812,0.03576431551540851,9.52,21.31,25.03
bot_Reportes_8c97_20260506083023,bot_Reportes_8c97,Reportes,2026-05-06,8,2,7.7,2.0,462.0,0.0,4.0,1.7251384477117702,408.39811656637943,0.0,0.27486155228822984,53.60188343362057,0.0,13.74,11.6,
bot_Reportes_8c97_20260506092017,bot_Reportes_8c97,Reportes,2026-05-06,9,10,54.83,2.0,450.0,0.2,20.0,1.5377813182904143,355.90984630063855,0.14095549488965725,0.4622186817095857,94.09015369936145,0.05904450511034276,23.11,20.91,29.52
bot_Reportes_8c97_20260506105834,bot_Reportes_8c97,Reportes,2026-05-06,10,4,11.17,2.0,616.0,0.0,8.0,1.4879348053515802,464.95246438403626,0.0,0.5120651946484198,151.04753561596374,0.0,25.6,24.52,
bot_Reportes_8c97_20260506135059,bot_Reportes_8c97,Reportes,2026-05-06,13,13,83.4,2.0,2229.0,0.0,26.0,1.5763315112613219,1820.4482319411952,0.0,0.42366848873867813,408.5517680588048,0.0,21.18,18.33,
bot_Reportes_8c97_20260506154857,bot_Reportes_8c97,Reportes,2026-05-06,15,4,27.3,2.0,230.0,0.25,8.0,1.479964595926121,196.4697075824807,0.19032513944718113,0.520035404073879,33.53029241751929,0.05967486055281887,26.0,14.58,23.87
bot_Reportes_8c97_20260506165614,bot_Reportes_8c97,Reportes,2026-05-06,16,5,38.85,2.0,1241.0,0.0,10.0,1.5748536290347568,1040.8775494889376,0.0,0.4251463709652432,200.12245051106242,0.0,21.26,16.13,
bot_Reportes_8c97_20260506181838,bot_Reportes_8c97,Reportes,2026-05-06,18,14,38.68,2.0,394.0,0.0714,28.0,1.6180409746184052,320.4491085017972,0.0568788510125091,0.38195902538159476,73.55089149820282,0.014521148987490906,19.1,18.67,20.34
bot_Reportes_8c97_20260507080429,bot_Reportes_8c97,Reportes,2026-05-07,8,18,141.22,2.0,3053.0,0.1111,36.0,1.6087168643907819,2832.466566357398,0.08222655438748395,0.3912831356092181,220.53343364260218,0.02887344561251605,19.56,7.22,25.99
bot_Reportes_8c97_20260507112221,bot_Reportes_8c97,Reportes,2026-05-07,11,4,7.23,2.0,0.0,0.25,8.0,1.5267003044998184,0.0,0.18605653601049682,0.4732996955001816,0.0,0.06394346398950318,23.66,,25.58
bot_Reportes_8c97_20260507140945,bot_Reportes_8c97,Reportes,2026-05-07,14,4,6.67,2.0,0.0,0.0,8.0,1.5160612872693484,0.0,0.0,0.4839387127306516,0.0,0.0,24.2,,
bot_Reportes_8c97_20260507152851,bot_Reportes_8c97,Reportes,2026-05-07,15,14,95.18,2.0,794.0,0.0,28.0,1.5227253706250525,606.125483747762,0.0,0.47727462937494747,187.87451625223798,0.0,23.86,23.66,
bot_Reportes_8c97_20260507173904,bot_Reportes_8c97,Reportes,2026-05-07,17,11,80.83,2.0,2359.0,0.0909,22.0,1.524577695571903,1973.6493079042623,0.07109708512976916,0.47542230442809696,385.3506920957377,0.019802914870230837,23.77,16.34,21.79
bot_Ventas_9525_20260501082551,bot_Ventas_9525,Ventas,2026-05-01,8,4,5.75,2.0,0.0,0.0,8.0,1.2858255885002767,0.0,0.0,0.7141744114997233,0.0,0.0,35.71,,
bot_Ventas_9525_20260501092412,bot_Ventas_9525,Ventas,2026-05-01,9,17,150.43,2.0,0.0,0.1176,34.0,1.3761211309515613,0.0,0.07812088849746243,0.6238788690484387,0.0,0.039479111502537564,31.19,,33.57
bot_Ventas_9525_20260501122559,bot_Ventas_9525,Ventas,2026-05-01,12,24,175.18,2.0,9293.0,0.125,48.0,1.4708456789987026,6811.09259629743,0.09381377836728969,0.5291543210012974,2481.9074037025703,0.031186221632710315,26.46,26.71,24.95
bot_Ventas_9525_20260501155703,bot_Ventas_9525,Ventas,2026-05-01,15,5,18.58,2.0,0.0,0.0,10.0,1.4197052772505951,0.0,0.0,0.5802947227494049,0.0,0.0,29.01,,
bot_Ventas_9525_20260501172111,bot_Ventas_9525,Ventas,2026-05-01,17,35,158.37,2.0,1451.0,0.2571,70.0,1.364306996005808,1013.2966381180058,0.19018404133552116,0.6356930039941919,437.70336188199417,0.06691595866447883,31.78,30.17,26.03
bot_Ventas_9525_20260502101826,bot_Ventas_9525,Ventas,2026-05-02,10,2,0.15,2.0,9.0,0.0,4.0,1.3856388700963829,6.400704578237504,0.0,0.6143611299036171,2.5992954217624957,0.0,30.72,28.88,
bot_Ventas_9525_20260502105903,bot_Ventas_9525,Ventas,2026-05-02,10,2,22.7,2.0,1362.0,0.0,4.0,1.5562393273448083,1125.4840982019937,0.0,0.4437606726551917,236.51590179800633,0.0,22.19,17.37,
bot_Ventas_9525_20260502121114,bot_Ventas_9525,Ventas,2026-05-02,12,2,6.87,2.0,0.0,0.0,4.0,1.3884560557481778,0.0,0.0,0.6115439442518222,0.0,0.0,30.58,,
bot_Ventas_9525_20260502170634,bot_Ventas_9525,Ventas,2026-05-02,17,3,1.3,2.0,78.0,0.0,6.0,1.6220707325736035,56.87731992277126,0.0,0.37792926742639654,21.122680077228743,0.0,18.9,27.08,
bot_Ventas_9525_20260502180217,bot_Ventas_9525,Ventas,2026-05-02,18,2,0.5,2.0,30.0,0.0,4.0,1.496465483069231,22.66305537087436,0.0,0.503534516930769,7.3369446291256395,0.0,25.18,24.46,
bot_Ventas_9525_20260502184908,bot_Ventas_9525,Ventas,2026-05-02,18,4,48.93,2.0,1069.0,0.0,8.0,1.4881274031107299,805.3137621585402,0.0,0.5118725968892701,263.68623784145984,0.0,25.59,24.67,
bot_Ventas_9525_20260503085610,bot_Ventas_9525,Ventas,2026-05-03,8,2,16.45,2.0,987.0,0.5,4.0,1.5756158991037528,722.9138329525488,0.32082204799207864,0.42438410089624723,264.0861670474512,0.17917795200792136,21.22,26.76,35.84
bot_Ventas_9525_20260503095421,bot_Ventas_9525,Ventas,2026-05-03,9,2,1.03,2.0,62.0,0.0,4.0,1.4520713686433322,47.140177796175905,0.0,0.5479286313566678,14.859822203824095,0.0,27.4,23.97,
bot_Ventas_9525_20260503105205,bot_Ventas_9525,Ventas,2026-05-03,10,2,28.85,2.0,0.0,0.5,4.0,1.4742673308872902,0.0,0.3257186205733704,0.5257326691127098,0.0,0.17428137942662958,26.29,,34.86
bot_Ventas_9525_20260503190116,bot_Ventas_9525,Ventas,2026-05-03,19,6,42.22,2.0,0.0,0.0,12.0,1.56524518626073,0.0,0.0,0.43475481373927005,0.0,0.0,21.74,,
bot_Ventas_9525_20260504080630,bot_Ventas_9525,Ventas,2026-05-04,8,3,26.48,2.0,1589.0,0.0,6.0,1.301414385902008,1171.5898458208626,0.0,0.698585614097992,417.4101541791374,0.0,34.93,26.27,
bot_Ventas_9525_20260504092029,bot_Ventas_9525,Ventas,2026-05-04,9,2,0.45,2.0,27.0,0.0,4.0,1.6537254723305461,18.48449938281345,0.0,0.3462745276694539,8.51550061718655,0.0,17.31,31.54,
bot_Ventas_9525_20260504102449,bot_Ventas_9525,Ventas,2026-05-04,10,8,93.95,2.0,3573.0,0.5,16.0,1.4623383683710756,2782.9120284297446,0.3226176116903262,0.5376616316289244,790.0879715702554,0.1773823883096738,26.88,22.11,35.48
bot_Ventas_9525_20260504123254,bot_Ventas_9525,Ventas,2026-05-04,12,5,14.4,2.0,864.0,0.2,10.0,1.465302152577034,631.0611292197544,0.1318660912315636,0.534697847422966,232.93887078024557,0.06813390876843642,26.73,26.96,34.07
bot_Ventas_9525_20260504133430,bot_Ventas_9525,Ventas,2026-05-04,13,2,0.67,2.0,40.0,0.0,4.0,1.3927566385449472,28.38817998579661,0.0,0.6072433614550528,11.611820014203388,0.0,30.36,29.03,
bot_Ventas_9525_20260504150921,bot_Ventas_9525,Ventas,2026-05-04,15,13,150.5,2.0,1276.0,0.2308,26.0,1.334748470058894,901.6834652105707,0.14194060579560194,0.6652515299411059,374.3165347894293,0.08885939420439806,33.26,29.34,38.5
bot_Ventas_9525_20260504183448,bot_Ventas_9525,Ventas,2026-05-04,18,23,79.58,2.0,360.0,0.087,46.0,1.5569046628924843,224.58263571389202,0.054118689964368596,0.4430953371075157,135.41736428610798,0.0328813100356314,22.15,37.62,37.79
bot_Ventas_9525_20260505080504,bot_Ventas_9525,Ventas,2026-05-05,8,6,47.7,2.0,0.0,0.0,12.0,1.475121187506452,0.0,0.0,0.524878812493548,0.0,0.0,26.24,,
bot_Ventas_9525_20260505101430,bot_Ventas_9525,Ventas,2026-05-05,10,3,9.83,2.0,0.0,0.0,6.0,1.3818800473306803,0.0,0.0,0.6181199526693197,0.0,0.0,30.91,,
bot_Ventas_9525_20260505105749,bot_Ventas_9525,Ventas,2026-05-05,10,2,0.53,2.0,32.0,0.0,4.0,1.2175194043379918,23.10402312008533,0.0,0.7824805956620082,8.89597687991467,0.0,39.12,27.8,
bot_Ventas_9525_20260505113006,bot_Ventas_9525,Ventas,2026-05-05,11,11,64.77,2.0,0.0,0.2727,22.0,1.3352767182869287,0.0,0.18057922273227028,0.6647232817130713,0.0,0.09212077726772971,33.24,,33.78
bot_Ventas_9525_20260505131155,bot_Ventas_9525,Ventas,2026-05-05,13,3,8.43,2.0,506.0,0.3333,6.0,1.3809921369263272,321.80829871362636,0.2311845013757886,0.6190078630736728,184.19170128637364,0.10211549862421138,30.95,36.4,30.64
bot_Ventas_9525_20260505140110,bot_Ventas_9525,Ventas,2026-05-05,14,3,0.72,2.0,16.0,0.0,6.0,1.502420117795866,11.120659308976492,0.0,0.49757988220413396,4.879340691023508,0.0,24.88,30.5,
bot_Ventas_9525_20260505151645,bot_Ventas_9525,Ventas,2026-05-05,15,23,107.3,2.0,2468.0,0.2174,46.0,1.3303915233673846,1539.350193907887,0.1337889592803909,0.6696084766326154,928.6498060921131,0.08361104071960912,33.48,37.63,38.46
bot_Ventas_9525_20260505175130,bot_Ventas_9525,Ventas,2026-05-05,17,28,126.17,2.0,0.0,0.1071,56.0,1.4328413983644501,0.0,0.06832318091017936,0.5671586016355499,0.0,0.03877681908982064,28.36,,36.21
bot_Ventas_9525_20260506084107,bot_Ventas_9525,Ventas,2026-05-06,8,5,22.03,2.0,57.0,0.0,10.0,1.4726055396514297,36.333112641057234,0.0,0.5273944603485703,20.666887358942766,0.0,26.37,36.26,
bot_Ventas_9525_20260506095223,bot_Ventas_9525,Ventas,2026-05-06,9,4,35.17,2.0,2110.0,0.0,8.0,1.4291848821607431,1594.8747102325474,0.0,0.5708151178392569,515.1252897674526,0.0,28.54,24.41,
bot_Ventas_9525_20260506111157,bot_Ventas_9525,Ventas,2026-05-06,11,3,17.88,2.0,0.0,0.3333,6.0,1.4830753219153785,0.0,0.22410606315268855,0.5169246780846215,0.0,0.10919393684731143,25.85,,32.76
bot_Ventas_9525_20260506121407,bot_Ventas_9525,Ventas,2026-05-06,12,6,21.23,2.0,500.0,0.1667,12.0,1.5016722759867545,383.22881325331076,0.10999300394946174,0.49832772401324554,116.77118674668924,0.05670699605053825,24.92,23.35,34.02
bot_Ventas_9525_20260506150800,bot_Ventas_9525,Ventas,2026-05-06,15,15,99.5,2.0,769.0,0.2,30.0,1.5083003757588513,534.8496625546561,0.14440117215449474,0.49169962424114866,234.1503374453439,0.055598827845505266,24.58,30.45,27.8
bot_Ventas_9525_20260506181020,bot_Ventas_9525,Ventas,2026-05-06,18,18,109.63,2.0,1023.0,0.0,36.0,1.369760769794073,808.2181031433881,0.0,0.630239230205927,214.78189685661187,0.0,31.51,21.0,
bot_Ventas_9525_20260507080026,bot_Ventas_9525,Ventas,2026-05-07,8,5,17.23,2.0,167.0,0.2,10.0,1.294322489788195,117.96967186450509,0.12318948342525121,0.7056775102118049,49.03032813549491,0.0768105165747488,35.28,29.36,38.41
bot_Ventas_9525_20260507085741,bot_Ventas_9525,Ventas,2026-05-07,8,3,27.3,2.0,1638.0,0.6667,6.0,1.5214643548988724,1093.1500960951341,0.4184814752537853,0.47853564510112756,544.8499039048659,0.24821852474621464,23.93,33.26,37.23
bot_Ventas_9525_20260507100127,bot_Ventas_9525,Ventas,2026-05-07,10,15,135.6,2.0,0.0,0.2,30.0,1.2484459269054469,0.0,0.10576120673371044,0.7515540730945531,0.0,0.09423879326628957,37.58,,47.12
bot_Ventas_9525_20260507150858,bot_Ventas_9525,Ventas,2026-05-07,15,5,21.5,2.0,52.0,0.0,10.0,1.2790097176514277,38.37707810597517,0.0,0.7209902823485723,13.622921894024827,0.0,36.05,26.2,
bot_Ventas_9525_20260507160436,bot_Ventas_9525,Ventas,2026-05-07,16,2,4.2,2.0,252.0,0.0,4.0,1.4799457561784966,164.21610059657192,0.0,0.5200542438215034,87.78389940342808,0.0,26.0,34.83,
bot_Ventas_9525_20260507164005,bot_Ventas_9525,Ventas,2026-05-07,16,27,186.9,2.0,1894.0,0.037,54.0,1.4370397460909432,1216.102863933466,0.02683128685826923,0.5629602539090568,677.8971360665339,0.010168713141730769,28.15,35.79,27.48
bot_Ventas_9a82_20260501080019,bot_Ventas_9a82,Ventas,2026-05-01,8,4,22.2,2.0,912.0,0.0,8.0,1.4697362290575673,628.3240336733674,0.0,0.5302637709424327,283.67596632663265,0.0,26.51,31.1,
bot_Ventas_9a82_20260501085456,bot_Ventas_9a82,Ventas,2026-05-01,8,4,24.17,2.0,0.0,0.0,8.0,1.4028382807947555,0.0,0.0,0.5971617192052445,0.0,0.0,29.86,,
bot_Ventas_9a82_20260501095910,bot_Ventas_9a82,Ventas,2026-05-01,9,21,173.63,2.0,1763.0,0.0476,42.0,1.3138015752002203,1145.8071961277633,0.030270981302931432,0.6861984247997797,617.1928038722367,0.01732901869706857,34.31,35.01,36.41
bot_Ventas_9a82_20260501153107,bot_Ventas_9a82,Ventas,2026-05-01,15,8,57.37,2.0,134.0,0.25,16.0,1.5617686526849524,98.09364717048896,0.15536026262771505,0.43823134731504765,35.906352829511036,0.09463973737228495,21.91,26.8,37.86
bot_Ventas_9a82_20260501175912,bot_Ventas_9a82,Ventas,2026-05-01,17,9,30.37,2.0,33.0,0.1111,18.0,1.439258278135616,25.408936470366903,0.07735134010858043,0.560741721864384,7.591063529633097,0.03374865989141958,28.04,23.0,30.38
bot_Ventas_9a82_20260501190059,bot_Ventas_9a82,Ventas,2026-05-01,19,19,51.23,2.0,1173.0,0.1053,38.0,1.3879630369920175,783.1571579875681,0.07212114574617556,0.6120369630079825,389.8428420124319,0.03317885425382444,30.6,33.23,31.51
bot_Ventas_9a82_20260502121208,bot_Ventas_9a82,Ventas,2026-05-02,12,4,10.73,2.0,0.0,0.0,8.0,1.4213485385421751,0.0,0.0,0.5786514614578249,0.0,0.0,28.93,,
bot_Ventas_9a82_20260502180529,bot_Ventas_9a82,Ventas,2026-05-02,18,3,31.55,2.0,0.0,0.0,6.0,1.4869552715319336,0.0,0.0,0.5130447284680664,0.0,0.0,25.65,,
bot_Ventas_9a82_20260502192000,bot_Ventas_9a82,Ventas,2026-05-02,19,10,38.65,2.0,0.0,0.1,20.0,1.4017599604692401,0.0,0.06155406090955217,0.5982400395307599,0.0,0.038445939090447835,29.91,,38.45
bot_Ventas_9a82_20260503100444,bot_Ventas_9a82,Ventas,2026-05-03,10,4,1.5,2.0,32.0,0.0,8.0,1.5555963803165251,22.716657253540234,0.0,0.44440361968347486,9.283342746459766,0.0,22.22,29.01,
bot_Ventas_9a82_20260503115400,bot_Ventas_9a82,Ventas,2026-05-03,11,7,47.68,2.0,2827.0,0.0,14.0,1.333611416594568,1933.6189079867327,0.0,0.666388583405432,893.3810920132673,0.0,33.32,31.6,
bot_Ventas_9a82_20260503165134,bot_Ventas_9a82,Ventas,2026-05-03,16,2,0.63,2.0,0.0,0.0,4.0,1.4342835488035501,0.0,0.0,0.5657164511964499,0.0,0.0,28.29,,
bot_Ventas_9a82_20260503174114,bot_Ventas_9a82,Ventas,2026-05-03,17,2,0.1,2.0,0.0,0.0,4.0,1.5962270358611865,0.0,0.0,0.4037729641388135,0.0,0.0,20.19,,
bot_Ventas_9a82_20260503190000,bot_Ventas_9a82,Ventas,2026-05-03,19,2,20.62,2.0,0.0,0.0,4.0,1.3858003478168202,0.0,0.0,0.6141996521831798,0.0,0.0,30.71,,
bot_Ventas_9a82_20260504085304,bot_Ventas_9a82,Ventas,2026-05-04,8,5,43.02,2.0,2581.0,0.4,10.0,1.2797207434801596,1773.4855578455172,0.22662831852244822,0.7202792565198404,807.5144421544828,0.1733716814775518,36.01,31.29,43.34
bot_Ventas_9a82_20260504102541,bot_Ventas_9a82,Ventas,2026-05-04,10,8,72.35,2.0,0.0,0.25,16.0,1.421922312260528,0.0,0.15646016922125783,0.578077687739472,0.0,0.09353983077874217,28.9,,37.42
bot_Ventas_9a82_20260504122351,bot_Ventas_9a82,Ventas,2026-05-04,12,5,53.27,2.0,2738.0,0.0,10.0,1.5393986763290033,1748.7926807349795,0.0,0.4606013236709967,989.2073192650205,0.0,23.03,36.13,
bot_Ventas_9a82_20260504135106,bot_Ventas_9a82,Ventas,2026-05-04,13,3,14.03,2.0,38.0,0.0,6.0,1.4044451818559973,28.589486774963092,0.0,0.5955548181440027,9.410513225036908,0.0,29.78,24.76,
bot_Ventas_9a82_20260504153137,bot_Ventas_9a82,Ventas,2026-05-04,15,2,6.75,2.0,0.0,0.0,4.0,1.3361115737131062,0.0,0.0,0.6638884262868938,0.0,0.0,33.19,,
bot_Ventas_9a82_20260504161020,bot_Ventas_9a82,Ventas,2026-05-04,16,3,18.9,2.0,1119.0,0.0,6.0,1.3647372700059182,832.7407735023792,0.0,0.6352627299940818,286.25922649762083,0.0,31.76,25.58,
bot_Ventas_9a82_20260504171029,bot_Ventas_9a82,Ventas,2026-05-04,17,16,89.35,2.0,1767.0,0.125,32.0,1.2243607843015751,1367.352339898283,0.08987557096342158,0.7756392156984249,399.64766010171707,0.03512442903657842,38.78,22.62,28.1
bot_Ventas_9a82_20260504191317,bot_Ventas_9a82,Ventas,2026-05-04,19,11,44.92,2.0,0.0,0.1818,22.0,1.3194437298490471,0.0,0.1226607343933101,0.6805562701509529,0.0,0.05913926560668989,34.03,,32.53
bot_Ventas_9a82_20260505081950,bot_Ventas_9a82,Ventas,2026-05-05,8,4,6.08,2.0,176.0,0.0,8.0,1.4080673765823908,118.35731464616029,0.0,0.5919326234176092,57.64268535383971,0.0,29.6,32.75,
bot_Ventas_9a82_20260505103046,bot_Ventas_9a82,Ventas,2026-05-05,10,2,12.1,2.0,726.0,0.0,4.0,1.3794445929008556,550.7700633991149,0.0,0.6205554070991444,175.22993660088514,0.0,31.03,24.14,
bot_Ventas_9a82_20260505111255,bot_Ventas_9a82,Ventas,2026-05-05,11,11,105.47,2.0,1257.0,0.2727,22.0,1.3449385667913896,928.4012639642484,0.13841512136770892,0.6550614332086104,328.5987360357516,0.13428487863229108,32.75,26.14,49.24
bot_Ventas_9a82_20260505132949,bot_Ventas_9a82,Ventas,2026-05-05,13,2,3.88,2.0,233.0,0.0,4.0,1.4968765700372104,142.83233447723512,0.0,0.5031234299627896,90.16766552276488,0.0,25.16,38.7,
bot_Ventas_9a82_20260505142222,bot_Ventas_9a82,Ventas,2026-05-05,14,3,1.0,2.0,60.0,0.0,6.0,1.2700330105373858,38.11595557283728,0.0,0.7299669894626142,21.88404442716272,0.0,36.5,36.47,
bot_Ventas_9a82_20260505152911,bot_Ventas_9a82,Ventas,2026-05-05,15,38,262.87,2.0,2163.0,0.1579,76.0,1.335229879868811,1551.5743948091767,0.10226456202974886,0.6647701201311891,611.4256051908233,0.05563543797025115,33.24,28.27,35.23
bot_Ventas_9a82_20260506094614,bot_Ventas_9a82,Ventas,2026-05-06,9,9,86.45,2.0,0.0,0.4444,18.0,1.4297040827223122,0.0,0.26035191277853,0.5702959172776878,0.0,0.18404808722147004,28.51,,41.41
bot_Ventas_9a82_20260506114743,bot_Ventas_9a82,Ventas,2026-05-06,11,13,64.57,2.0,0.0,0.2308,26.0,1.4816266819447141,0.0,0.13205704488946649,0.5183733180552859,0.0,0.09874295511053352,25.92,,42.78
bot_Ventas_9a82_20260506140352,bot_Ventas_9a82,Ventas,2026-05-06,14,5,32.27,2.0,1936.0,0.0,10.0,1.339188483903409,1500.4735477334013,0.0,0.6608115160965911,435.52645226659865,0.0,33.04,22.5,
bot_Ventas_9a82_20260506153041,bot_Ventas_9a82,Ventas,2026-05-06,15,2,19.82,2.0,1189.0,0.0,4.0,1.3471347865592143,811.5366294782693,0.0,0.6528652134407857,377.46337052173067,0.0,32.64,31.75,
bot_Ventas_9a82_20260506163448,bot_Ventas_9a82,Ventas,2026-05-06,16,13,45.18,2.0,0.0,0.0769,26.0,1.5896747983560842,0.0,0.05163851013344967,0.41032520164391584,0.0,0.02526148986655033,20.52,,32.85
bot_Ventas_9a82_20260506175601,bot_Ventas_9a82,Ventas,2026-05-06,17,15,107.15,2.0,1178.0,0.1333,30.0,1.4850283454031843,838.6646814666616,0.08491848409810503,0.5149716545968157,339.3353185333384,0.048381515901894975,25.75,28.81,36.3
bot_Ventas_9a82_20260507080248,bot_Ventas_9a82,Ventas,2026-05-07,8,7,70.9,2.0,1827.0,0.0,14.0,1.3623650150915023,1272.3592249525252,0.0,0.6376349849084977,554.6407750474748,0.0,31.88,30.36,
bot_Ventas_9a82_20260507100756,bot_Ventas_9a82,Ventas,2026-05-07,10,29,201.05,2.0,1301.0,0.1379,58.0,1.4547629543636982,914.0790798717647,0.09468655333240142,0.5452370456363018,386.92092012823525,0.043213446667598576,27.26,29.74,31.34
bot_Ventas_9a82_20260507142309,bot_Ventas_9a82,Ventas,2026-05-07,14,32,264.08,2.0,0.0,0.0625,64.0,1.373928341989142,0.0,0.034380622860837165,0.6260716580108581,0.0,0.028119377139162835,31.3,,44.99
bot_Ventas_9a82_20260507192656,bot_Ventas_9a82,Ventas,2026-05-07,19,12,31.4,2.0,387.0,0.1667,24.0,1.4736327674702483,277.6045520086261,0.1166734142656802,0.5263672325297517,109.39544799137389,0.050026585734319784,26.32,28.27,30.01
bot_Ventas_c334_20260501082827,bot_Ventas_c334,Ventas,2026-05-01,8,17,120.72,2.0,0.0,0.0588,34.0,1.1313744621806312,0.0,0.037809606493223784,0.8686255378193688,0.0,0.020990393506776214,43.43,,35.7
bot_Ventas_c334_20260501115533,bot_Ventas_c334,Ventas,2026-05-01,11,7,65.3,2.0,3853.0,0.4286,14.0,1.5318182816737518,2496.7621231392664,0.29172174478549084,0.4681817183262482,1356.2378768607336,0.13687825521450914,23.41,35.2,31.94
bot_Ventas_c334_20260501133812,bot_Ventas_c334,Ventas,2026-05-01,13,2,0.05,2.0,3.0,0.0,4.0,1.3156584436826344,2.006434655895629,0.0,0.6843415563173656,0.993565344104371,0.0,34.22,33.12,
bot_Ventas_c334_20260501140836,bot_Ventas_c334,Ventas,2026-05-01,14,11,111.43,2.0,0.0,0.0909,22.0,1.4019317599236654,0.0,0.06303945783598039,0.5980682400763346,0.0,0.027860542164019605,29.9,,30.65
bot_Ventas_c334_20260501164536,bot_Ventas_c334,Ventas,2026-05-01,16,6,57.07,2.0,3424.0,0.0,12.0,1.4705681887972606,2422.55171656058,0.0,0.5294318112027394,1001.4482834394198,0.0,26.47,29.25,
bot_Ventas_c334_20260501192227,bot_Ventas_c334,Ventas,2026-05-01,19,7,21.48,2.0,0.0,0.1429,14.0,1.6613415585238276,0.0,0.09432185268877845,0.3386584414761724,0.0,0.04857814731122155,16.93,,33.99
bot_Ventas_c334_20260502091346,bot_Ventas_c334,Ventas,2026-05-02,9,2,0.33,2.0,0.0,0.0,4.0,1.5260654396007611,0.0,0.0,0.47393456039923887,0.0,0.0,23.7,,
bot_Ventas_c334_20260502100132,bot_Ventas_c334,Ventas,2026-05-02,10,7,92.28,2.0,1116.0,0.1429,14.0,1.4848730222029185,717.420325869639,0.10455586829829133,0.5151269777970815,398.579674130361,0.03834413170170867,25.76,35.72,26.83
bot_Ventas_c334_20260502163631,bot_Ventas_c334,Ventas,2026-05-02,16,2,19.8,2.0,1188.0,0.5,4.0,1.3063654606981312,849.5765466351986,0.30614310374951603,0.6936345393018688,338.4234533648014,0.19385689625048397,34.68,28.49,38.77
bot_Ventas_c334_20260502174641,bot_Ventas_c334,Ventas,2026-05-02,17,3,15.83,2.0,0.0,0.0,6.0,1.4145861653407008,0.0,0.0,0.5854138346592992,0.0,0.0,29.27,,
bot_Ventas_c334_20260502193407,bot_Ventas_c334,Ventas,2026-05-02,19,3,13.57,2.0,0.0,0.3333,6.0,1.4631920754235286,0.0,0.22420314913473047,0.5368079245764714,0.0,0.10909685086526952,26.84,,32.73
bot_Ventas_c334_20260503095920,bot_Ventas_c334,Ventas,2026-05-03,9,5,42.02,2.0,1228.0,0.0,10.0,1.3965843364709352,918.794952132905,0.0,0.6034156635290648,309.205047867095,0.0,30.17,25.18,
bot_Ventas_c334_20260503120801,bot_Ventas_c334,Ventas,2026-05-03,12,8,22.18,2.0,1331.0,0.0,16.0,1.2982392184863008,971.456974648508,0.0,0.7017607815136992,359.543025351492,0.0,35.09,27.01,
bot_Ventas_c334_20260503150625,bot_Ventas_c334,Ventas,2026-05-03,15,3,44.35,2.0,0.0,0.3333,6.0,1.3912436496640008,0.0,0.21414432364210292,0.6087563503359992,0.0,0.11915567635789706,30.44,,35.75
bot_Ventas_c334_20260503191236,bot_Ventas_c334,Ventas,2026-05-03,19,4,41.22,2.0,0.0,0.25,8.0,1.4335576453471544,0.0,0.16269473809476834,0.5664423546528456,0.0,0.08730526190523166,28.32,,34.92
bot_Ventas_c334_20260504083113,bot_Ventas_c334,Ventas,2026-05-04,8,2,0.75,2.0,0.0,0.0,4.0,1.3113724913104798,0.0,0.0,0.6886275086895202,0.0,0.0,34.43,,
bot_Ventas_c334_20260504101734,bot_Ventas_c334,Ventas,2026-05-04,10,5,49.37,2.0,2962.0,0.2,10.0,1.3363038651681673,1926.5747930455207,0.10846609886396286,0.6636961348318327,1035.4252069544793,0.09153390113603715,33.18,34.96,45.77
bot_Ventas_c334_20260504113737,bot_Ventas_c334,Ventas,2026-05-04,11,12,94.18,2.0,3541.0,0.25,24.0,1.3571038252310499,2244.4469520772022,0.18302518950170463,0.6428961747689501,1296.5530479227978,0.06697481049829537,32.14,36.62,26.79
bot_Ventas_c334_20260504150035,bot_Ventas_c334,Ventas,2026-05-04,15,14,97.33,2.0,1741.0,0.1429,28.0,1.5219817089342635,1158.7965124522789,0.10897865382918509,0.47801829106573646,582.2034875477211,0.03392134617081491,23.9,33.44,23.74
bot_Ventas_c334_20260504170949,bot_Ventas_c334,Ventas,2026-05-04,17,3,9.02,2.0,233.0,0.0,6.0,1.5191765486991595,159.31571438212455,0.0,0.4808234513008405,73.68428561787545,0.0,24.04,31.62,
bot_Ventas_c334_20260504183840,bot_Ventas_c334,Ventas,2026-05-04,18,23,80.77,2.0,1575.0,0.0,46.0,1.6500942572590742,993.0711682423668,0.0,0.3499057427409258,581.9288317576332,0.0,17.5,36.95,
bot_Ventas_c334_20260505080241,bot_Ventas_c334,Ventas,2026-05-05,8,4,17.88,2.0,1040.0,0.0,8.0,1.523257043200964,854.8671251296421,0.0,0.476742956799036,185.1328748703579,0.0,23.84,17.8,
bot_Ventas_c334_20260505085326,bot_Ventas_c334,Ventas,2026-05-05,8,3,5.17,2.0,310.0,0.3333,6.0,1.477390912005236,226.21869229581193,0.23086717028707385,0.522609087994764,83.78130770418807,0.10243282971292614,26.13,27.03,30.73
bot_Ventas_c334_20260505093746,bot_Ventas_c334,Ventas,2026-05-05,9,2,17.42,2.0,0.0,0.5,4.0,1.4968928589786765,0.0,0.3276050275987969,0.5031071410213235,0.0,0.1723949724012031,25.16,,34.48
bot_Ventas_c334_20260505113920,bot_Ventas_c334,Ventas,2026-05-05,11,14,79.22,2.0,1834.0,0.2143,28.0,1.4147406872100479,1214.6614472009257,0.1362875665513725,0.5852593127899521,619.3385527990743,0.07801243344862749,29.26,33.77,36.4
bot_Ventas_c334_20260505140743,bot_Ventas_c334,Ventas,2026-05-05,14,9,82.42,2.0,0.0,0.2222,18.0,1.2517043185804615,0.0,0.13344675279955331,0.7482956814195385,0.0,0.0887532472004467,37.41,,39.94
bot_Ventas_c334_20260505163010,bot_Ventas_c334,Ventas,2026-05-05,16,18,193.75,2.0,1870.0,0.1111,36.0,1.3106410682784229,1325.8201031328501,0.07994757270064426,0.6893589317215771,544.1798968671499,0.031152427299355745,34.47,29.1,28.04
bot_Ventas_c334_20260506081522,bot_Ventas_c334,Ventas,2026-05-06,8,5,9.7,2.0,210.0,0.0,10.0,1.5128316606002314,130.50974366195663,0.0,0.48716833939976856,79.49025633804337,0.0,24.36,37.85,
bot_Ventas_c334_20260506090928,bot_Ventas_c334,Ventas,2026-05-06,9,21,213.45,2.0,0.0,0.2381,42.0,1.5150771187988217,0.0,0.15209074234928543,0.4849228812011783,0.0,0.08600925765071457,24.25,,36.12
bot_Ventas_c334_20260506145028,bot_Ventas_c334,Ventas,2026-05-06,14,21,143.6,2.0,3040.0,0.0476,42.0,1.4760052099024552,1980.8116428607275,0.031190793704627386,0.5239947900975448,1059.1883571392725,0.016409206295372618,26.2,34.84,34.47
bot_Ventas_c334_20260506174629,bot_Ventas_c334,Ventas,2026-05-06,17,26,129.62,2.0,2083.0,0.0769,52.0,1.2875974505081795,1395.467559882481,0.05121456153677806,0.7124025494918205,687.532440117519,0.025685438463221938,35.62,33.01,33.4
bot_Ventas_c334_20260507083049,bot_Ventas_c334,Ventas,2026-05-07,8,3,20.35,2.0,1221.0,0.0,6.0,1.2617006266468331,881.5909827524823,0.0,0.7382993733531669,339.4090172475177,0.0,36.91,27.8,
bot_Ventas_c334_20260507101605,bot_Ventas_c334,Ventas,2026-05-07,10,2,0.93,2.0,56.0,0.0,4.0,1.4762489954417148,39.82695957538105,0.0,0.5237510045582852,16.173040424618947,0.0,26.19,28.88,
bot_Ventas_c334_20260507111838,bot_Ventas_c334,Ventas,2026-05-07,11,8,78.92,2.0,1783.0,0.125,16.0,1.4335224502647907,1209.8184960086835,0.08201435939395178,0.5664775497352093,573.1815039913165,0.04298564060604822,28.32,32.15,34.39
bot_Ventas_c334_20260507132015,bot_Ventas_c334,Ventas,2026-05-07,13,4,39.98,2.0,580.0,0.0,8.0,1.4753298029036388,407.4169420394454,0.0,0.5246701970963612,172.58305796055458,0.0,26.23,29.76,
bot_Ventas_c334_20260507151010,bot_Ventas_c334,Ventas,2026-05-07,15,20,155.9,2.0,0.0,0.15,40.0,1.3508008312193245,0.0,0.0869804604615023,0.6491991687806755,0.0,0.06301953953849769,32.46,,42.01
bot_Ventas_c334_20260507183750,bot_Ventas_c334,Ventas,2026-05-07,18,25,78.92,2.0,4128.0,0.08,50.0,1.595957674318694,2632.8666282152385,0.04922837920881637,0.40404232568130594,1495.1333717847615,0.030771620791183632,20.2,36.22,38.46
syn_Administrador_5b1d_20260508133000,syn_Administrador_5b1d,Administrador,2026-05-08,13,6,4.62,3.0,123.0,0.0,18.0,2.4377389101646205,108.82378491820832,0.0,0.5622610898353795,14.176215081791682,0.0,18.74,11.53,
syn_Administrador_5b1d_20260509100500,syn_Administrador_5b1d,Administrador,2026-05-09,10,8,6.62,2.625,0.0,0.0,21.0,2.3910786470384275,0.0,0.0,0.23392135296157246,0.0,0.0,8.91,,
syn_Administrador_5b1d_20260510112000,syn_Administrador_5b1d,Administrador,2026-05-10,11,9,8.22,2.556,226.0,0.0,23.0,2.0620086465934033,214.0801851438393,0.0,0.4939913534065967,11.919814856160713,0.0,19.33,5.27,
syn_Administrador_5b1d_20260511172700,syn_Administrador_5b1d,Administrador,2026-05-11,17,8,9.63,3.0,0.0,0.0,24.0,2.591973106534054,0.0,0.0,0.4080268934659461,0.0,0.0,13.6,,
syn_Administrador_5b1d_20260512100800,syn_Administrador_5b1d,Administrador,2026-05-12,10,4,2.33,2.5,24.0,0.0,10.0,2.0980890426402867,20.004215160319887,0.0,0.4019109573597133,3.9957848396801126,0.0,16.08,16.65,
syn_Administrador_5b1d_20260513092800,syn_Administrador_5b1d,Administrador,2026-05-13,9,7,4.77,2.857,0.0,0.0,20.0,2.4031652640673706,0.0,0.0,0.4538347359326296,0.0,0.0,15.89,,
syn_Administrador_5b1d_20260514181600,syn_Administrador_5b1d,Administrador,2026-05-14,18,6,6.27,2.833,0.0,0.0,17.0,2.3248317886536407,0.0,0.0,0.5081682113463595,0.0,0.0,17.94,,
syn_Administrador_5b1d_20260515071000,syn_Administrador_5b1d,Administrador,2026-05-15,7,6,8.33,2.667,0.0,0.0,16.0,2.6069537401762033,0.0,0.0,0.06004625982379652,0.0,0.0,2.25,,
syn_Administrador_5b1d_20260516133400,syn_Administrador_5b1d,Administrador,2026-05-16,13,9,8.28,2.889,0.0,0.0,26.0,2.693660382593342,0.0,0.0,0.19533961740665795,0.0,0.0,6.76,,
syn_Administrador_5b1d_20260517170800,syn_Administrador_5b1d,Administrador,2026-05-17,17,8,8.68,2.25,521.0,0.0,18.0,2.0923196201019607,427.7637223472759,0.0,0.1576803798980393,93.23627765272408,0.0,7.01,17.9,
syn_Administrador_5b1d_20260518163800,syn_Administrador_5b1d,Administrador,2026-05-18,16,8,9.07,2.875,0.0,0.0,23.0,2.3558208686198827,0.0,0.0,0.5191791313801173,0.0,0.0,18.06,,
syn_Administrador_5b1d_20260519131800,syn_Administrador_5b1d,Administrador,2026-05-19,13,6,6.27,2.5,218.0,0.0,15.0,1.9682574666547181,183.49150980402555,0.0,0.5317425333452819,34.508490195974446,0.0,21.27,15.83,
syn_Administrador_5b1d_20260520165700,syn_Administrador_5b1d,Administrador,2026-05-20,16,4,2.17,2.5,15.0,0.0,10.0,2.1504732389738432,11.43307826534728,0.0,0.34952676102615676,3.5669217346527198,0.0,13.98,23.78,
syn_Administrador_5b1d_20260521133100,syn_Administrador_5b1d,Administrador,2026-05-21,13,6,6.65,2.667,0.0,0.0,16.0,2.37410058703055,0.0,0.0,0.29289941296945,0.0,0.0,10.98,,
syn_Administrador_5b1d_20260522174000,syn_Administrador_5b1d,Administrador,2026-05-22,17,4,2.77,2.75,166.0,0.0,11.0,2.502179486465078,129.399979544863,0.0,0.24782051353492207,36.60002045513701,0.0,9.01,22.05,
syn_Administrador_5b1d_20260523083100,syn_Administrador_5b1d,Administrador,2026-05-23,8,8,7.12,2.25,400.0,0.0,18.0,1.9562646385536802,321.89976288483183,0.0,0.29373536144631984,78.10023711516817,0.0,13.05,19.53,
syn_Administrador_5b1d_20260524145300,syn_Administrador_5b1d,Administrador,2026-05-24,14,7,5.03,2.714,139.0,0.0,19.0,2.378593962029198,117.28823747031626,0.0,0.33540603797080193,21.71176252968374,0.0,12.36,15.62,
syn_Administrador_5b1d_20260525180100,syn_Administrador_5b1d,Administrador,2026-05-25,18,7,8.35,2.714,0.0,0.0,19.0,2.17789359341913,0.0,0.0,0.53610640658087,0.0,0.0,19.75,,
syn_Administrador_5b1d_20260526174900,syn_Administrador_5b1d,Administrador,2026-05-26,17,9,9.83,2.667,590.0,0.0,24.0,2.248117504719151,468.9347245767887,0.0,0.41888249528084875,121.06527542321129,0.0,15.71,20.52,
syn_Administrador_5b1d_20260527144600,syn_Administrador_5b1d,Administrador,2026-05-27,14,7,6.28,2.714,205.0,0.0,19.0,2.4705668438760564,183.38592873609124,0.0,0.24343315612394356,21.614071263908755,0.0,8.97,10.54,
syn_Administrador_5b1d_20260528090200,syn_Administrador_5b1d,Administrador,2026-05-28,9,6,6.83,2.5,205.0,0.0,15.0,1.9847109044159277,168.95681339062827,0.0,0.5152890955840723,36.04318660937173,0.0,20.61,17.58,
syn_Administrador_9a0c_20260508140800,syn_Administrador_9a0c,Administrador,2026-05-08,14,9,7.55,2.667,46.0,0.0,24.0,2.3727921504338814,43.974457941957894,0.0,0.29420784956611845,2.025542058042106,0.0,11.03,4.4,
syn_Administrador_9a0c_20260509090400,syn_Administrador_9a0c,Administrador,2026-05-09,9,6,5.12,2.667,307.0,0.0,16.0,2.379503949683946,253.1350622744916,0.0,0.28749605031605396,53.86493772550841,0.0,10.78,17.55,
syn_Administrador_9a0c_20260510163800,syn_Administrador_9a0c,Administrador,2026-05-10,16,6,6.22,2.5,294.0,0.0,15.0,2.187441270452432,257.36919754732224,0.0,0.3125587295475678,36.630802452677756,0.0,12.5,12.46,
syn_Administrador_9a0c_20260511121900,syn_Administrador_9a0c,Administrador,2026-05-11,12,8,9.82,3.0,103.0,0.0,24.0,2.5299015809238075,79.66415028917744,0.0,0.47009841907619254,23.335849710822558,0.0,15.67,22.66,
syn_Administrador_9a0c_20260512112100,syn_Administrador_9a0c,Administrador,2026-05-12,11,4,3.92,3.0,235.0,0.0,12.0,2.7239986990368816,184.43544237745698,0.0,0.27600130096311837,50.56455762254302,0.0,9.2,21.52,
syn_Administrador_9a0c_20260513172900,syn_Administrador_9a0c,Administrador,2026-05-13,17,7,8.08,2.857,173.0,0.0,20.0,2.577096653657249,166.88444582579362,0.0,0.2799033463427514,6.11555417420638,0.0,9.8,3.54,
syn_Administrador_9a0c_20260514074200,syn_Administrador_9a0c,Administrador,2026-05-14,7,7,4.93,2.714,21.0,0.0,19.0,2.509159598093088,17.725920826474944,0.0,0.2048404019069121,3.274079173525056,0.0,7.55,15.59,
syn_Administrador_9a0c_20260515095000,syn_Administrador_9a0c,Administrador,2026-05-15,9,4,2.57,3.0,23.0,0.0,12.0,2.785661472448165,18.98618427418305,0.0,0.2143385275518348,4.013815725816951,0.0,7.14,17.45,
syn_Administrador_9a0c_20260516101700,syn_Administrador_9a0c,Administrador,2026-05-16,10,5,4.73,2.8,228.0,0.0,14.0,2.516317692867442,183.90376882846923,0.0,0.2836823071325578,44.096231171530775,0.0,10.13,19.34,
syn_Administrador_9a0c_20260517111300,syn_Administrador_9a0c,Administrador,2026-05-17,11,6,6.67,2.833,102.0,0.0,17.0,2.4756227504640953,81.82569968658649,0.0,0.3573772495359049,20.17430031341351,0.0,12.61,19.78,
syn_Administrador_9a0c_20260518124100,syn_Administrador_9a0c,Administrador,2026-05-18,12,4,3.73,3.0,132.0,0.0,12.0,2.5130298027313445,111.06599563863625,0.0,0.48697019726865554,20.934004361363748,0.0,16.23,15.86,
syn_Administrador_9a0c_20260519075900,syn_Administrador_9a0c,Administrador,2026-05-19,7,5,4.52,2.6,271.0,0.0,13.0,2.4359264235581053,234.07216105552337,0.0,0.1640735764418948,36.92783894447663,0.0,6.31,13.63,
syn_Administrador_9a0c_20260520142500,syn_Administrador_9a0c,Administrador,2026-05-20,14,5,2.87,3.0,36.0,0.0,15.0,2.770464944880043,32.74237358823116,0.0,0.22953505511995687,3.2576264117688396,0.0,7.65,9.05,
syn_Administrador_9a0c_20260521135300,syn_Administrador_9a0c,Administrador,2026-05-21,13,7,7.63,2.714,152.0,0.0,19.0,2.396781250512747,117.7100446341388,0.0,0.31721874948725315,34.2899553658612,0.0,11.69,22.56,
syn_Administrador_9a0c_20260522101900,syn_Administrador_9a0c,Administrador,2026-05-22,10,7,6.8,2.857,0.0,0.0,20.0,2.477986850982936,0.0,0.0,0.37901314901706407,0.0,0.0,13.27,,
syn_Administrador_9a0c_20260523170700,syn_Administrador_9a0c,Administrador,2026-05-23,17,8,9.25,2.625,90.0,0.0,21.0,2.3242603026427453,77.98361739460528,0.0,0.3007396973572547,12.016382605394725,0.0,11.46,13.35,
syn_Administrador_9a0c_20260524142000,syn_Administrador_9a0c,Administrador,2026-05-24,14,6,5.8,2.5,348.0,0.0,15.0,2.2673127054782753,293.4418548176961,0.0,0.23268729452172465,54.55814518230392,0.0,9.31,15.68,
syn_Administrador_9a0c_20260525133200,syn_Administrador_9a0c,Administrador,2026-05-25,13,9,10.9,2.889,0.0,0.0,26.0,2.414144402362881,0.0,0.0,0.4748555976371187,0.0,0.0,16.44,,
syn_Administrador_9a0c_20260526172000,syn_Administrador_9a0c,Administrador,2026-05-26,17,4,3.45,2.5,207.0,0.0,10.0,2.2814910912495256,189.72327111475727,0.0,0.21850890875047435,17.276728885242733,0.0,8.74,8.35,
syn_Administrador_9a0c_20260527183100,syn_Administrador_9a0c,Administrador,2026-05-27,18,5,4.03,2.8,56.0,0.0,14.0,2.441397998069771,51.214033183179865,0.0,0.35860200193022873,4.785966816820135,0.0,12.81,8.55,
syn_Administrador_9a0c_20260528162700,syn_Administrador_9a0c,Administrador,2026-05-28,16,7,5.17,2.857,0.0,0.0,20.0,2.4734354690257887,0.0,0.0,0.3835645309742115,0.0,0.0,13.43,,
syn_Caja_105a_20260508080100,syn_Caja_105a,Caja,2026-05-08,8,6,5.75,2.0,216.0,0.1667,12.0,1.0965823181458774,99.90449520165527,0.06185048413205061,0.9034176818541226,116.09550479834473,0.10484951586794938,45.17,53.75,62.9
syn_Caja_105a_20260509095300,syn_Caja_105a,Caja,2026-05-09,9,10,12.03,2.0,20.0,0.1,20.0,1.1357046020153416,9.51693816974635,0.04225323137393171,0.8642953979846584,10.48306183025365,0.0577467686260683,43.21,52.42,57.75
syn_Caja_105a_20260510070800,syn_Caja_105a,Caja,2026-05-10,7,10,9.52,2.0,377.0,0.1,20.0,1.2303554135441326,143.16767329471932,0.023530394325490228,0.7696445864558674,233.83232670528068,0.07646960567450978,38.48,62.02,76.47
syn_Caja_105a_20260511134600,syn_Caja_105a,Caja,2026-05-11,13,8,7.58,2.0,455.0,0.0,16.0,1.2288319911239276,175.47350961104914,0.0,0.7711680088760724,279.52649038895083,0.0,38.56,61.43,
syn_Caja_105a_20260512093100,syn_Caja_105a,Caja,2026-05-12,9,10,9.87,2.0,67.0,0.0,20.0,1.0183886973940641,24.38136553410693,0.0,0.9816113026059359,42.61863446589307,0.0,49.08,63.61,
syn_Caja_105a_20260513120600,syn_Caja_105a,Caja,2026-05-13,12,9,7.68,2.0,16.0,0.2222,18.0,1.2113155160302649,6.802791679418624,0.05187212013427005,0.7886844839697351,9.197208320581376,0.17032787986572995,39.43,57.48,76.66
syn_Caja_105a_20260514180900,syn_Caja_105a,Caja,2026-05-14,18,10,8.45,2.0,124.0,0.0,20.0,1.080775555174752,58.72518483349578,0.0,0.919224444825248,65.27481516650423,0.0,45.96,52.64,
syn_Caja_105a_20260515150000,syn_Caja_105a,Caja,2026-05-15,15,10,9.55,2.0,0.0,0.1,20.0,1.1537359919779158,0.0,0.039196457498005446,0.8462640080220842,0.0,0.06080354250199456,42.31,,60.8
syn_Caja_105a_20260516154200,syn_Caja_105a,Caja,2026-05-16,15,10,8.88,2.0,0.0,0.2,20.0,1.1473580368414156,0.0,0.08456571501664492,0.8526419631585844,0.0,0.11543428498335509,42.63,,57.72
syn_Caja_105a_20260517172000,syn_Caja_105a,Caja,2026-05-17,17,6,7.35,2.0,94.0,0.0,12.0,1.119547042697303,42.547668664303316,0.0,0.8804529573026969,51.452331335696684,0.0,44.02,54.74,
syn_Caja_105a_20260518115600,syn_Caja_105a,Caja,2026-05-18,11,10,8.07,2.0,484.0,0.0,20.0,1.0910717748808492,198.32377432054898,0.0,0.9089282251191508,285.676225679451,0.0,45.45,59.02,
syn_Caja_105a_20260519072900,syn_Caja_105a,Caja,2026-05-19,7,10,9.05,2.0,224.0,0.2,20.0,1.3065708480142346,86.3307071991688,0.056464386021232583,0.6934291519857654,137.66929280083122,0.14353561397876743,34.67,61.46,71.77
syn_Caja_105a_20260520134200,syn_Caja_105a,Caja,2026-05-20,13,9,6.87,2.0,41.0,0.1111,18.0,1.2825170327493611,18.184886461838673,0.036612600936744163,0.7174829672506389,22.815113538161327,0.07448739906325584,35.87,55.65,67.05
syn_Caja_105a_20260521100700,syn_Caja_105a,Caja,2026-05-21,10,6,6.73,2.0,174.0,0.0,12.0,1.2393904687396078,73.72714480428927,0.0,0.7606095312603922,100.27285519571073,0.0,38.03,57.63,
syn_Caja_105a_20260522175600,syn_Caja_105a,Caja,2026-05-22,17,5,4.13,2.0,248.0,0.0,10.0,1.203192587133927,106.54189853899328,0.0,0.7968074128660729,141.45810146100672,0.0,39.84,57.04,
syn_Caja_105a_20260523100900,syn_Caja_105a,Caja,2026-05-23,10,5,4.1,2.0,246.0,0.0,10.0,1.0748285076996664,120.81177307571447,0.0,0.9251714923003336,125.18822692428553,0.0,46.26,50.89,
syn_Caja_105a_20260524184200,syn_Caja_105a,Caja,2026-05-24,18,5,2.3,2.0,75.0,0.2,10.0,1.26557412893988,39.905666987725695,0.07292004149065766,0.7344258710601199,35.094333012274305,0.12707995850934234,36.72,46.79,63.54
syn_Caja_105a_20260525172000,syn_Caja_105a,Caja,2026-05-25,17,10,10.98,2.0,306.0,0.3,20.0,1.060058212965382,145.96157378696847,0.0987342694537184,0.9399417870346181,160.03842621303153,0.2012657305462816,47.0,52.3,67.09
syn_Caja_105a_20260526094300,syn_Caja_105a,Caja,2026-05-26,9,9,8.87,2.0,250.0,0.0,18.0,1.3367387247526625,115.20669163853421,0.0,0.6632612752473375,134.7933083614658,0.0,33.16,53.92,
syn_Caja_105a_20260527183100,syn_Caja_105a,Caja,2026-05-27,18,8,6.78,2.0,78.0,0.25,16.0,1.153868030586491,30.15820747083418,0.07860482451861685,0.846131969413509,47.841792529165815,0.17139517548138317,42.31,61.34,68.56
syn_Caja_105a_20260528164500,syn_Caja_105a,Caja,2026-05-28,16,10,9.0,2.0,0.0,0.1,20.0,1.2554413907944428,0.0,0.0310654450865903,0.7445586092055572,0.0,0.0689345549134097,37.23,,68.93
syn_Caja_ac1c_20260508130700,syn_Caja_ac1c,Caja,2026-05-08,13,8,8.52,2.0,0.0,0.0,16.0,1.1024652752527286,0.0,0.0,0.8975347247472714,0.0,0.0,44.88,,
syn_Caja_ac1c_20260509184200,syn_Caja_ac1c,Caja,2026-05-09,18,8,8.58,2.0,171.0,0.125,16.0,1.1484047685805816,71.16340199273111,0.036488683332863474,0.8515952314194184,99.83659800726889,0.08851131666713652,42.58,58.38,70.81
syn_Caja_ac1c_20260510115700,syn_Caja_ac1c,Caja,2026-05-10,11,10,9.05,2.0,25.0,0.1,20.0,1.1989333651955487,10.94665020144733,0.03504583491772476,0.8010666348044513,14.05334979855267,0.06495416508227525,40.05,56.21,64.95
syn_Caja_ac1c_20260511152700,syn_Caja_ac1c,Caja,2026-05-11,15,8,6.35,2.0,0.0,0.25,16.0,1.1816194141849057,0.0,0.0964485971510201,0.8183805858150943,0.0,0.1535514028489799,40.92,,61.42
syn_Caja_ac1c_20260512135500,syn_Caja_ac1c,Caja,2026-05-12,13,10,10.27,2.0,341.0,0.3,20.0,1.2653002344901083,143.84201417201854,0.12281760192121856,0.7346997655098917,197.15798582798146,0.17718239807878144,36.73,57.82,59.06
syn_Caja_ac1c_20260513144700,syn_Caja_ac1c,Caja,2026-05-13,14,9,8.55,2.0,323.0,0.0,18.0,1.0545013124897085,150.97976530364159,0.0,0.9454986875102915,172.02023469635841,0.0,47.27,53.26,
syn_Caja_ac1c_20260514132600,syn_Caja_ac1c,Caja,2026-05-14,13,10,9.7,2.0,582.0,0.0,20.0,1.0995835756289623,279.8924159003443,0.0,0.9004164243710377,302.1075840996557,0.0,45.02,51.91,
syn_Caja_ac1c_20260515080600,syn_Caja_ac1c,Caja,2026-05-15,8,9,10.93,2.0,303.0,0.1111,18.0,1.0123047270457115,124.84797353981403,0.03452538492721316,0.9876952729542885,178.15202646018597,0.07657461507278684,49.38,58.8,68.92
syn_Caja_ac1c_20260516135800,syn_Caja_ac1c,Caja,2026-05-16,13,8,7.78,2.0,194.0,0.125,16.0,1.0,108.02120916042111,0.03847994771423948,1.0,85.97879083957889,0.08652005228576051,50.0,44.32,69.22
syn_Caja_ac1c_20260517115700,syn_Caja_ac1c,Caja,2026-05-17,11,9,8.1,2.0,57.0,0.1111,18.0,1.0266746376414229,25.089082095316574,0.04203694420632956,0.9733253623585771,31.910917904683426,0.06906305579367045,48.67,55.98,62.16
syn_Caja_ac1c_20260518152200,syn_Caja_ac1c,Caja,2026-05-18,15,5,5.18,2.0,0.0,0.0,10.0,1.1303737212539295,0.0,0.0,0.8696262787460705,0.0,0.0,43.48,,
syn_Caja_ac1c_20260519181500,syn_Caja_ac1c,Caja,2026-05-19,18,5,5.38,2.0,323.0,0.0,10.0,1.0320878286213588,151.20566620038602,0.0,0.9679121713786412,171.79433379961398,0.0,48.4,53.19,
syn_Caja_ac1c_20260520135200,syn_Caja_ac1c,Caja,2026-05-20,13,6,5.92,2.0,90.0,0.0,12.0,1.2095345576019993,43.069387282372126,0.0,0.7904654423980007,46.930612717627874,0.0,39.52,52.15,
syn_Caja_ac1c_20260521095000,syn_Caja_ac1c,Caja,2026-05-21,9,9,10.05,2.0,394.0,0.0,18.0,1.1150881268667412,201.9934349924609,0.0,0.8849118731332588,192.0065650075391,0.0,44.25,48.73,
syn_Caja_ac1c_20260522180100,syn_Caja_ac1c,Caja,2026-05-22,18,9,6.28,2.0,231.0,0.3333,18.0,1.0,109.490395842743,0.11013303736495916,1.0,121.509604157257,0.22316696263504082,50.0,52.6,66.96
syn_Caja_ac1c_20260523171000,syn_Caja_ac1c,Caja,2026-05-23,17,5,2.73,2.0,164.0,0.0,10.0,1.0,79.26418495379176,0.0,1.0,84.73581504620824,0.0,50.0,51.67,
syn_Caja_ac1c_20260524083000,syn_Caja_ac1c,Caja,2026-05-24,8,5,4.17,2.0,43.0,0.2,10.0,1.0509271576736061,20.18599097708777,0.08962214944635238,0.9490728423263939,22.81400902291223,0.11037785055364763,47.45,53.06,55.19
syn_Caja_ac1c_20260525145300,syn_Caja_ac1c,Caja,2026-05-25,14,9,9.22,2.0,15.0,0.1111,18.0,1.0728753179488568,8.761262335635296,0.04347070608148323,0.9271246820511432,6.238737664364704,0.06762929391851677,46.36,41.59,60.87
syn_Caja_ac1c_20260526180800,syn_Caja_ac1c,Caja,2026-05-26,18,10,13.22,2.0,0.0,0.1,20.0,1.0,0.0,0.038205791924413895,1.0,0.0,0.06179420807558611,50.0,,61.79
syn_Caja_ac1c_20260527183800,syn_Caja_ac1c,Caja,2026-05-27,18,6,6.28,2.0,0.0,0.1667,12.0,1.1777752754082744,0.0,0.059358069373495234,0.8222247245917256,0.0,0.10734193062650475,41.11,,64.39
syn_Caja_ac1c_20260528161600,syn_Caja_ac1c,Caja,2026-05-28,16,10,10.73,2.0,370.0,0.1,20.0,1.0,164.11306974020852,0.0320473977289535,1.0,205.88693025979148,0.0679526022710465,50.0,55.65,67.95
syn_Caja_d197_20260508123300,syn_Caja_d197,Caja,2026-05-08,12,6,5.13,2.0,0.0,0.0,12.0,1.097347655019528,0.0,0.0,0.902652344980472,0.0,0.0,45.13,,
syn_Caja_d197_20260509165000,syn_Caja_d197,Caja,2026-05-09,16,10,9.32,2.0,63.0,0.0,20.0,1.1948671529822983,24.834968354589165,0.0,0.8051328470177017,38.165031645410835,0.0,40.26,60.58,
syn_Caja_d197_20260510103200,syn_Caja_d197,Caja,2026-05-10,10,9,10.93,2.0,0.0,0.2222,18.0,1.2750631486645654,0.0,0.0791696692782639,0.7249368513354346,0.0,0.1430303307217361,36.25,,64.37
syn_Caja_d197_20260511091800,syn_Caja_d197,Caja,2026-05-11,9,8,7.33,2.0,164.0,0.125,16.0,1.15686881947292,68.01983383272562,0.049426752711524115,0.84313118052708,95.98016616727438,0.07557324728847589,42.16,58.52,60.46
syn_Caja_d197_20260512152400,syn_Caja_d197,Caja,2026-05-12,15,10,11.2,2.0,215.0,0.1,20.0,1.143305185139222,102.11997377200055,0.0318625391109895,0.856694814860778,112.88002622799945,0.06813746088901051,42.83,52.5,68.14
syn_Caja_d197_20260513145500,syn_Caja_d197,Caja,2026-05-13,14,6,4.67,2.0,108.0,0.0,12.0,1.1116541699676592,52.93285933226996,0.0,0.8883458300323408,55.06714066773004,0.0,44.42,50.99,
syn_Caja_d197_20260514154100,syn_Caja_d197,Caja,2026-05-14,15,5,4.78,2.0,167.0,0.0,10.0,1.3280963851233407,72.48103785011806,0.0,0.6719036148766593,94.51896214988194,0.0,33.6,56.6,
syn_Caja_d197_20260515132500,syn_Caja_d197,Caja,2026-05-15,13,9,8.35,2.0,0.0,0.0,18.0,1.2486590831873092,0.0,0.0,0.7513409168126908,0.0,0.0,37.57,,
syn_Caja_d197_20260516075900,syn_Caja_d197,Caja,2026-05-16,7,6,5.18,2.0,278.0,0.0,12.0,1.0028343685429908,143.76191903763782,0.0,0.9971656314570092,134.23808096236218,0.0,49.86,48.29,
syn_Caja_d197_20260517131800,syn_Caja_d197,Caja,2026-05-17,13,6,4.35,2.0,79.0,0.1667,12.0,1.4112199285668254,33.63722198530331,0.062050335112147297,0.5887800714331746,45.36277801469669,0.10464966488785268,29.44,57.42,62.78
syn_Caja_d197_20260518092800,syn_Caja_d197,Caja,2026-05-18,9,5,4.07,2.0,70.0,0.0,10.0,1.3096109952567878,38.80132510855693,0.0,0.6903890047432122,31.19867489144307,0.0,34.52,44.57,
syn_Caja_d197_20260519160600,syn_Caja_d197,Caja,2026-05-19,16,8,7.35,2.0,0.0,0.125,16.0,1.2762366230593145,0.0,0.04907829343250739,0.7237633769406855,0.0,0.07592170656749261,36.19,,60.74
syn_Caja_d197_20260520154200,syn_Caja_d197,Caja,2026-05-20,15,6,4.87,2.0,292.0,0.0,12.0,1.233236107616664,124.52068854160339,0.0,0.766763892383336,167.4793114583966,0.0,38.34,57.36,
syn_Caja_d197_20260521082400,syn_Caja_d197,Caja,2026-05-21,8,10,8.63,2.0,126.0,0.0,20.0,1.155062554258905,56.13183687809295,0.0,0.844937445741095,69.86816312190706,0.0,42.25,55.45,
syn_Caja_d197_20260522163100,syn_Caja_d197,Caja,2026-05-22,16,5,3.32,2.0,150.0,0.2,10.0,1.2250387447456716,75.26478906427883,0.07348406886291847,0.7749612552543284,74.73521093572117,0.12651593113708154,38.75,49.82,63.26
syn_Caja_d197_20260523154000,syn_Caja_d197,Caja,2026-05-23,15,10,9.88,2.0,340.0,0.0,20.0,1.3031530081055265,134.9512850597304,0.0,0.6968469918944735,205.0487149402696,0.0,34.84,60.31,
syn_Caja_d197_20260524133300,syn_Caja_d197,Caja,2026-05-24,13,7,5.25,2.0,22.0,0.0,14.0,1.0837177679397196,7.934809721219633,0.0,0.9162822320602804,14.065190278780367,0.0,45.81,63.93,
syn_Caja_d197_20260525122500,syn_Caja_d197,Caja,2026-05-25,12,8,7.38,2.0,219.0,0.0,16.0,1.143225249161672,115.99827468850134,0.0,0.8567747508383281,103.00172531149866,0.0,42.84,47.03,
syn_Caja_d197_20260526082400,syn_Caja_d197,Caja,2026-05-26,8,9,7.6,2.0,456.0,0.0,18.0,1.0529813175670797,249.2973105124195,0.0,0.9470186824329203,206.7026894875805,0.0,47.35,45.33,
syn_Caja_d197_20260527181900,syn_Caja_d197,Caja,2026-05-27,18,9,7.55,2.0,195.0,0.2222,18.0,1.2136097703468618,86.32178003621414,0.06999923008000214,0.7863902296531382,108.67821996378586,0.15220076991999787,39.32,55.73,68.5
syn_Caja_d197_20260528101600,syn_Caja_d197,Caja,2026-05-28,10,8,6.0,2.0,26.0,0.125,16.0,1.1181793223928949,13.21937320561544,0.057153664412091305,0.8818206776071051,12.78062679438456,0.0678463355879087,44.09,49.16,54.28
syn_Compras_9e03_20260508152200,syn_Compras_9e03,Compras,2026-05-08,15,7,4.55,2.0,60.0,0.0,14.0,2.014324352827219,49.23345173464117,0.0,-0.014324352827218778,10.766548265358828,0.0,-0.72,17.94,
syn_Compras_9e03_20260509132000,syn_Compras_9e03,Compras,2026-05-09,13,10,10.0,2.0,600.0,0.0,20.0,1.8740886246911204,453.9468190331144,0.0,0.12591137530887964,146.05318096688558,0.0,6.3,24.34,
syn_Compras_9e03_20260510100300,syn_Compras_9e03,Compras,2026-05-10,10,10,10.85,2.0,105.0,0.0,20.0,1.845239741370133,86.27830836519172,0.0,0.1547602586298671,18.72169163480828,0.0,7.74,17.83,
syn_Compras_9e03_20260511114500,syn_Compras_9e03,Compras,2026-05-11,11,4,2.42,2.0,107.0,0.0,8.0,1.9113600106569715,87.56505050780878,0.0,0.08863998934302852,19.434949492191222,0.0,4.43,18.16,
syn_Compras_9e03_20260512155400,syn_Compras_9e03,Compras,2026-05-12,15,6,5.92,2.0,31.0,0.0,12.0,1.572773778671835,26.152351897171513,0.0,0.427226221328165,4.847648102828487,0.0,21.36,15.64,
syn_Compras_9e03_20260513073000,syn_Compras_9e03,Compras,2026-05-13,7,9,6.12,2.0,27.0,0.0,18.0,2.0261259214547866,22.197920053608534,0.0,-0.02612592145478665,4.802079946391466,0.0,-1.31,17.79,
syn_Compras_9e03_20260514185200,syn_Compras_9e03,Compras,2026-05-14,18,9,7.43,2.0,97.0,0.0,18.0,1.9068774256075023,77.12283061993678,0.0,0.09312257439249771,19.877169380063222,0.0,4.66,20.49,
syn_Compras_9e03_20260515153200,syn_Compras_9e03,Compras,2026-05-15,15,5,5.62,2.0,0.0,0.0,10.0,1.936608027838469,0.0,0.0,0.06339197216153103,0.0,0.0,3.17,,
syn_Compras_9e03_20260516170100,syn_Compras_9e03,Compras,2026-05-16,17,5,5.9,2.0,354.0,0.0,10.0,1.8396326249823032,283.58970821440886,0.0,0.16036737501769682,70.41029178559114,0.0,8.02,19.89,
syn_Compras_9e03_20260517172200,syn_Compras_9e03,Compras,2026-05-17,17,6,3.87,2.0,120.0,0.0,12.0,1.8373521108098472,103.60419304089706,0.0,0.16264788919015283,16.39580695910294,0.0,8.13,13.66,
syn_Compras_9e03_20260518101800,syn_Compras_9e03,Compras,2026-05-18,10,10,9.57,2.0,67.0,0.0,20.0,1.7796821049319653,61.61550670601439,0.0,0.22031789506803467,5.3844932939856065,0.0,11.02,8.04,
syn_Compras_9e03_20260519165900,syn_Compras_9e03,Compras,2026-05-19,16,9,7.0,2.0,383.0,0.0,18.0,1.8578632705651563,309.3258963443192,0.0,0.14213672943484368,73.67410365568082,0.0,7.11,19.24,
syn_Compras_9e03_20260520170600,syn_Compras_9e03,Compras,2026-05-20,17,6,5.53,2.0,332.0,0.0,12.0,1.948404539636105,292.7716086917344,0.0,0.05159546036389506,39.2283913082656,0.0,2.58,11.82,
syn_Compras_9e03_20260521080000,syn_Compras_9e03,Compras,2026-05-21,8,5,4.88,2.0,25.0,0.0,10.0,1.8666990717224872,21.769924022130123,0.0,0.13330092827751283,3.230075977869877,0.0,6.67,12.92,
syn_Compras_9e03_20260522171500,syn_Compras_9e03,Compras,2026-05-22,17,5,3.97,2.0,238.0,0.0,10.0,1.8070947322653703,210.56174968749974,0.0,0.19290526773462968,27.43825031250026,0.0,9.65,11.53,
syn_Compras_9e03_20260523162800,syn_Compras_9e03,Compras,2026-05-23,16,4,4.5,2.0,270.0,0.0,8.0,1.8893557932166627,209.83614563758402,0.0,0.1106442067833373,60.163854362415975,0.0,5.53,22.28,
syn_Compras_9e03_20260524144500,syn_Compras_9e03,Compras,2026-05-24,14,10,7.85,2.0,0.0,0.0,20.0,1.8564358517702515,0.0,0.0,0.1435641482297485,0.0,0.0,7.18,,
syn_Compras_9e03_20260525161600,syn_Compras_9e03,Compras,2026-05-25,16,4,3.37,2.0,202.0,0.0,8.0,1.786540842320195,162.50645038615474,0.0,0.21345915767980506,39.49354961384526,0.0,10.67,19.55,
syn_Compras_9e03_20260526104700,syn_Compras_9e03,Compras,2026-05-26,10,5,5.0,2.0,300.0,0.0,10.0,1.9748637349428715,238.26267271532404,0.0,0.025136265057128515,61.737327284675956,0.0,1.26,20.58,
syn_Compras_9e03_20260527095100,syn_Compras_9e03,Compras,2026-05-27,9,4,3.75,2.0,153.0,0.0,8.0,1.9028816500330572,134.58725789556306,0.0,0.0971183499669428,18.412742104436944,0.0,4.86,12.03,
syn_Compras_9e03_20260528083400,syn_Compras_9e03,Compras,2026-05-28,8,8,10.72,2.0,0.0,0.0,16.0,1.8232972160916676,0.0,0.0,0.17670278390833238,0.0,0.0,8.84,,
syn_Compras_df03_20260508125100,syn_Compras_df03,Compras,2026-05-08,12,4,3.82,2.0,0.0,0.0,8.0,1.6783860988014394,0.0,0.0,0.3216139011985606,0.0,0.0,16.08,,
syn_Compras_df03_20260509100000,syn_Compras_df03,Compras,2026-05-09,10,9,10.67,2.0,640.0,0.0,18.0,1.8759934841086197,465.1861620626612,0.0,0.12400651589138034,174.8138379373388,0.0,6.2,27.31,
syn_Compras_df03_20260510101300,syn_Compras_df03,Compras,2026-05-10,10,5,5.17,2.0,0.0,0.0,10.0,1.8475154261005198,0.0,0.0,0.15248457389948022,0.0,0.0,7.62,,
syn_Compras_df03_20260511160400,syn_Compras_df03,Compras,2026-05-11,16,9,11.02,2.0,350.0,0.0,18.0,1.7127997058770865,292.5493122806653,0.0,0.2872002941229135,57.450687719334724,0.0,14.36,16.41,
syn_Compras_df03_20260512115300,syn_Compras_df03,Compras,2026-05-12,11,5,3.43,2.0,125.0,0.0,10.0,1.7210035820875464,100.63004995843592,0.0,0.27899641791245355,24.36995004156408,0.0,13.95,19.5,
syn_Compras_df03_20260513181300,syn_Compras_df03,Compras,2026-05-13,18,10,12.18,2.0,158.0,0.0,20.0,1.6902671391741289,134.47909549635887,0.0,0.30973286082587115,23.520904503641134,0.0,15.49,14.89,
syn_Compras_df03_20260514124600,syn_Compras_df03,Compras,2026-05-14,12,10,10.08,2.0,275.0,0.0,20.0,1.817907927311603,228.90513934576353,0.0,0.182092072688397,46.09486065423647,0.0,9.1,16.76,
syn_Compras_df03_20260515141700,syn_Compras_df03,Compras,2026-05-15,14,9,9.28,2.0,0.0,0.0,18.0,1.6292809191303343,0.0,0.0,0.37071908086966565,0.0,0.0,18.54,,
syn_Compras_df03_20260516083200,syn_Compras_df03,Compras,2026-05-16,8,6,4.73,2.0,59.0,0.0,12.0,1.7675520086409375,59.27466732514233,0.0,0.23244799135906247,-0.2746673251423317,0.0,11.62,-0.47,
syn_Compras_df03_20260517100800,syn_Compras_df03,Compras,2026-05-17,10,8,7.2,2.0,44.0,0.0,16.0,1.7104208949904816,36.2420132883478,0.0,0.28957910500951844,7.757986711652201,0.0,14.48,17.63,
syn_Compras_df03_20260518110700,syn_Compras_df03,Compras,2026-05-18,11,8,7.33,2.0,0.0,0.0,16.0,1.7969270410537765,0.0,0.0,0.20307295894622346,0.0,0.0,10.15,,
syn_Compras_df03_20260519184300,syn_Compras_df03,Compras,2026-05-19,18,10,12.02,2.0,65.0,0.0,20.0,1.7187855914461008,61.01321777270702,0.0,0.28121440855389923,3.986782227292977,0.0,14.06,6.13,
syn_Compras_df03_20260520145100,syn_Compras_df03,Compras,2026-05-20,14,10,12.63,2.0,0.0,0.0,20.0,1.7408678104341249,0.0,0.0,0.25913218956587514,0.0,0.0,12.96,,
syn_Compras_df03_20260521081800,syn_Compras_df03,Compras,2026-05-21,8,6,5.33,2.0,128.0,0.0,12.0,1.8708773675122221,111.26229003068464,0.0,0.1291226324877779,16.73770996931536,0.0,6.46,13.08,
syn_Compras_df03_20260522153200,syn_Compras_df03,Compras,2026-05-22,15,5,4.12,2.0,72.0,0.0,10.0,1.7212450167682538,64.54785894329218,0.0,0.2787549832317462,7.452141056707816,0.0,13.94,10.35,
syn_Compras_df03_20260523081200,syn_Compras_df03,Compras,2026-05-23,8,6,6.07,2.0,0.0,0.0,12.0,1.7452351536758004,0.0,0.0,0.2547648463241996,0.0,0.0,12.74,,
syn_Compras_df03_20260524123200,syn_Compras_df03,Compras,2026-05-24,12,4,3.1,2.0,60.0,0.0,8.0,1.9918524919243146,47.49740125723718,0.0,0.008147508075685428,12.502598742762821,0.0,0.41,20.84,
syn_Compras_df03_20260525104200,syn_Compras_df03,Compras,2026-05-25,10,10,8.2,2.0,317.0,0.0,20.0,1.926822055541543,266.6026839487554,0.0,0.07317794445845704,50.397316051244616,0.0,3.66,15.9,
syn_Compras_df03_20260526160600,syn_Compras_df03,Compras,2026-05-26,16,7,6.58,2.0,53.0,0.0,14.0,1.6793606471853122,45.92001380760026,0.0,0.3206393528146878,7.079986192399737,0.0,16.03,13.36,
syn_Compras_df03_20260527080400,syn_Compras_df03,Compras,2026-05-27,8,8,7.85,2.0,471.0,0.0,16.0,1.8841729995679863,425.9579415143499,0.0,0.11582700043201366,45.0420584856501,0.0,5.79,9.56,
syn_Compras_df03_20260528152400,syn_Compras_df03,Compras,2026-05-28,15,8,7.42,2.0,168.0,0.0,16.0,1.8435633173213577,144.69668905929018,0.0,0.1564366826786423,23.30331094070982,0.0,7.82,13.87,
syn_Compras_fb52_20260508092600,syn_Compras_fb52,Compras,2026-05-08,9,8,6.75,2.0,405.0,0.0,16.0,1.7340833707189311,349.0792978300993,0.0,0.26591662928106885,55.92070216990072,0.0,13.3,13.81,
syn_Compras_fb52_20260509091200,syn_Compras_fb52,Compras,2026-05-09,9,8,9.47,2.0,0.0,0.125,16.0,1.7862460976269614,0.0,0.09608410896700223,0.2137539023730386,0.0,0.02891589103299777,10.69,,23.13
syn_Compras_fb52_20260510081200,syn_Compras_fb52,Compras,2026-05-10,8,5,4.12,2.0,0.0,0.0,10.0,1.8833878561129047,0.0,0.0,0.11661214388709529,0.0,0.0,5.83,,
syn_Compras_fb52_20260511111400,syn_Compras_fb52,Compras,2026-05-11,11,9,10.18,2.0,0.0,0.0,18.0,1.5572145100991406,0.0,0.0,0.4427854899008594,0.0,0.0,22.14,,
syn_Compras_fb52_20260512092000,syn_Compras_fb52,Compras,2026-05-12,9,5,4.35,2.0,0.0,0.0,10.0,1.767113193770112,0.0,0.0,0.2328868062298881,0.0,0.0,11.64,,
syn_Compras_fb52_20260513153400,syn_Compras_fb52,Compras,2026-05-13,15,7,6.58,2.0,55.0,0.0,14.0,1.8534620026504554,47.97851731255379,0.0,0.14653799734954465,7.021482687446209,0.0,7.33,12.77,
syn_Compras_fb52_20260514180100,syn_Compras_fb52,Compras,2026-05-14,18,9,7.47,2.0,0.0,0.0,18.0,1.7327175588185313,0.0,0.0,0.2672824411814687,0.0,0.0,13.36,,
syn_Compras_fb52_20260515151900,syn_Compras_fb52,Compras,2026-05-15,15,9,9.62,2.0,136.0,0.0,18.0,1.9309375689469443,112.7282208093629,0.0,0.06906243105305565,23.271779190637105,0.0,3.45,17.11,
syn_Compras_fb52_20260516104000,syn_Compras_fb52,Compras,2026-05-16,10,4,3.13,2.0,188.0,0.0,8.0,1.9215316051922453,168.24412244259082,0.0,0.0784683948077547,19.75587755740918,0.0,3.92,10.51,
syn_Compras_fb52_20260517082100,syn_Compras_fb52,Compras,2026-05-17,8,7,5.05,2.0,17.0,0.0,14.0,1.809773009033661,14.34443373456772,0.0,0.190226990966339,2.655566265432279,0.0,9.51,15.62,
syn_Compras_fb52_20260518172400,syn_Compras_fb52,Compras,2026-05-18,17,5,2.3,2.0,115.0,0.0,10.0,1.8018359281721603,90.39552120083114,0.0,0.19816407182783968,24.60447879916886,0.0,9.91,21.4,
syn_Compras_fb52_20260519141600,syn_Compras_fb52,Compras,2026-05-19,14,10,10.12,2.0,0.0,0.0,20.0,1.7229382702701608,0.0,0.0,0.2770617297298392,0.0,0.0,13.85,,
syn_Compras_fb52_20260520180600,syn_Compras_fb52,Compras,2026-05-20,18,7,6.1,2.0,0.0,0.0,14.0,1.7435095026295924,0.0,0.0,0.25649049737040763,0.0,0.0,12.82,,
syn_Compras_fb52_20260521090400,syn_Compras_fb52,Compras,2026-05-21,9,6,5.47,2.0,0.0,0.0,12.0,1.8565297297457244,0.0,0.0,0.1434702702542756,0.0,0.0,7.17,,
syn_Compras_fb52_20260522173700,syn_Compras_fb52,Compras,2026-05-22,17,8,8.28,2.0,247.0,0.0,16.0,1.9632928999058286,196.36090814112114,0.0,0.03670710009417144,50.63909185887886,0.0,1.84,20.5,
syn_Compras_fb52_20260523113200,syn_Compras_fb52,Compras,2026-05-23,11,10,10.9,2.0,654.0,0.1,20.0,1.8207907849658915,558.5023242694248,0.08365315049636779,0.17920921503410847,95.49767573057522,0.016346849503632216,8.96,14.6,16.35
syn_Compras_fb52_20260524142600,syn_Compras_fb52,Compras,2026-05-24,14,10,8.65,2.0,0.0,0.0,20.0,1.8183187130147664,0.0,0.0,0.18168128698523356,0.0,0.0,9.08,,
syn_Compras_fb52_20260525115300,syn_Compras_fb52,Compras,2026-05-25,11,8,6.22,2.0,373.0,0.0,16.0,1.8103818656928514,310.68554474136414,0.0,0.18961813430714858,62.31445525863586,0.0,9.48,16.71,
syn_Compras_fb52_20260526111600,syn_Compras_fb52,Compras,2026-05-26,11,5,5.95,2.0,357.0,0.0,10.0,1.9593881934895216,299.29748762707106,0.0,0.040611806510478354,57.702512372928936,0.0,2.03,16.16,
syn_Compras_fb52_20260527122200,syn_Compras_fb52,Compras,2026-05-27,12,7,5.52,2.0,242.0,0.0,14.0,1.8801080669286974,203.03338791616147,0.0,0.11989193307130264,38.96661208383853,0.0,5.99,16.1,
syn_Compras_fb52_20260528111100,syn_Compras_fb52,Compras,2026-05-28,11,5,5.68,2.0,192.0,0.0,10.0,1.8541421677150423,157.10084941484234,0.0,0.14585783228495774,34.899150585157656,0.0,7.29,18.18,
syn_Logistica_0ca2_20260508093800,syn_Logistica_0ca2,Logistica,2026-05-08,9,7,6.47,2.0,78.0,0.0,14.0,1.8545980330569016,66.10694875113836,0.0,0.14540196694309837,11.893051248861639,0.0,7.27,15.25,
syn_Logistica_0ca2_20260509105800,syn_Logistica_0ca2,Logistica,2026-05-09,10,7,5.3,2.0,133.0,0.1429,14.0,1.7778513629430157,114.86615355787094,0.1140374389886629,0.2221486370569843,18.133846442129055,0.028862561011337093,11.11,13.63,20.2
syn_Logistica_0ca2_20260510111900,syn_Logistica_0ca2,Logistica,2026-05-10,11,11,12.9,2.0,132.0,0.0,22.0,1.8952810480887505,114.67742539448615,0.0,0.10471895191124947,17.32257460551385,0.0,5.24,13.12,
syn_Logistica_0ca2_20260511090500,syn_Logistica_0ca2,Logistica,2026-05-11,9,10,9.35,2.0,270.0,0.0,20.0,1.9299982116175034,219.02449349096037,0.0,0.0700017883824966,50.97550650903963,0.0,3.5,18.88,
syn_Logistica_0ca2_20260512140700,syn_Logistica_0ca2,Logistica,2026-05-12,14,10,10.15,2.0,0.0,0.0,20.0,1.8581287313401342,0.0,0.0,0.14187126865986577,0.0,0.0,7.09,,
syn_Logistica_0ca2_20260513113100,syn_Logistica_0ca2,Logistica,2026-05-13,11,8,6.18,2.0,28.0,0.125,16.0,1.7864683203881804,23.436812551757175,0.09948012635728577,0.21353167961181962,4.563187448242825,0.025519873642714228,10.68,16.3,20.42
syn_Logistica_0ca2_20260514093600,syn_Logistica_0ca2,Logistica,2026-05-14,9,9,10.15,2.0,0.0,0.0,18.0,1.901394190194205,0.0,0.0,0.09860580980579492,0.0,0.0,4.93,,
syn_Logistica_0ca2_20260515112200,syn_Logistica_0ca2,Logistica,2026-05-15,11,11,12.57,2.0,108.0,0.0909,22.0,1.7146197078420808,95.63566099665731,0.08149463777838484,0.28538029215791916,12.364339003342693,0.009405362221615157,14.27,11.45,10.35
syn_Logistica_0ca2_20260516081600,syn_Logistica_0ca2,Logistica,2026-05-16,8,8,7.08,2.0,0.0,0.0,16.0,1.810955078146253,0.0,0.0,0.1890449218537471,0.0,0.0,9.45,,
syn_Logistica_0ca2_20260517112300,syn_Logistica_0ca2,Logistica,2026-05-17,11,12,11.22,2.0,15.0,0.0833,24.0,1.9375878302608192,11.874485149357069,0.06854910681309037,0.062412169739180845,3.125514850642931,0.014750893186909628,3.12,20.84,17.71
syn_Logistica_0ca2_20260518094500,syn_Logistica_0ca2,Logistica,2026-05-18,9,13,14.75,2.0,0.0,0.0769,26.0,1.918919762978243,0.0,0.06309484131582216,0.08108023702175693,0.0,0.013805158684177837,4.05,,17.95
syn_Logistica_0ca2_20260519183000,syn_Logistica_0ca2,Logistica,2026-05-19,18,8,6.25,2.0,81.0,0.0,16.0,1.9215046092567143,56.929909213353085,0.0,0.07849539074328571,24.070090786646915,0.0,3.92,29.72,
syn_Logistica_0ca2_20260520165800,syn_Logistica_0ca2,Logistica,2026-05-20,16,14,11.6,2.0,62.0,0.0,28.0,1.7559924316872577,46.28103801974498,0.0,0.24400756831274228,15.718961980255017,0.0,12.2,25.35,
syn_Logistica_0ca2_20260521081300,syn_Logistica_0ca2,Logistica,2026-05-21,8,14,16.97,2.0,0.0,0.0,28.0,1.9587658545162958,0.0,0.0,0.04123414548370419,0.0,0.0,2.06,,
syn_Logistica_0ca2_20260522165900,syn_Logistica_0ca2,Logistica,2026-05-22,16,8,7.93,2.0,0.0,0.0,16.0,1.9826278257988648,0.0,0.0,0.017372174201135238,0.0,0.0,0.87,,
syn_Logistica_0ca2_20260523104700,syn_Logistica_0ca2,Logistica,2026-05-23,10,6,5.22,2.0,19.0,0.0,12.0,1.8956127491071895,15.993661956956512,0.0,0.10438725089281053,3.0063380430434883,0.0,5.22,15.82,
syn_Logistica_0ca2_20260524094800,syn_Logistica_0ca2,Logistica,2026-05-24,9,8,6.8,2.0,173.0,0.0,16.0,1.7967937511870054,137.67991695051495,0.0,0.20320624881299465,35.32008304948505,0.0,10.16,20.42,
syn_Logistica_0ca2_20260525110000,syn_Logistica_0ca2,Logistica,2026-05-25,11,11,8.38,2.0,0.0,0.1818,22.0,1.8038114187567664,0.0,0.15245280206820783,0.19618858124323357,0.0,0.029347197931792163,9.81,,16.14
syn_Logistica_0ca2_20260526155900,syn_Logistica_0ca2,Logistica,2026-05-26,15,6,6.88,2.0,0.0,0.0,12.0,1.8257602446372454,0.0,0.0,0.1742397553627546,0.0,0.0,8.71,,
syn_Logistica_0ca2_20260527133300,syn_Logistica_0ca2,Logistica,2026-05-27,13,9,11.27,2.0,218.0,0.1111,18.0,1.8408607455237245,174.59107061589128,0.08276937495016898,0.15913925447627553,43.40892938410872,0.028330625049831026,7.96,19.91,25.5
syn_Logistica_0ca2_20260528181700,syn_Logistica_0ca2,Logistica,2026-05-28,18,8,7.25,2.0,17.0,0.0,16.0,1.7602230909094716,14.21451872250885,0.0,0.2397769090905284,2.785481277491151,0.0,11.99,16.39,
syn_Logistica_1d0a_20260508182000,syn_Logistica_1d0a,Logistica,2026-05-08,18,12,13.63,2.0,0.0,0.0,24.0,1.7105579020126145,0.0,0.0,0.2894420979873855,0.0,0.0,14.47,,
syn_Logistica_1d0a_20260509161000,syn_Logistica_1d0a,Logistica,2026-05-09,16,12,9.42,2.0,247.0,0.0833,24.0,1.6293279625969,216.37269115156658,0.0678996615709722,0.37067203740310006,30.627308848433415,0.015400338429027799,18.53,12.4,18.49
syn_Logistica_1d0a_20260510113900,syn_Logistica_1d0a,Logistica,2026-05-10,11,14,14.33,2.0,242.0,0.0,28.0,1.634044850053507,199.05457016769665,0.0,0.36595514994649303,42.94542983230335,0.0,18.3,17.75,
syn_Logistica_1d0a_20260511081900,syn_Logistica_1d0a,Logistica,2026-05-11,8,10,13.1,2.0,398.0,0.0,20.0,1.811717451041918,360.19896387586056,0.0,0.18828254895808194,37.80103612413944,0.0,9.41,9.5,
syn_Logistica_1d0a_20260512114500,syn_Logistica_1d0a,Logistica,2026-05-12,11,11,12.47,2.0,0.0,0.0909,22.0,1.7913026079147418,0.0,0.07677114064746736,0.20869739208525817,0.0,0.014128859352532636,10.43,,15.54
syn_Logistica_1d0a_20260513102000,syn_Logistica_1d0a,Logistica,2026-05-13,10,9,6.53,2.0,48.0,0.1111,18.0,1.801119662823769,38.41927360382683,0.08832975538737194,0.1988803371762311,9.58072639617317,0.02277024461262807,9.94,19.96,20.5
syn_Logistica_1d0a_20260514184800,syn_Logistica_1d0a,Logistica,2026-05-14,18,14,13.97,2.0,0.0,0.0,28.0,1.7001974143196512,0.0,0.0,0.2998025856803488,0.0,0.0,14.99,,
syn_Logistica_1d0a_20260515130400,syn_Logistica_1d0a,Logistica,2026-05-15,13,7,8.57,2.0,240.0,0.0,14.0,1.9699190685753007,200.39207023422455,0.0,0.030080931424699253,39.60792976577545,0.0,1.5,16.5,
syn_Logistica_1d0a_20260516125700,syn_Logistica_1d0a,Logistica,2026-05-16,12,14,17.43,2.0,0.0,0.0714,28.0,1.6284285607387172,0.0,0.052250034683470406,0.3715714392612828,0.0,0.0191499653165296,18.58,,26.82
syn_Logistica_1d0a_20260517182300,syn_Logistica_1d0a,Logistica,2026-05-17,18,7,6.92,2.0,186.0,0.0,14.0,1.8065126651011485,160.5991427160384,0.0,0.1934873348988515,25.400857283961614,0.0,9.67,13.66,
syn_Logistica_1d0a_20260518161600,syn_Logistica_1d0a,Logistica,2026-05-18,16,6,3.67,2.0,38.0,0.0,12.0,1.8693038314076116,30.926184001801463,0.0,0.13069616859238842,7.073815998198537,0.0,6.53,18.62,
syn_Logistica_1d0a_20260519103100,syn_Logistica_1d0a,Logistica,2026-05-19,10,8,6.6,2.0,0.0,0.0,16.0,1.9410220628255426,0.0,0.0,0.05897793717445743,0.0,0.0,2.95,,
syn_Logistica_1d0a_20260520133900,syn_Logistica_1d0a,Logistica,2026-05-20,13,10,9.28,2.0,41.0,0.1,20.0,1.6906807774584713,29.946778427274925,0.0775042334037879,0.30931922254152866,11.053221572725075,0.022495766596212108,15.47,26.96,22.5
syn_Logistica_1d0a_20260521145900,syn_Logistica_1d0a,Logistica,2026-05-21,14,10,11.02,2.0,95.0,0.0,20.0,1.7586869761172306,74.92089724603188,0.0,0.24131302388276943,20.079102753968115,0.0,12.07,21.14,
syn_Logistica_1d0a_20260522143000,syn_Logistica_1d0a,Logistica,2026-05-22,14,12,16.18,2.0,266.0,0.0833,24.0,1.7874851882958769,219.91741544195256,0.0648490392508703,0.21251481170412312,46.082584558047444,0.018450960749129705,10.63,17.32,22.15
syn_Logistica_1d0a_20260523144300,syn_Logistica_1d0a,Logistica,2026-05-23,14,14,13.9,2.0,176.0,0.0714,28.0,1.7966654671966729,151.3770777162108,0.054012675293529044,0.20333453280332714,24.622922283789194,0.01738732470647096,10.17,13.99,24.35
syn_Logistica_1d0a_20260524112600,syn_Logistica_1d0a,Logistica,2026-05-24,11,13,13.57,2.0,43.0,0.0,26.0,1.920893237974627,35.82203551558884,0.0,0.07910676202537292,7.177964484411163,0.0,3.96,16.69,
syn_Logistica_1d0a_20260525175700,syn_Logistica_1d0a,Logistica,2026-05-25,17,11,10.65,2.0,39.0,0.0,22.0,1.8506214423256557,33.136771455963824,0.0,0.14937855767434427,5.8632285440361755,0.0,7.47,15.03,
syn_Logistica_1d0a_20260526185500,syn_Logistica_1d0a,Logistica,2026-05-26,18,9,10.15,2.0,239.0,0.0,18.0,1.8085124165201825,192.96337337304675,0.0,0.19148758347981754,46.03662662695325,0.0,9.57,19.26,
syn_Logistica_1d0a_20260527095000,syn_Logistica_1d0a,Logistica,2026-05-27,9,11,12.27,2.0,263.0,0.0,22.0,1.665427379267934,221.82156013096127,0.0,0.33457262073206606,41.178439869038726,0.0,16.73,15.66,
syn_Logistica_1d0a_20260528155300,syn_Logistica_1d0a,Logistica,2026-05-28,15,7,8.07,2.0,200.0,0.0,14.0,1.758988314272746,166.3146248856107,0.0,0.24101168572725395,33.6853751143893,0.0,12.05,16.84,
syn_Logistica_2864_20260508084800,syn_Logistica_2864,Logistica,2026-05-08,8,13,12.85,2.0,171.0,0.0,26.0,1.6291275092259039,144.09182390475652,0.0,0.3708724907740961,26.908176095243476,0.0,18.54,15.74,
syn_Logistica_2864_20260509111900,syn_Logistica_2864,Logistica,2026-05-09,11,10,8.65,2.0,25.0,0.0,20.0,1.581232485907404,22.532134801080876,0.0,0.41876751409259594,2.4678651989191245,0.0,20.94,9.87,
syn_Logistica_2864_20260510123100,syn_Logistica_2864,Logistica,2026-05-10,12,13,14.42,2.0,170.0,0.0,26.0,1.7809457200526737,146.09115207590932,0.0,0.2190542799473263,23.90884792409068,0.0,10.95,14.06,
syn_Logistica_2864_20260511111600,syn_Logistica_2864,Logistica,2026-05-11,11,10,12.22,2.0,167.0,0.1,20.0,1.8615310892609511,129.9791324548334,0.08569577086805001,0.13846891073904888,37.020867545166595,0.014304229131949994,6.92,22.17,14.3
syn_Logistica_2864_20260512102200,syn_Logistica_2864,Logistica,2026-05-12,10,9,6.95,2.0,54.0,0.3333,18.0,1.7840582318042977,43.441325435493056,0.29351173422557203,0.21594176819570232,10.558674564506944,0.039788265774427956,10.8,19.55,11.94
syn_Logistica_2864_20260513080800,syn_Logistica_2864,Logistica,2026-05-13,8,12,14.88,2.0,679.0,0.0,24.0,1.6589953485401048,578.8031487140511,0.0,0.3410046514598952,100.19685128594892,0.0,17.05,14.76,
syn_Logistica_2864_20260514084100,syn_Logistica_2864,Logistica,2026-05-14,8,6,4.98,2.0,0.0,0.0,12.0,1.6705691258529451,0.0,0.0,0.32943087414705485,0.0,0.0,16.47,,
syn_Logistica_2864_20260515151200,syn_Logistica_2864,Logistica,2026-05-15,15,11,11.08,2.0,440.0,0.0,22.0,1.5091468026761818,397.41548534331935,0.0,0.49085319732381816,42.58451465668065,0.0,24.54,9.68,
syn_Logistica_2864_20260516141700,syn_Logistica_2864,Logistica,2026-05-16,14,12,15.48,2.0,226.0,0.0,24.0,1.7872546204341657,202.11976804615168,0.0,0.21274537956583428,23.880231953848323,0.0,10.64,10.57,
syn_Logistica_2864_20260517070000,syn_Logistica_2864,Logistica,2026-05-17,7,8,6.35,2.0,334.0,0.0,16.0,1.6429185712045415,261.4267320362849,0.0,0.35708142879545846,72.57326796371513,0.0,17.85,21.73,
syn_Logistica_2864_20260518105400,syn_Logistica_2864,Logistica,2026-05-18,10,13,12.03,2.0,105.0,0.0,26.0,1.6531965715814259,92.08321779441403,0.0,0.34680342841857414,12.916782205585974,0.0,17.34,12.3,
syn_Logistica_2864_20260519123200,syn_Logistica_2864,Logistica,2026-05-19,12,12,12.9,2.0,95.0,0.0,24.0,1.8235683810789955,76.93970187375307,0.0,0.17643161892100445,18.060298126246934,0.0,8.82,19.01,
syn_Logistica_2864_20260520114300,syn_Logistica_2864,Logistica,2026-05-20,11,10,11.63,2.0,97.0,0.2,20.0,1.515656180777905,77.37753017749348,0.17184851633097456,0.484343819222095,19.622469822506517,0.02815148366902545,24.22,20.23,14.08
syn_Logistica_2864_20260521094300,syn_Logistica_2864,Logistica,2026-05-21,9,7,5.02,2.0,301.0,0.0,14.0,1.845558282354823,233.66104947820716,0.0,0.1544417176451769,67.33895052179284,0.0,7.72,22.37,
syn_Logistica_2864_20260522122300,syn_Logistica_2864,Logistica,2026-05-22,12,10,10.63,2.0,86.0,0.0,20.0,1.6813594243041072,73.27269298292431,0.0,0.31864057569589277,12.727307017075688,0.0,15.93,14.8,
syn_Logistica_2864_20260523081300,syn_Logistica_2864,Logistica,2026-05-23,8,14,11.08,2.0,216.0,0.0,28.0,1.726406104446409,175.8905350516341,0.0,0.27359389555359104,40.10946494836591,0.0,13.68,18.57,
syn_Logistica_2864_20260524111200,syn_Logistica_2864,Logistica,2026-05-24,11,7,6.53,2.0,209.0,0.0,14.0,1.7386284248003698,175.20911271952428,0.0,0.26137157519963017,33.790887280475715,0.0,13.07,16.17,
syn_Logistica_2864_20260525131000,syn_Logistica_2864,Logistica,2026-05-25,13,6,5.38,2.0,89.0,0.0,12.0,1.673039019607417,74.18878483153625,0.0,0.32696098039258303,14.811215168463747,0.0,16.35,16.64,
syn_Logistica_2864_20260526170100,syn_Logistica_2864,Logistica,2026-05-26,17,12,15.17,2.0,42.0,0.1667,24.0,1.6581203937332898,38.553159058059904,0.13986896359859022,0.3418796062667102,3.4468409419400956,0.02683103640140977,17.09,8.21,16.1
syn_Logistica_2864_20260527163400,syn_Logistica_2864,Logistica,2026-05-27,16,8,6.57,2.0,232.0,0.0,16.0,1.654451968197084,202.50067109232452,0.0,0.34554803180291604,29.499328907675476,0.0,17.28,12.72,
syn_Logistica_2864_20260528100200,syn_Logistica_2864,Logistica,2026-05-28,10,8,9.13,2.0,131.0,0.0,16.0,1.8013124637586642,112.19915635889751,0.0,0.19868753624133584,18.80084364110249,0.0,9.93,14.35,
syn_Reportes_69a4_20260508092500,syn_Reportes_69a4,Reportes,2026-05-08,9,6,6.63,2.0,398.0,0.0,12.0,1.8029716925810277,289.12956457383683,0.0,0.19702830741897226,108.87043542616317,0.0,9.85,27.35,
syn_Reportes_69a4_20260509151600,syn_Reportes_69a4,Reportes,2026-05-09,15,4,5.42,2.0,116.0,0.0,8.0,1.6388074993600945,94.2090699496295,0.0,0.3611925006399055,21.790930050370505,0.0,18.06,18.79,
syn_Reportes_69a4_20260510151200,syn_Reportes_69a4,Reportes,2026-05-10,15,5,4.55,2.0,0.0,0.0,10.0,1.9813300146192632,0.0,0.0,0.01866998538073683,0.0,0.0,0.93,,
syn_Reportes_69a4_20260511180900,syn_Reportes_69a4,Reportes,2026-05-11,18,8,8.15,2.0,164.0,0.0,16.0,1.5780942265847262,127.57007484218101,0.0,0.4219057734152738,36.429925157818985,0.0,21.1,22.21,
syn_Reportes_69a4_20260512101500,syn_Reportes_69a4,Reportes,2026-05-12,10,6,4.58,2.0,29.0,0.0,12.0,1.6961152401748885,23.101191463052054,0.0,0.30388475982511154,5.898808536947946,0.0,15.19,20.34,
syn_Reportes_69a4_20260513182100,syn_Reportes_69a4,Reportes,2026-05-13,18,6,5.92,2.0,355.0,0.0,12.0,1.5602700189624212,299.0504070460862,0.0,0.43972998103757877,55.94959295391379,0.0,21.99,15.76,
syn_Reportes_69a4_20260514120500,syn_Reportes_69a4,Reportes,2026-05-14,12,4,2.62,2.0,157.0,0.0,8.0,1.7821246864111149,142.6665489575373,0.0,0.21787531358888512,14.333451042462713,0.0,10.89,9.13,
syn_Reportes_69a4_20260515083700,syn_Reportes_69a4,Reportes,2026-05-15,8,9,11.27,2.0,226.0,0.0,18.0,1.505171247725367,178.6981522927547,0.0,0.4948287522746331,47.30184770724529,0.0,24.74,20.93,
syn_Reportes_69a4_20260516184000,syn_Reportes_69a4,Reportes,2026-05-16,18,6,6.97,2.0,0.0,0.0,12.0,1.9540347454220595,0.0,0.0,0.04596525457794054,0.0,0.0,2.3,,
syn_Reportes_69a4_20260517125100,syn_Reportes_69a4,Reportes,2026-05-17,12,7,5.95,2.0,137.0,0.0,14.0,1.7116689543219947,109.55925377301666,0.0,0.28833104567800527,27.440746226983336,0.0,14.42,20.03,
syn_Reportes_69a4_20260518102800,syn_Reportes_69a4,Reportes,2026-05-18,10,4,2.93,2.0,0.0,0.0,8.0,1.6079029671604848,0.0,0.0,0.39209703283951525,0.0,0.0,19.6,,
syn_Reportes_69a4_20260519161200,syn_Reportes_69a4,Reportes,2026-05-19,16,7,6.4,2.0,0.0,0.0,14.0,1.8667786324939346,0.0,0.0,0.1332213675060654,0.0,0.0,6.66,,
syn_Reportes_69a4_20260520184100,syn_Reportes_69a4,Reportes,2026-05-20,18,8,10.93,2.0,0.0,0.0,16.0,1.7190351432578208,0.0,0.0,0.2809648567421792,0.0,0.0,14.05,,
syn_Reportes_69a4_20260521152600,syn_Reportes_69a4,Reportes,2026-05-21,15,5,5.32,2.0,217.0,0.0,10.0,1.8203571889856052,170.67472785392656,0.0,0.17964281101439483,46.325272146073445,0.0,8.98,21.35,
syn_Reportes_69a4_20260522135100,syn_Reportes_69a4,Reportes,2026-05-22,13,7,6.35,2.0,381.0,0.0,14.0,1.7552737186315022,328.15625727720976,0.0,0.24472628136849783,52.84374272279024,0.0,12.24,13.87,
syn_Reportes_69a4_20260523163600,syn_Reportes_69a4,Reportes,2026-05-23,16,6,5.83,2.0,81.0,0.1667,12.0,1.5808967531793119,70.31578207789165,0.12114312127231007,0.4191032468206881,10.684217922108346,0.04555687872768992,20.96,13.19,27.33
syn_Reportes_69a4_20260524141200,syn_Reportes_69a4,Reportes,2026-05-24,14,8,8.88,2.0,0.0,0.0,16.0,1.692823366135118,0.0,0.0,0.30717663386488203,0.0,0.0,15.36,,
syn_Reportes_69a4_20260525120800,syn_Reportes_69a4,Reportes,2026-05-25,12,7,5.72,2.0,0.0,0.0,14.0,1.5446325786021304,0.0,0.0,0.45536742139786957,0.0,0.0,22.77,,
syn_Reportes_69a4_20260526150300,syn_Reportes_69a4,Reportes,2026-05-26,15,9,9.0,2.0,263.0,0.0,18.0,1.780523891412916,210.99314389189584,0.0,0.219476108587084,52.00685610810416,0.0,10.97,19.77,
syn_Reportes_69a4_20260527111300,syn_Reportes_69a4,Reportes,2026-05-27,11,9,9.83,2.0,58.0,0.0,18.0,1.810312242837934,48.56112519925516,0.0,0.1896877571620661,9.438874800744841,0.0,9.48,16.27,
syn_Reportes_69a4_20260528093300,syn_Reportes_69a4,Reportes,2026-05-28,9,4,3.85,2.0,231.0,0.0,8.0,1.7671580681255248,183.67574124545035,0.0,0.23284193187447522,47.324258754549646,0.0,11.64,20.49,
syn_Reportes_f207_20260508141800,syn_Reportes_f207,Reportes,2026-05-08,14,7,5.87,2.0,90.0,0.0,14.0,1.6661091719647318,77.55196543590178,0.0,0.33389082803526815,12.448034564098222,0.0,16.69,13.83,
syn_Reportes_f207_20260509133500,syn_Reportes_f207,Reportes,2026-05-09,13,8,8.12,2.0,176.0,0.0,16.0,1.3915611365335718,147.4519268334619,0.0,0.6084388634664282,28.548073166538103,0.0,30.42,16.22,
syn_Reportes_f207_20260510183400,syn_Reportes_f207,Reportes,2026-05-10,18,4,3.15,2.0,136.0,0.0,8.0,1.6837291243554102,106.83807451899557,0.0,0.3162708756445898,29.16192548100443,0.0,15.81,21.44,
syn_Reportes_f207_20260511114800,syn_Reportes_f207,Reportes,2026-05-11,11,8,6.67,2.0,0.0,0.0,16.0,1.7803526462122858,0.0,0.0,0.21964735378771416,0.0,0.0,10.98,,
syn_Reportes_f207_20260512180800,syn_Reportes_f207,Reportes,2026-05-12,18,5,4.87,2.0,42.0,0.0,10.0,1.5884343265458714,30.91280185394324,0.0,0.41156567345412864,11.08719814605676,0.0,20.58,26.4,
syn_Reportes_f207_20260513144100,syn_Reportes_f207,Reportes,2026-05-13,14,5,5.65,2.0,229.0,0.0,10.0,1.7718393472382759,195.25828176955616,0.0,0.22816065276172415,33.74171823044384,0.0,11.41,14.73,
syn_Reportes_f207_20260514072500,syn_Reportes_f207,Reportes,2026-05-14,7,9,10.0,2.0,0.0,0.0,18.0,1.7581095786847998,0.0,0.0,0.24189042131520022,0.0,0.0,12.09,,
syn_Reportes_f207_20260515170400,syn_Reportes_f207,Reportes,2026-05-15,17,5,5.52,2.0,236.0,0.0,10.0,1.7287922544673942,199.42483239768666,0.0,0.27120774553260585,36.57516760231334,0.0,13.56,15.5,
syn_Reportes_f207_20260516153000,syn_Reportes_f207,Reportes,2026-05-16,15,8,8.0,2.0,42.0,0.0,16.0,1.8044913371474642,35.29743807912223,0.0,0.19550866285253576,6.70256192087777,0.0,9.78,15.96,
syn_Reportes_f207_20260517161300,syn_Reportes_f207,Reportes,2026-05-17,16,8,7.25,2.0,180.0,0.0,16.0,1.7926150238316427,144.66130866675846,0.0,0.20738497616835727,35.33869133324154,0.0,10.37,19.63,
syn_Reportes_f207_20260518181600,syn_Reportes_f207,Reportes,2026-05-18,18,6,7.23,2.0,434.0,0.0,12.0,1.6692933036056237,333.2056126077,0.0,0.33070669639437633,100.7943873923,0.0,16.54,23.22,
syn_Reportes_f207_20260519070600,syn_Reportes_f207,Reportes,2026-05-19,7,4,2.6,2.0,156.0,0.0,8.0,1.671148132928448,119.3991246162003,0.0,0.3288518670715519,36.6008753837997,0.0,16.44,23.46,
syn_Reportes_f207_20260520153300,syn_Reportes_f207,Reportes,2026-05-20,15,6,6.35,2.0,0.0,0.0,12.0,1.4962385333046213,0.0,0.0,0.5037614666953787,0.0,0.0,25.19,,
syn_Reportes_f207_20260521152300,syn_Reportes_f207,Reportes,2026-05-21,15,4,4.28,2.0,182.0,0.0,8.0,1.603891136893181,152.50913558273487,0.0,0.39610886310681903,29.49086441726513,0.0,19.81,16.2,
syn_Reportes_f207_20260522165900,syn_Reportes_f207,Reportes,2026-05-22,16,7,6.65,2.0,94.0,0.0,14.0,1.5248440135631025,72.08519354073879,0.0,0.4751559864368975,21.914806459261214,0.0,23.76,23.31,
syn_Reportes_f207_20260523171200,syn_Reportes_f207,Reportes,2026-05-23,17,8,8.63,2.0,106.0,0.0,16.0,1.5916096898891134,89.72621666223826,0.0,0.40839031011088656,16.273783337761742,0.0,20.42,15.35,
syn_Reportes_f207_20260524080500,syn_Reportes_f207,Reportes,2026-05-24,8,5,3.68,2.0,120.0,0.0,10.0,1.659148515868939,84.57682581355947,0.0,0.34085148413106103,35.423174186440534,0.0,17.04,29.52,
syn_Reportes_f207_20260525082200,syn_Reportes_f207,Reportes,2026-05-25,8,6,5.97,2.0,230.0,0.0,12.0,1.5616741605146527,185.83922524806277,0.0,0.4383258394853473,44.160774751937225,0.0,21.92,19.2,
syn_Reportes_f207_20260526131100,syn_Reportes_f207,Reportes,2026-05-26,13,5,3.55,2.0,52.0,0.0,10.0,1.821665859583865,38.457066962290305,0.0,0.17833414041613493,13.542933037709695,0.0,8.92,26.04,
syn_Reportes_f207_20260527183300,syn_Reportes_f207,Reportes,2026-05-27,18,5,5.7,2.0,342.0,0.0,10.0,1.7039849544753696,306.0987412038356,0.0,0.2960150455246304,35.90125879616443,0.0,14.8,10.5,
syn_Reportes_f207_20260528083000,syn_Reportes_f207,Reportes,2026-05-28,8,7,4.78,2.0,69.0,0.0,14.0,1.7065659415274625,53.84885515956943,0.0,0.29343405847253745,15.151144840430568,0.0,14.67,21.96,
syn_Ventas_4aed_20260508174700,syn_Ventas_4aed,Ventas,2026-05-08,17,6,3.97,2.0,61.0,0.0,12.0,1.475045380029553,44.152891196536466,0.0,0.5249546199704469,16.847108803463534,0.0,26.25,27.62,
syn_Ventas_4aed_20260509150700,syn_Ventas_4aed,Ventas,2026-05-09,15,11,11.13,2.091,103.0,0.0,23.0,1.754789145829008,86.31224920039205,0.0,0.3362108541709923,16.687750799607954,0.0,16.08,16.2,
syn_Ventas_4aed_20260510091600,syn_Ventas_4aed,Ventas,2026-05-10,9,7,7.1,2.0,426.0,0.0,14.0,1.52150363742925,297.6552671503105,0.0,0.4784963625707499,128.34473284968948,0.0,23.92,30.13,
syn_Ventas_4aed_20260511092900,syn_Ventas_4aed,Ventas,2026-05-11,9,5,4.78,2.0,0.0,0.0,10.0,1.5029286868910943,0.0,0.0,0.49707131310890573,0.0,0.0,24.85,,
syn_Ventas_4aed_20260512071500,syn_Ventas_4aed,Ventas,2026-05-12,7,6,5.55,2.0,118.0,0.0,12.0,1.5876354872033722,77.747722398945,0.0,0.4123645127966278,40.252277601055,0.0,20.62,34.11,
syn_Ventas_4aed_20260513103700,syn_Ventas_4aed,Ventas,2026-05-13,10,8,9.02,2.0,90.0,0.125,16.0,1.5724207064918196,62.95814855487623,0.07920065802179427,0.42757929350818036,27.04185144512377,0.04579934197820573,21.38,30.05,36.64
syn_Ventas_4aed_20260514112900,syn_Ventas_4aed,Ventas,2026-05-14,11,8,5.77,2.0,325.0,0.125,16.0,1.587919068385898,240.90784680084903,0.07583043615180687,0.4120809316141021,84.09215319915097,0.049169563848193126,20.6,25.87,39.34
syn_Ventas_4aed_20260515150500,syn_Ventas_4aed,Ventas,2026-05-15,15,7,6.98,2.0,419.0,0.2857,14.0,1.5065883510924745,286.9369396971288,0.1664792338581851,0.49341164890752554,132.06306030287118,0.1192207661418149,24.67,31.52,41.73
syn_Ventas_4aed_20260516125600,syn_Ventas_4aed,Ventas,2026-05-16,12,6,5.68,2.0,61.0,0.0,12.0,1.4904742140278502,41.24752633568879,0.0,0.5095257859721498,19.75247366431121,0.0,25.48,32.38,
syn_Ventas_4aed_20260517070500,syn_Ventas_4aed,Ventas,2026-05-17,7,11,13.55,2.0,0.0,0.1818,22.0,1.5986561329001925,0.0,0.12590466247610685,0.4013438670998075,0.0,0.05589533752389314,20.07,,30.75
syn_Ventas_4aed_20260518111000,syn_Ventas_4aed,Ventas,2026-05-18,11,6,4.63,2.167,38.0,0.0,13.0,1.6888111667269252,27.341883214864886,0.0,0.4781888332730746,10.658116785135114,0.0,22.07,28.05,
syn_Ventas_4aed_20260519122700,syn_Ventas_4aed,Ventas,2026-05-19,12,6,5.73,2.167,42.0,0.1667,13.0,1.7324474105574497,28.176206819015675,0.08802745898576596,0.43455258944255015,13.823793180984325,0.07867254101423403,20.05,32.91,47.19
syn_Ventas_4aed_20260520093900,syn_Ventas_4aed,Ventas,2026-05-20,9,9,8.12,2.0,285.0,0.0,18.0,1.5589720837813696,219.77416093942415,0.0,0.44102791621863036,65.22583906057585,0.0,22.05,22.89,
syn_Ventas_4aed_20260521174400,syn_Ventas_4aed,Ventas,2026-05-21,17,5,4.25,2.0,107.0,0.0,10.0,1.668939748459117,81.51329936166326,0.0,0.3310602515408829,25.486700638336742,0.0,16.55,23.82,
syn_Ventas_4aed_20260522094700,syn_Ventas_4aed,Ventas,2026-05-22,9,12,12.82,2.0,103.0,0.0,24.0,1.5921315707405597,68.91909273851309,0.0,0.40786842925944033,34.080907261486914,0.0,20.39,33.09,
syn_Ventas_4aed_20260523150100,syn_Ventas_4aed,Ventas,2026-05-23,15,11,10.02,2.091,44.0,0.0909,23.0,1.708323073708573,33.44854576177139,0.058451216677029856,0.38267692629142713,10.551454238228608,0.03244878332297014,18.3,23.98,35.7
syn_Ventas_4aed_20260524132500,syn_Ventas_4aed,Ventas,2026-05-24,13,8,6.48,2.0,118.0,0.125,16.0,1.5273810735148587,82.60311495725392,0.08500754218080697,0.47261892648514126,35.39688504274608,0.03999245781919303,23.63,30.0,31.99
syn_Ventas_4aed_20260525125400,syn_Ventas_4aed,Ventas,2026-05-25,12,8,5.92,2.0,355.0,0.25,16.0,1.4280145183866457,207.74278808181398,0.15561828938135522,0.5719854816133543,147.25721191818602,0.09438171061864478,28.6,41.48,37.75
syn_Ventas_4aed_20260526122700,syn_Ventas_4aed,Ventas,2026-05-26,12,10,8.3,2.1,0.0,0.1,21.0,1.5228451952790134,0.0,0.06426109840591264,0.5771548047209867,0.0,0.035738901594087366,27.48,,35.74
syn_Ventas_4aed_20260527174300,syn_Ventas_4aed,Ventas,2026-05-27,17,5,5.85,2.2,304.0,0.0,11.0,1.6797826750074687,234.8775065239553,0.0,0.5202173249925315,69.1224934760447,0.0,23.65,22.74,
syn_Ventas_4aed_20260528170500,syn_Ventas_4aed,Ventas,2026-05-28,17,7,5.4,2.143,324.0,0.0,15.0,1.7170224276323003,236.87975573350312,0.0,0.4259775723676995,87.12024426649688,0.0,19.88,26.89,
syn_Ventas_6a40_20260508070900,syn_Ventas_6a40,Ventas,2026-05-08,7,12,11.25,2.0,0.0,0.5,24.0,1.681711178742027,0.0,0.34176201543103035,0.3182888212579731,0.0,0.15823798456896965,15.91,,31.65
syn_Ventas_6a40_20260509123200,syn_Ventas_6a40,Ventas,2026-05-09,12,8,6.97,2.0,0.0,0.0,16.0,1.4706142766959847,0.0,0.0,0.5293857233040153,0.0,0.0,26.47,,
syn_Ventas_6a40_20260510092000,syn_Ventas_6a40,Ventas,2026-05-10,9,8,9.23,2.0,109.0,0.125,16.0,1.6154409526097517,71.38381902875156,0.07581460574203316,0.38455904739024827,37.61618097124844,0.049185394257966836,19.23,34.51,39.35
syn_Ventas_6a40_20260511071000,syn_Ventas_6a40,Ventas,2026-05-11,7,12,10.67,2.0,302.0,0.0,24.0,1.690343478441477,193.43988041770334,0.0,0.30965652155852297,108.56011958229666,0.0,15.48,35.95,
syn_Ventas_6a40_20260512120200,syn_Ventas_6a40,Ventas,2026-05-12,12,11,12.03,2.0,0.0,0.0,22.0,1.4877379265352133,0.0,0.0,0.5122620734647867,0.0,0.0,25.61,,
syn_Ventas_6a40_20260513161900,syn_Ventas_6a40,Ventas,2026-05-13,16,5,4.8,2.0,270.0,0.0,10.0,1.6381187431082345,181.65446097145838,0.0,0.36188125689176553,88.34553902854162,0.0,18.09,32.72,
syn_Ventas_6a40_20260514102600,syn_Ventas_6a40,Ventas,2026-05-14,10,12,12.28,2.0,0.0,0.0833,24.0,1.5818919175395723,0.0,0.05723053339867482,0.41810808246042774,0.0,0.026069466601325177,20.91,,31.3
syn_Ventas_6a40_20260515083900,syn_Ventas_6a40,Ventas,2026-05-15,8,8,11.25,2.0,38.0,0.0,16.0,1.5264786433528417,26.165660160853964,0.0,0.47352135664715833,11.834339839146036,0.0,23.68,31.14,
syn_Ventas_6a40_20260516185500,syn_Ventas_6a40,Ventas,2026-05-16,18,9,10.65,2.111,0.0,0.0,19.0,1.3949135823141552,0.0,0.0,0.716086417685845,0.0,0.0,33.92,,
syn_Ventas_6a40_20260517121900,syn_Ventas_6a40,Ventas,2026-05-17,12,5,4.12,2.0,39.0,0.0,10.0,1.6562604287898024,27.26244225951793,0.0,0.3437395712101976,11.737557740482071,0.0,17.19,30.1,
syn_Ventas_6a40_20260518134400,syn_Ventas_6a40,Ventas,2026-05-18,13,12,11.13,2.083,95.0,0.0,25.0,1.6456185227363749,69.09881579708224,0.0,0.4373814772636253,25.90118420291776,0.0,21.0,27.26,
syn_Ventas_6a40_20260519172600,syn_Ventas_6a40,Ventas,2026-05-19,17,10,8.18,2.0,54.0,0.3,20.0,1.6892321694668873,39.73152955169135,0.205772785885619,0.31076783053311274,14.268470448308648,0.09422721411438098,15.54,26.42,31.41
syn_Ventas_6a40_20260520070800,syn_Ventas_6a40,Ventas,2026-05-20,7,9,7.25,2.0,127.0,0.1111,18.0,1.6216475738809728,89.02456577635684,0.07595274416579569,0.3783524261190272,37.97543422364316,0.03514725583420432,18.92,29.9,31.64
syn_Ventas_6a40_20260521133500,syn_Ventas_6a40,Ventas,2026-05-21,13,7,6.28,2.0,140.0,0.2857,14.0,1.6369814133741378,95.52171502341282,0.17751109867416778,0.36301858662586217,44.478284976587176,0.10818890132583223,18.15,31.77,37.87
syn_Ventas_6a40_20260522135800,syn_Ventas_6a40,Ventas,2026-05-22,13,8,7.57,2.0,108.0,0.0,16.0,1.5879856295261987,83.96470881807402,0.0,0.4120143704738013,24.035291181925984,0.0,20.6,22.25,
syn_Ventas_6a40_20260523184100,syn_Ventas_6a40,Ventas,2026-05-23,18,12,12.15,2.083,33.0,0.0833,25.0,1.4904359435718835,23.371855388040252,0.05435694727823031,0.5925640564281167,9.628144611959748,0.02894305272176969,28.45,29.18,34.75
syn_Ventas_6a40_20260524181400,syn_Ventas_6a40,Ventas,2026-05-24,18,9,9.98,2.0,0.0,0.0,18.0,1.5951341664370409,0.0,0.0,0.40486583356295913,0.0,0.0,20.24,,
syn_Ventas_6a40_20260525165300,syn_Ventas_6a40,Ventas,2026-05-25,16,11,8.83,2.0,98.0,0.0,22.0,1.7267863438602082,60.75557050546507,0.0,0.27321365613979176,37.24442949453493,0.0,13.66,38.0,
syn_Ventas_6a40_20260526130600,syn_Ventas_6a40,Ventas,2026-05-26,13,5,5.35,2.0,0.0,0.2,10.0,1.5674745239850953,0.0,0.1282414559556793,0.43252547601490465,0.0,0.07175854404432072,21.63,,35.88
syn_Ventas_6a40_20260527113000,syn_Ventas_6a40,Ventas,2026-05-27,11,6,5.02,2.0,301.0,0.0,12.0,1.743947016572802,211.0143416488542,0.0,0.25605298342719807,89.98565835114579,0.0,12.8,29.9,
syn_Ventas_6a40_20260528121800,syn_Ventas_6a40,Ventas,2026-05-28,12,12,14.97,2.0,54.0,0.0,24.0,1.451783523482742,36.13582419829341,0.0,0.5482164765172579,17.864175801706587,0.0,27.41,33.08,
syn_Ventas_a940_20260508130600,syn_Ventas_a940,Ventas,2026-05-08,13,5,4.48,2.0,93.0,0.0,10.0,1.5012284903243764,71.05964364676753,0.0,0.49877150967562356,21.940356353232474,0.0,24.94,23.59,
syn_Ventas_a940_20260509122900,syn_Ventas_a940,Ventas,2026-05-09,12,8,8.03,2.0,25.0,0.0,16.0,1.4218542043062967,17.808130973040004,0.0,0.5781457956937033,7.191869026959996,0.0,28.91,28.77,
syn_Ventas_a940_20260510083600,syn_Ventas_a940,Ventas,2026-05-10,8,6,5.9,2.0,162.0,0.0,12.0,1.6470149038521265,126.20237956120383,0.0,0.35298509614787354,35.79762043879617,0.0,17.65,22.1,
syn_Ventas_a940_20260511180900,syn_Ventas_a940,Ventas,2026-05-11,18,11,12.92,2.0,55.0,0.0909,22.0,1.451914248878966,35.041660887984804,0.058021379740358765,0.548085751121034,19.958339112015196,0.03287862025964123,27.4,36.29,36.17
syn_Ventas_a940_20260512074800,syn_Ventas_a940,Ventas,2026-05-12,7,12,14.37,2.083,25.0,0.0,25.0,1.6451907246985857,18.734168145736376,0.0,0.43780927530141445,6.265831854263624,0.0,21.02,25.06,
syn_Ventas_a940_20260513140900,syn_Ventas_a940,Ventas,2026-05-13,14,9,12.28,2.0,175.0,0.0,18.0,1.5010152476745156,123.82788243217647,0.0,0.49898475232548445,51.172117567823534,0.0,24.95,29.24,
syn_Ventas_a940_20260514085900,syn_Ventas_a940,Ventas,2026-05-14,8,7,5.17,2.0,36.0,0.1429,14.0,1.7419538721694772,22.306210151187493,0.09420497143620994,0.25804612783052283,13.693789848812507,0.04869502856379006,12.9,38.04,34.08
syn_Ventas_a940_20260515125200,syn_Ventas_a940,Ventas,2026-05-15,12,6,3.47,2.0,49.0,0.0,12.0,1.7353606219229638,34.31665961917199,0.0,0.2646393780770362,14.683340380828007,0.0,13.23,29.97,
syn_Ventas_a940_20260516100500,syn_Ventas_a940,Ventas,2026-05-16,10,6,4.98,2.0,299.0,0.0,12.0,1.4972554577189572,206.60314435765198,0.0,0.5027445422810428,92.39685564234802,0.0,25.14,30.9,
syn_Ventas_a940_20260517103100,syn_Ventas_a940,Ventas,2026-05-17,10,11,12.63,2.0,190.0,0.1818,22.0,1.3118138088670492,147.56762016231508,0.10522622948422818,0.6881861911329508,42.43237983768492,0.07657377051577181,34.41,22.33,42.12
syn_Ventas_a940_20260518163800,syn_Ventas_a940,Ventas,2026-05-18,16,5,4.97,2.0,0.0,0.2,10.0,1.5063347670765583,0.0,0.1358855326977072,0.49366523292344167,0.0,0.06411446730229281,24.68,,32.06
syn_Ventas_a940_20260519183600,syn_Ventas_a940,Ventas,2026-05-19,18,6,2.95,2.0,21.0,0.0,12.0,1.3731875648116252,15.18528129938604,0.0,0.6268124351883748,5.814718700613961,0.0,31.34,27.69,
syn_Ventas_a940_20260520182000,syn_Ventas_a940,Ventas,2026-05-20,18,9,11.52,2.111,673.0,0.0,19.0,1.4741984838152289,477.4836125400898,0.0,0.6368015161847713,195.51638745991022,0.0,30.17,29.05,
syn_Ventas_a940_20260521172400,syn_Ventas_a940,Ventas,2026-05-21,17,9,9.58,2.222,59.0,0.0,20.0,1.7504790686080463,41.35648594337646,0.0,0.4715209313919537,17.643514056623538,0.0,21.22,29.9,
syn_Ventas_a940_20260522124900,syn_Ventas_a940,Ventas,2026-05-22,12,8,9.07,2.25,273.0,0.125,18.0,1.7795106320479956,215.72935169858906,0.08005685130170438,0.47048936795200436,57.270648301410944,0.04494314869829562,20.91,20.98,35.95
syn_Ventas_a940_20260523080100,syn_Ventas_a940,Ventas,2026-05-23,8,6,4.47,2.167,139.0,0.0,13.0,1.7389912730317554,88.31175294279541,0.0,0.42800872696824444,50.68824705720459,0.0,19.75,36.47,
syn_Ventas_a940_20260524081700,syn_Ventas_a940,Ventas,2026-05-24,8,11,11.97,2.091,530.0,0.1818,23.0,1.6521415763523934,410.32907475620306,0.12140252534046164,0.43885842364760674,119.67092524379694,0.06039747465953835,20.99,22.58,33.22
syn_Ventas_a940_20260525160900,syn_Ventas_a940,Ventas,2026-05-25,16,8,6.85,2.125,411.0,0.125,17.0,1.5955500842569148,287.6854383814499,0.07343495166268926,0.5294499157430852,123.3145616185501,0.05156504833731074,24.92,30.0,41.25
syn_Ventas_a940_20260526094500,syn_Ventas_a940,Ventas,2026-05-26,9,10,11.77,2.0,54.0,0.0,20.0,1.5934515326355365,40.1822992682732,0.0,0.4065484673644635,13.817700731726802,0.0,20.33,25.59,
syn_Ventas_a940_20260527095600,syn_Ventas_a940,Ventas,2026-05-27,9,11,12.95,2.0,156.0,0.0,22.0,1.4859957852240497,111.27385019128597,0.0,0.5140042147759503,44.72614980871403,0.0,25.7,28.67,
syn_Ventas_a940_20260528120000,syn_Ventas_a940,Ventas,2026-05-28,12,11,10.62,2.0,374.0,0.0,22.0,1.5263867385374177,301.0647974574138,0.0,0.4736132614625823,72.93520254258618,0.0,23.68,19.5,
syn_Ventas_e0e2_20260508083800,syn_Ventas_e0e2,Ventas,2026-05-08,8,5,5.75,2.0,161.0,0.0,10.0,1.539765984797878,107.48728846463696,0.0,0.46023401520212204,53.51271153536304,0.0,23.01,33.24,
syn_Ventas_e0e2_20260509085400,syn_Ventas_e0e2,Ventas,2026-05-09,8,7,5.02,2.143,0.0,0.0,15.0,1.6688372298396803,0.0,0.0,0.4741627701603195,0.0,0.0,22.13,,
syn_Ventas_e0e2_20260510104500,syn_Ventas_e0e2,Ventas,2026-05-10,10,7,7.88,2.0,0.0,0.1429,14.0,1.7175603004513638,0.0,0.07954857204752841,0.28243969954863624,0.0,0.06335142795247159,14.12,,44.33
syn_Ventas_e0e2_20260511071800,syn_Ventas_e0e2,Ventas,2026-05-11,7,9,9.78,2.0,587.0,0.2222,18.0,1.6763513689836924,390.80611461394386,0.15321385040669838,0.3236486310163076,196.19388538605614,0.06898614959330163,16.18,33.42,31.05
syn_Ventas_e0e2_20260512090400,syn_Ventas_e0e2,Ventas,2026-05-12,9,12,12.53,2.083,0.0,0.0,25.0,1.4358010873853124,0.0,0.0,0.6471989126146878,0.0,0.0,31.07,,
syn_Ventas_e0e2_20260513142200,syn_Ventas_e0e2,Ventas,2026-05-13,14,9,10.28,2.0,104.0,0.0,18.0,1.6486764119066526,72.87421995274946,0.0,0.3513235880933474,31.125780047250544,0.0,17.57,29.93,
syn_Ventas_e0e2_20260514124700,syn_Ventas_e0e2,Ventas,2026-05-14,12,11,12.87,2.091,209.0,0.0,23.0,1.6047341534835053,153.4720278751975,0.0,0.48626584651649485,55.52797212480249,0.0,23.26,26.57,
syn_Ventas_e0e2_20260515140700,syn_Ventas_e0e2,Ventas,2026-05-15,14,6,6.25,2.0,56.0,0.0,12.0,1.6340412980472485,44.73403363664336,0.0,0.3659587019527515,11.26596636335664,0.0,18.3,20.12,
syn_Ventas_e0e2_20260516172200,syn_Ventas_e0e2,Ventas,2026-05-16,17,5,5.67,2.0,115.0,0.0,10.0,1.7373212574968626,81.10004664075846,0.0,0.2626787425031374,33.899953359241536,0.0,13.13,29.48,
syn_Ventas_e0e2_20260517071700,syn_Ventas_e0e2,Ventas,2026-05-17,7,7,6.1,2.0,234.0,0.1429,14.0,1.442568637426101,161.5872914279087,0.09947019004970026,0.5574313625738989,72.4127085720913,0.04342980995029974,27.87,30.95,30.39
syn_Ventas_e0e2_20260518083100,syn_Ventas_e0e2,Ventas,2026-05-18,8,12,10.42,2.167,151.0,0.0,26.0,1.693342652807094,117.10921972336746,0.0,0.47365734719290575,33.89078027663254,0.0,21.86,22.44,
syn_Ventas_e0e2_20260519163200,syn_Ventas_e0e2,Ventas,2026-05-19,16,8,10.38,2.0,623.0,0.0,16.0,1.5743911052153947,397.0879442065313,0.0,0.4256088947846053,225.9120557934687,0.0,21.28,36.26,
syn_Ventas_e0e2_20260520132900,syn_Ventas_e0e2,Ventas,2026-05-20,13,10,7.87,2.0,291.0,0.0,20.0,1.66428873900973,197.57791590194068,0.0,0.33571126099026993,93.42208409805932,0.0,16.79,32.1,
syn_Ventas_e0e2_20260521135500,syn_Ventas_e0e2,Ventas,2026-05-21,13,5,5.55,2.0,105.0,0.0,10.0,1.5954948146796495,75.79287739660091,0.0,0.4045051853203505,29.207122603399085,0.0,20.23,27.82,
syn_Ventas_e0e2_20260522121400,syn_Ventas_e0e2,Ventas,2026-05-22,12,10,7.55,2.0,27.0,0.1,20.0,1.6991782191822156,17.454077532473782,0.06840108052725224,0.30082178081778443,9.545922467526218,0.03159891947274776,15.04,35.36,31.6
syn_Ventas_e0e2_20260523083900,syn_Ventas_e0e2,Ventas,2026-05-23,8,11,10.97,2.091,62.0,0.0,23.0,1.7719664604295724,37.8863784895798,0.0,0.3190335395704278,24.113621510420202,0.0,15.26,38.89,
syn_Ventas_e0e2_20260524081900,syn_Ventas_e0e2,Ventas,2026-05-24,8,11,9.98,2.0,0.0,0.0,22.0,1.525182016899233,0.0,0.0,0.47481798310076706,0.0,0.0,23.74,,
syn_Ventas_e0e2_20260525145700,syn_Ventas_e0e2,Ventas,2026-05-25,14,8,8.73,2.0,0.0,0.25,16.0,1.5268771435886448,0.0,0.16292690521860032,0.4731228564113552,0.0,0.08707309478139968,23.66,,34.83
syn_Ventas_e0e2_20260526121500,syn_Ventas_e0e2,Ventas,2026-05-26,12,11,8.57,2.091,132.0,0.0909,23.0,1.5336182370918943,85.23355414935777,0.062172751571037306,0.5573817629081059,46.76644585064223,0.02872724842896269,26.66,35.43,31.6
syn_Ventas_e0e2_20260527153500,syn_Ventas_e0e2,Ventas,2026-05-27,15,5,3.55,2.2,82.0,0.0,11.0,1.606792656132548,60.13188125372776,0.0,0.5932073438674521,21.868118746272238,0.0,26.96,26.67,
syn_Ventas_e0e2_20260528090400,syn_Ventas_e0e2,Ventas,2026-05-28,9,12,11.6,2.0,517.0,0.0,24.0,1.4030193271209404,344.3849537371233,0.0,0.5969806728790596,172.61504626287672,0.0,29.85,33.39,
