session_id,user_id,role,fecha,hora_inicio,n_clics,duracion_min,M1_pre,M2_pre,M3_pre,costo_sesion_total,M1_post,M2_post,M3_post
us_adm_001_20260101170534,us_adm_001,Administrador,2026-01-01,17,53,165.06,3.0,283.9,0.2264,159.0,3.0,130.11743973499134,0.08007458440558722
us_adm_001_20260102170423,us_adm_001,Administrador,2026-01-02,17,57,175.47,3.0,166.4,0.2982,171.0,3.0,76.76712035802493,0.11537722103135944
us_adm_001_20260103170100,us_adm_001,Administrador,2026-01-03,17,64,174.57,3.0,291.2,0.2969,192.0,3.0,129.20661332625647,0.10444017862060355
us_adm_001_20260104170954,us_adm_001,Administrador,2026-01-04,17,55,166.44,3.0,0.0,0.4,165.0,3.0,10.0,0.14872012299451362
us_adm_001_20260105170113,us_adm_001,Administrador,2026-01-05,17,60,173.07,3.0,0.0,0.4,180.0,3.0,10.0,0.1469211255099781
us_adm_001_20260106170716,us_adm_001,Administrador,2026-01-06,17,52,156.3,3.0,815.8,0.2308,156.0,3.0,358.233070472459,0.08011922371558423
us_adm_001_20260107170645,us_adm_001,Administrador,2026-01-07,17,53,170.31,3.0,200.0,0.3208,159.0,3.0,90.64526844110287,0.10207407136963044
us_adm_001_20260108170010,us_adm_001,Administrador,2026-01-08,17,52,178.73,3.0,1507.4,0.3462,156.0,3.0,623.8958868628166,0.11951026953463231
us_adm_001_20260109170903,us_adm_001,Administrador,2026-01-09,17,57,166.79,3.0,0.0,0.2982,171.0,3.0,10.0,0.10816804205934019
us_adm_001_20260110170431,us_adm_001,Administrador,2026-01-10,17,58,173.42,3.0,303.2,0.1897,174.0,3.0,130.44470974797488,0.062260590724875865
us_adm_001_20260111170152,us_adm_001,Administrador,2026-01-11,17,53,171.55,3.0,2482.7,0.3208,159.0,3.0,1185.9859691333213,0.11290109667543326
us_adm_001_20260112170142,us_adm_001,Administrador,2026-01-12,17,43,177.92,3.0,0.0,0.4186,129.0,3.0,10.0,0.13728265334631132
us_adm_001_20260113170042,us_adm_001,Administrador,2026-01-13,17,49,178.45,3.0,35.4,0.2449,147.0,3.0,15.487480256842625,0.08783829884439895
us_adm_001_20260114170504,us_adm_001,Administrador,2026-01-14,17,58,172.26,3.0,222.5,0.3966,174.0,3.0,94.64420761272883,0.14434874635893727
us_adm_001_20260115170145,us_adm_001,Administrador,2026-01-15,17,56,175.29,3.0,486.5,0.3393,168.0,3.0,212.2961081277352,0.11896459847196737
us_adm_001_20260116170552,us_adm_001,Administrador,2026-01-16,17,52,167.7,3.0,1548.2,0.3462,156.0,3.0,675.5616596847356,0.1362287225366367
us_adm_001_20260117170013,us_adm_001,Administrador,2026-01-17,17,64,179.62,3.0,1847.4,0.4375,192.0,3.0,827.8516271210282,0.1466926100167972
us_adm_001_20260118170402,us_adm_001,Administrador,2026-01-18,17,55,171.4,3.0,46.3,0.3455,165.0,3.0,21.52199916925272,0.11471800263676477
us_adm_001_20260119170333,us_adm_001,Administrador,2026-01-19,17,52,172.99,3.0,241.8,0.2692,156.0,3.0,109.43006434544301,0.0854059102465797
us_adm_001_20260120170118,us_adm_001,Administrador,2026-01-20,17,56,178.25,3.0,490.7,0.2679,168.0,3.0,206.98873050320762,0.096548169598561
us_adm_001_20260121170025,us_adm_001,Administrador,2026-01-21,17,55,178.93,3.0,210.2,0.2909,165.0,3.0,97.3554812442362,0.10468879485351167
us_adm_001_20260122170041,us_adm_001,Administrador,2026-01-22,17,58,171.24,3.0,0.0,0.2931,174.0,3.0,10.0,0.10271089787839112
us_adm_001_20260123170016,us_adm_001,Administrador,2026-01-23,17,55,173.5,3.0,381.8,0.3636,165.0,3.0,159.90419962994147,0.12437109936816661
us_adm_001_20260124170125,us_adm_001,Administrador,2026-01-24,17,49,177.94,3.0,161.7,0.2449,147.0,3.0,71.01448776310316,0.09247278466402027
us_adm_001_20260125170443,us_adm_001,Administrador,2026-01-25,17,58,174.4,3.0,1586.0,0.3793,174.0,3.0,722.0415076289827,0.12182767415561191
us_adm_001_20260126170536,us_adm_001,Administrador,2026-01-26,17,49,167.76,3.0,0.0,0.3469,147.0,3.0,10.0,0.12098136365460066
us_adm_001_20260127170956,us_adm_001,Administrador,2026-01-27,17,59,159.42,3.0,0.0,0.3559,177.0,3.0,10.0,0.1312150408562274
us_adm_001_20260128170055,us_adm_001,Administrador,2026-01-28,17,49,173.17,3.0,693.1,0.2245,147.0,3.0,325.0688121550325,0.08420483483160596
us_adm_001_20260129170334,us_adm_001,Administrador,2026-01-29,17,61,168.78,3.0,736.3,0.3279,183.0,3.0,317.78910210786216,0.11485266911013552
us_adm_001_20260130170303,us_adm_001,Administrador,2026-01-30,17,41,176.0,3.0,996.1,0.2683,123.0,3.0,453.2378171771961,0.10087074289407409
us_adm_001_20260131170802,us_adm_001,Administrador,2026-01-31,17,52,169.86,3.0,0.0,0.2308,156.0,3.0,10.0,0.08141203042178437
us_adm_001_20260201170254,us_adm_001,Administrador,2026-02-01,17,48,173.97,3.0,1399.0,0.3958,144.0,3.0,596.3382958144082,0.13161437675087423
us_adm_001_20260202170345,us_adm_001,Administrador,2026-02-02,17,51,175.32,3.0,73.7,0.3529,153.0,3.0,34.24379209446712,0.1353641163152013
us_adm_001_20260203170136,us_adm_001,Administrador,2026-02-03,17,55,176.49,3.0,45.3,0.2727,165.0,3.0,20.246694313719185,0.1026776232638128
us_adm_001_20260204170152,us_adm_001,Administrador,2026-02-04,17,59,177.18,3.0,0.0,0.322,177.0,3.0,10.0,0.11062284813518174
us_adm_001_20260205170404,us_adm_001,Administrador,2026-02-05,17,53,174.4,3.0,2344.7,0.3585,159.0,3.0,1068.2805113311633,0.1388156254073675
us_adm_001_20260206170510,us_adm_001,Administrador,2026-02-06,17,48,168.3,3.0,0.0,0.375,144.0,3.0,10.0,0.14540418225731477
us_adm_001_20260207170916,us_adm_001,Administrador,2026-02-07,17,55,167.43,3.0,2119.7,0.3636,165.0,3.0,839.3846550894776,0.13558268146342956
us_adm_001_20260208170103,us_adm_001,Administrador,2026-02-08,17,71,178.85,3.0,0.0,0.3662,213.0,3.0,10.0,0.12834265081034932
us_adm_001_20260209170031,us_adm_001,Administrador,2026-02-09,17,62,175.15,3.0,335.7,0.2097,186.0,3.0,151.13963024075616,0.06641203919797033
us_adm_001_20260210170656,us_adm_001,Administrador,2026-02-10,17,54,170.63,3.0,865.1,0.2593,162.0,3.0,384.0989144159903,0.0942798890216664
us_adm_001_20260211170018,us_adm_001,Administrador,2026-02-11,17,57,179.44,3.0,831.6,0.2456,171.0,3.0,397.4590434295603,0.08499877281687213
us_adm_001_20260212170001,us_adm_001,Administrador,2026-02-12,17,60,177.67,3.0,0.0,0.4333,180.0,3.0,10.0,0.1501022573312642
us_adm_001_20260213170251,us_adm_001,Administrador,2026-02-13,17,65,170.97,3.0,476.3,0.2769,195.0,3.0,222.2868947667784,0.10052207525819858
us_adm_001_20260214170211,us_adm_001,Administrador,2026-02-14,17,58,170.32,3.0,0.0,0.3966,174.0,3.0,10.0,0.14543994695687454
us_adm_001_20260215170150,us_adm_001,Administrador,2026-02-15,17,54,174.05,3.0,328.5,0.2222,162.0,3.0,147.93296078953924,0.08350820672502496
us_adm_001_20260216172140,us_adm_001,Administrador,2026-02-16,17,54,155.6,3.0,368.8,0.3889,162.0,3.0,160.18681766988325,0.13607547608182713
us_adm_001_20260217170025,us_adm_001,Administrador,2026-02-17,17,53,178.0,3.0,6.5,0.3019,159.0,3.0,10.0,0.09877603867866216
us_adm_001_20260218170129,us_adm_001,Administrador,2026-02-18,17,49,176.3,3.0,266.2,0.2857,147.0,3.0,120.93718951638215,0.10332989563168753
us_adm_001_20260219170134,us_adm_001,Administrador,2026-02-19,17,63,174.03,3.0,0.0,0.3651,189.0,3.0,10.0,0.12842752862306245
us_adm_001_20260220170846,us_adm_001,Administrador,2026-02-20,17,42,169.13,3.0,0.0,0.4762,126.0,3.0,10.0,0.1657360320104989
us_adm_001_20260221170717,us_adm_001,Administrador,2026-02-21,17,59,172.42,3.0,171.5,0.322,177.0,3.0,75.72287630508738,0.10961075374105152
us_adm_001_20260222170356,us_adm_001,Administrador,2026-02-22,17,59,172.92,3.0,0.0,0.3051,177.0,3.0,10.0,0.11121890542505654
us_adm_001_20260223170030,us_adm_001,Administrador,2026-02-23,17,47,179.1,3.0,0.0,0.3617,141.0,3.0,10.0,0.13019144428512233
us_adm_001_20260224170130,us_adm_001,Administrador,2026-02-24,17,61,176.34,3.0,128.5,0.3115,183.0,3.0,58.27964643964138,0.11057087936413165
us_adm_001_20260225170629,us_adm_001,Administrador,2026-02-25,17,65,172.63,3.0,584.3,0.4154,195.0,3.0,239.56982022317672,0.14784972272276795
us_adm_001_20260226170425,us_adm_001,Administrador,2026-02-26,17,58,171.6,3.0,348.7,0.2414,174.0,3.0,156.77262612929002,0.0979399522739177
us_adm_001_20260227170613,us_adm_001,Administrador,2026-02-27,17,48,170.77,3.0,1861.3,0.3333,144.0,3.0,827.4220739508646,0.12081543716464106
us_adm_001_20260228170201,us_adm_001,Administrador,2026-02-28,17,56,176.63,3.0,0.0,0.3393,168.0,3.0,10.0,0.1130133830947784
us_adm_001_20260301170213,us_adm_001,Administrador,2026-03-01,17,39,173.02,3.0,162.2,0.3333,117.0,3.0,76.43570430706093,0.12381770817653523
us_adm_001_20260302170615,us_adm_001,Administrador,2026-03-02,17,54,168.93,3.0,0.0,0.4444,162.0,3.0,10.0,0.15032446107597797
us_adm_001_20260303170215,us_adm_001,Administrador,2026-03-03,17,53,169.79,3.0,0.0,0.3396,159.0,3.0,10.0,0.11152959532345036
us_adm_001_20260304170021,us_adm_001,Administrador,2026-03-04,17,53,179.64,3.0,114.5,0.2264,159.0,3.0,52.68422532544779,0.09061902823495792
us_adm_001_20260305170046,us_adm_001,Administrador,2026-03-05,17,55,175.9,3.0,2018.4,0.3636,165.0,3.0,865.0385457561569,0.12548768936194157
us_adm_001_20260306170225,us_adm_001,Administrador,2026-03-06,17,56,175.13,3.0,212.2,0.4464,168.0,3.0,95.57066232891583,0.1546249693600506
us_adm_001_20260307170031,us_adm_001,Administrador,2026-03-07,17,53,175.18,3.0,501.6,0.3019,159.0,3.0,209.3547122014801,0.1080267251773627
us_adm_001_20260308170248,us_adm_001,Administrador,2026-03-08,17,48,176.96,3.0,448.4,0.25,144.0,3.0,191.53003448885272,0.09148086537898238
us_adm_001_20260309170010,us_adm_001,Administrador,2026-03-09,17,59,179.4,3.0,249.9,0.2542,177.0,3.0,107.45665316117044,0.09848986651510919
us_adm_001_20260310170252,us_adm_001,Administrador,2026-03-10,17,44,169.96,3.0,1885.1,0.2727,132.0,3.0,815.7243005013717,0.09544783132932394
us_adm_001_20260311170411,us_adm_001,Administrador,2026-03-11,17,60,172.88,3.0,13.8,0.35,180.0,3.0,10.0,0.11614201430109138
us_adm_001_20260312171019,us_adm_001,Administrador,2026-03-12,17,57,168.97,3.0,31.3,0.2982,171.0,3.0,14.176906048094446,0.11408967035428237
us_adm_001_20260313170009,us_adm_001,Administrador,2026-03-13,17,55,176.62,3.0,2503.7,0.3273,165.0,3.0,1042.1336587061296,0.11787522614117829
us_adm_001_20260314170008,us_adm_001,Administrador,2026-03-14,17,49,179.55,3.0,75.9,0.1837,147.0,3.0,34.427082726830406,0.06835257852123244
us_adm_001_20260315170511,us_adm_001,Administrador,2026-03-15,17,57,174.22,3.0,1042.6,0.3333,171.0,3.0,441.6954908735445,0.1100031587978254
us_adm_001_20260316170549,us_adm_001,Administrador,2026-03-16,17,45,173.25,3.0,1187.3,0.2444,135.0,3.0,544.764024417139,0.08856843527631222
us_adm_001_20260317170146,us_adm_001,Administrador,2026-03-17,17,49,176.09,3.0,389.2,0.2857,147.0,3.0,176.46209441160846,0.10381783087551735
us_adm_001_20260318171439,us_adm_001,Administrador,2026-03-18,17,44,150.56,3.0,571.7,0.3864,132.0,3.0,248.56750055927807,0.13952775979746673
us_adm_001_20260319171805,us_adm_001,Administrador,2026-03-19,17,40,154.76,3.0,894.6,0.325,120.0,3.0,406.3707494664536,0.11120348997637704
us_adm_001_20260320170444,us_adm_001,Administrador,2026-03-20,17,47,168.7,3.0,52.5,0.3191,141.0,3.0,25.49938581734716,0.11676771137867842
us_adm_001_20260321170138,us_adm_001,Administrador,2026-03-21,17,47,176.02,3.0,463.5,0.3404,141.0,3.0,196.78403593577022,0.12580594599983722
us_adm_001_20260322170145,us_adm_001,Administrador,2026-03-22,17,56,167.02,3.0,655.8,0.2679,168.0,3.0,281.26833327781463,0.09971058640362629
us_adm_001_20260323170126,us_adm_001,Administrador,2026-03-23,17,61,171.33,3.0,0.0,0.3443,183.0,3.0,10.0,0.1170750718784108
us_adm_001_20260324170423,us_adm_001,Administrador,2026-03-24,17,45,171.69,3.0,270.4,0.3111,135.0,3.0,126.45380907469524,0.11346041970159247
us_adm_001_20260325171540,us_adm_001,Administrador,2026-03-25,17,42,159.39,3.0,0.0,0.4286,126.0,3.0,10.0,0.16903447073763225
us_adm_001_20260326170028,us_adm_001,Administrador,2026-03-26,17,46,177.36,3.0,0.0,0.3913,138.0,3.0,10.0,0.13358077690677056
us_adm_001_20260327170208,us_adm_001,Administrador,2026-03-27,17,56,177.14,3.0,108.5,0.3214,168.0,3.0,46.719753687712625,0.10931951987533899
us_adm_001_20260328170548,us_adm_001,Administrador,2026-03-28,17,52,174.01,3.0,387.8,0.2115,156.0,3.0,173.2865152708165,0.07683258898250668
us_adm_001_20260329170028,us_adm_001,Administrador,2026-03-29,17,53,179.09,3.0,0.0,0.3019,159.0,3.0,10.0,0.11260727439316341
us_adm_001_20260330170122,us_adm_001,Administrador,2026-03-30,17,44,174.09,3.0,655.9,0.3182,132.0,3.0,294.267655591848,0.12267319409283564
us_adm_001_20260331170558,us_adm_001,Administrador,2026-03-31,17,60,168.52,3.0,460.5,0.3,180.0,3.0,204.0447686303946,0.1232564988705055
us_adm_001_20260401170456,us_adm_001,Administrador,2026-04-01,17,54,172.74,3.0,0.0,0.4074,162.0,3.0,10.0,0.13823426732709437
us_adm_002_20260101230016,us_adm_002,Administrador,2026-01-01,23,72,238.2,2.986,51.7,0.3056,215.0,1.0,22.074310060230623,0.11188048430519218
us_adm_002_20260102230709,us_adm_002,Administrador,2026-01-02,23,70,228.75,2.957,47.2,0.2286,207.0,1.0,20.95292209839434,0.0847492489686665
us_adm_002_20260103230334,us_adm_002,Administrador,2026-01-03,23,54,229.23,2.981,0.0,0.3519,161.0,1.0,10.0,0.12492275269336613
us_adm_002_20260104231145,us_adm_002,Administrador,2026-01-04,23,64,226.57,3.0,420.7,0.2188,192.0,1.0,181.51152926907568,0.07136264144800049
us_adm_002_20260105230354,us_adm_002,Administrador,2026-01-05,23,56,233.99,3.0,0.0,0.3929,168.0,1.0,10.0,0.14677942043547132
us_adm_002_20260106230908,us_adm_002,Administrador,2026-01-06,23,51,228.96,3.0,0.0,0.3725,153.0,1.0,10.0,0.12349747190504734
us_adm_002_20260107230112,us_adm_002,Administrador,2026-01-07,23,67,235.14,3.0,847.2,0.3284,201.0,1.0,382.8079259947193,0.1195894742274784
us_adm_002_20260108231849,us_adm_002,Administrador,2026-01-08,23,70,220.36,3.0,59.6,0.3429,210.0,1.0,25.67031290379019,0.1232815048410906
us_adm_002_20260109230245,us_adm_002,Administrador,2026-01-09,23,56,237.31,2.982,2343.8,0.3036,167.0,1.0,1053.6582693052299,0.10127859402899184
us_adm_002_20260110230025,us_adm_002,Administrador,2026-01-10,23,60,235.7,3.0,832.1,0.2667,180.0,1.0,379.05720047672264,0.09805686982493851
us_adm_002_20260111230252,us_adm_002,Administrador,2026-01-11,23,65,233.86,3.0,278.3,0.2769,195.0,1.0,130.8143922517717,0.10453740737707254
us_adm_002_20260112230556,us_adm_002,Administrador,2026-01-12,23,65,233.6,3.0,0.0,0.3846,195.0,1.0,10.0,0.12987754011555358
us_adm_002_20260113230700,us_adm_002,Administrador,2026-01-13,23,65,225.46,3.0,0.0,0.3846,195.0,1.0,10.0,0.1410433318569974
us_adm_002_20260114230927,us_adm_002,Administrador,2026-01-14,23,56,229.68,3.0,0.0,0.2857,168.0,1.0,10.0,0.12385273354405273
us_adm_002_20260115230014,us_adm_002,Administrador,2026-01-15,23,32,98.64,3.0,0.0,0.4688,96.0,1.0,10.0,0.17775157957136561
us_adm_002_20260116011121,us_adm_002,Administrador,2026-01-16,1,16,86.1,3.0,252.5,0.25,48.0,1.0,118.03545084112457,0.09236985948233546
us_adm_002_20260116230507,us_adm_002,Administrador,2026-01-16,23,64,234.7,3.0,1036.0,0.2969,192.0,1.0,457.99665350911664,0.11033724310225679
us_adm_002_20260117231005,us_adm_002,Administrador,2026-01-17,23,68,224.13,2.985,42.9,0.3088,203.0,1.0,18.57272241753967,0.10860966634928988
us_adm_002_20260118230056,us_adm_002,Administrador,2026-01-18,23,59,235.89,3.0,628.8,0.3559,177.0,1.0,275.84187447411415,0.12744390915640993
us_adm_002_20260119230507,us_adm_002,Administrador,2026-01-19,23,54,232.22,2.981,0.0,0.3519,161.0,1.0,10.0,0.11229351015518446
us_adm_002_20260120230105,us_adm_002,Administrador,2026-01-20,23,51,234.25,2.98,436.2,0.2549,152.0,1.0,201.5733855137305,0.08263789061770745
us_adm_002_20260121230229,us_adm_002,Administrador,2026-01-21,23,71,233.02,3.0,313.7,0.2817,213.0,1.0,137.69813173210164,0.10654756701815289
us_adm_002_20260122230128,us_adm_002,Administrador,2026-01-22,23,54,235.13,3.0,56.1,0.3889,162.0,1.0,25.226638310457375,0.13024133337533042
us_adm_002_20260123230242,us_adm_002,Administrador,2026-01-23,23,56,231.36,3.0,418.0,0.1786,168.0,1.0,181.4458674421996,0.06608978122371081
us_adm_002_20260124231046,us_adm_002,Administrador,2026-01-24,23,56,228.85,3.0,1451.8,0.3036,168.0,1.0,629.7614615782355,0.10953304623336113
us_adm_002_20260125230012,us_adm_002,Administrador,2026-01-25,23,67,237.91,2.985,522.3,0.2239,200.0,1.0,234.66862408479653,0.07689164977245343
us_adm_002_20260126230424,us_adm_002,Administrador,2026-01-26,23,50,227.81,3.0,249.0,0.28,150.0,1.0,122.32522866161433,0.10335639813788412
us_adm_002_20260127230515,us_adm_002,Administrador,2026-01-27,23,56,227.22,3.0,290.9,0.375,168.0,1.0,118.65352688243895,0.1350677621994804
us_adm_002_20260128230548,us_adm_002,Administrador,2026-01-28,23,48,221.21,2.979,0.0,0.25,143.0,1.0,10.0,0.0933750698997876
us_adm_002_20260129230323,us_adm_002,Administrador,2026-01-29,23,42,229.87,3.0,300.0,0.3095,126.0,1.0,129.76100460166188,0.10961155562086833
us_adm_002_20260130230344,us_adm_002,Administrador,2026-01-30,23,58,230.5,3.0,560.1,0.3103,174.0,1.0,256.79848040236493,0.11597981221889077
us_adm_002_20260131230250,us_adm_002,Administrador,2026-01-31,23,56,235.96,2.946,1013.4,0.3036,165.0,1.0,430.06787629276135,0.10618761817339314
us_adm_002_20260201230231,us_adm_002,Administrador,2026-02-01,23,61,235.84,3.0,0.0,0.377,183.0,1.0,10.0,0.12945615565091037
us_adm_002_20260202230312,us_adm_002,Administrador,2026-02-02,23,49,230.6,3.0,441.5,0.3265,147.0,1.0,213.5518641674886,0.1190259821854783
us_adm_002_20260203230223,us_adm_002,Administrador,2026-02-03,23,53,230.22,3.0,174.1,0.434,159.0,1.0,73.67379561939248,0.1626670417004355
us_adm_002_20260204230603,us_adm_002,Administrador,2026-02-04,23,53,233.93,3.0,594.5,0.3396,159.0,1.0,291.79856621473834,0.1280634717915989
us_adm_002_20260205230412,us_adm_002,Administrador,2026-02-05,23,53,231.46,3.0,116.3,0.3208,159.0,1.0,48.61336481402969,0.111242831607845
us_adm_002_20260206230909,us_adm_002,Administrador,2026-02-06,23,52,226.09,3.0,0.0,0.4038,156.0,1.0,10.0,0.13822002268598535
us_adm_002_20260207230516,us_adm_002,Administrador,2026-02-07,23,64,225.69,3.0,1258.9,0.2969,192.0,1.0,575.6490016908981,0.11043026088023118
us_adm_002_20260208230045,us_adm_002,Administrador,2026-02-08,23,57,232.63,3.0,273.6,0.2807,171.0,1.0,117.60654613694412,0.09972179239300456
us_adm_002_20260209230027,us_adm_002,Administrador,2026-02-09,23,65,239.21,3.0,691.8,0.2769,195.0,1.0,265.34801863119145,0.09302839285519394
us_adm_002_20260210230557,us_adm_002,Administrador,2026-02-10,23,54,228.54,3.0,739.7,0.2222,162.0,1.0,327.93544225216067,0.07365839992644502
us_adm_002_20260211230445,us_adm_002,Administrador,2026-02-11,23,47,227.03,2.979,440.8,0.2766,140.0,1.0,212.04037031352587,0.09068297402615406
us_adm_002_20260212230032,us_adm_002,Administrador,2026-02-12,23,54,237.16,2.981,261.0,0.3704,161.0,1.0,114.73200003750628,0.13299820361589026
us_adm_002_20260213230100,us_adm_002,Administrador,2026-02-13,23,62,235.58,2.984,167.4,0.2581,185.0,1.0,79.88538297179338,0.08458824086593433
us_adm_002_20260214230058,us_adm_002,Administrador,2026-02-14,23,55,233.06,3.0,0.0,0.2545,165.0,1.0,10.0,0.0907690217644607
us_adm_002_20260215230105,us_adm_002,Administrador,2026-02-15,23,64,224.93,3.0,0.0,0.2812,192.0,1.0,10.0,0.10283306348764376
us_adm_002_20260216230603,us_adm_002,Administrador,2026-02-16,23,52,232.03,3.0,678.3,0.3269,156.0,1.0,306.84141157208524,0.11259981431520037
us_adm_002_20260217230358,us_adm_002,Administrador,2026-02-17,23,60,235.2,2.983,160.4,0.3167,179.0,1.0,72.14521541122865,0.11044764948392924
us_adm_002_20260218230441,us_adm_002,Administrador,2026-02-18,23,66,233.0,3.0,139.9,0.2424,198.0,1.0,63.04697637072269,0.08961388047782
us_adm_002_20260219231144,us_adm_002,Administrador,2026-02-19,23,66,220.09,3.0,0.0,0.2576,198.0,1.0,10.0,0.08544471003391506
us_adm_002_20260220230727,us_adm_002,Administrador,2026-02-20,23,53,231.73,2.981,206.6,0.2264,158.0,1.0,101.4504680976281,0.07186159160505246
us_adm_002_20260221230119,us_adm_002,Administrador,2026-02-21,23,60,234.23,2.983,135.1,0.2167,179.0,1.0,60.16697344740741,0.07979283128903321
us_adm_002_20260222230028,us_adm_002,Administrador,2026-02-22,23,51,236.9,2.98,505.1,0.2941,152.0,1.0,229.31890242850452,0.101169700779254
us_adm_002_20260223230333,us_adm_002,Administrador,2026-02-23,23,55,235.47,3.0,3480.9,0.3636,165.0,1.0,1546.3015903359178,0.1260207036547739
us_adm_002_20260224230101,us_adm_002,Administrador,2026-02-24,23,62,237.0,3.0,0.0,0.3065,186.0,1.0,10.0,0.11446048020957762
us_adm_002_20260225230129,us_adm_002,Administrador,2026-02-25,23,70,236.38,2.971,317.3,0.3429,208.0,1.0,144.53884608038584,0.1174752840602186
us_adm_002_20260226230053,us_adm_002,Administrador,2026-02-26,23,49,230.63,3.0,1568.3,0.3673,147.0,1.0,731.4223335638072,0.13318209969971445
us_adm_002_20260227230032,us_adm_002,Administrador,2026-02-27,23,62,239.08,3.0,462.2,0.3226,186.0,1.0,214.75861355557964,0.11905365561067183
us_adm_002_20260228230439,us_adm_002,Administrador,2026-02-28,23,49,228.55,3.0,121.7,0.4286,147.0,1.0,52.55093582083504,0.1479732894137542
us_adm_002_20260301230443,us_adm_002,Administrador,2026-03-01,23,64,223.22,2.969,0.0,0.3594,190.0,1.0,10.0,0.13249605114535515
us_adm_002_20260302230030,us_adm_002,Administrador,2026-03-02,23,66,238.45,2.985,120.9,0.2273,197.0,1.0,54.1594599457947,0.08155482189742498
us_adm_002_20260303230304,us_adm_002,Administrador,2026-03-03,23,65,234.83,3.0,0.0,0.4,195.0,1.0,10.0,0.13784807405060373
us_adm_002_20260304230711,us_adm_002,Administrador,2026-03-04,23,37,181.64,3.0,467.1,0.3243,111.0,1.0,214.55259663811637,0.11428583652082992
us_adm_002_20260305024430,us_adm_002,Administrador,2026-03-05,2,4,10.66,3.0,100.1,0.25,12.0,1.0,44.44775061823589,0.09460678748574243
us_adm_002_20260305230418,us_adm_002,Administrador,2026-03-05,23,57,229.92,3.0,2372.6,0.3158,171.0,1.0,1103.0108823986318,0.11770554621581879
us_adm_002_20260306230438,us_adm_002,Administrador,2026-03-06,23,51,232.9,2.98,509.2,0.2941,152.0,1.0,241.61370584947906,0.10495596395132262
us_adm_002_20260307230030,us_adm_002,Administrador,2026-03-07,23,61,237.34,2.984,65.5,0.1803,182.0,1.0,30.262713231106087,0.06314940388217563
us_adm_002_20260308230132,us_adm_002,Administrador,2026-03-08,23,62,237.53,3.0,0.0,0.4355,186.0,1.0,10.0,0.15410113141581236
us_adm_002_20260309230217,us_adm_002,Administrador,2026-03-09,23,74,232.0,3.0,635.1,0.2568,222.0,1.0,286.0026879086279,0.09459350067619239
us_adm_002_20260310230250,us_adm_002,Administrador,2026-03-10,23,39,236.99,3.0,1453.6,0.3333,117.0,1.0,627.9881721680043,0.13275317616036447
us_adm_002_20260311230010,us_adm_002,Administrador,2026-03-11,23,55,234.28,3.0,0.0,0.3273,165.0,1.0,10.0,0.10871853424391735
us_adm_002_20260312230045,us_adm_002,Administrador,2026-03-12,23,51,234.41,3.0,444.5,0.3725,153.0,1.0,209.6036701815447,0.13867611287647552
us_adm_002_20260313230659,us_adm_002,Administrador,2026-03-13,23,70,230.51,3.0,0.0,0.2714,210.0,1.0,10.0,0.10015162716622202
us_adm_002_20260314230112,us_adm_002,Administrador,2026-03-14,23,29,106.05,3.0,0.0,0.2069,87.0,1.0,10.0,0.07003700012046907
us_adm_002_20260315012215,us_adm_002,Administrador,2026-03-15,1,21,86.84,2.952,2545.2,0.4762,62.0,1.0,1145.093593939971,0.16329296992407483
us_adm_002_20260315230104,us_adm_002,Administrador,2026-03-15,23,51,233.46,3.0,124.6,0.3137,153.0,1.0,58.29903063374156,0.11089623295619755
us_adm_002_20260316230908,us_adm_002,Administrador,2026-03-16,23,58,227.85,3.0,0.0,0.2586,174.0,1.0,10.0,0.09051617952374494
us_adm_002_20260317230006,us_adm_002,Administrador,2026-03-17,23,64,238.36,3.0,0.0,0.1875,192.0,1.0,10.0,0.06472071034633996
us_adm_002_20260318230036,us_adm_002,Administrador,2026-03-18,23,61,239.39,3.0,0.0,0.2459,183.0,1.0,10.0,0.08884990531902048
us_adm_002_20260319230234,us_adm_002,Administrador,2026-03-19,23,64,227.21,3.0,898.6,0.3281,192.0,1.0,407.3231843772564,0.11362521307676307
us_adm_002_20260320232357,us_adm_002,Administrador,2026-03-20,23,50,203.01,3.0,0.0,0.16,150.0,1.0,10.0,0.057774817864060586
us_adm_002_20260321230443,us_adm_002,Administrador,2026-03-21,23,60,222.13,2.967,1763.9,0.35,178.0,1.0,739.8244806006576,0.11490581809549318
us_adm_002_20260322230014,us_adm_002,Administrador,2026-03-22,23,57,238.96,3.0,0.0,0.2982,171.0,1.0,10.0,0.10502087215493251
us_adm_002_20260323230155,us_adm_002,Administrador,2026-03-23,23,55,236.59,3.0,0.0,0.2364,165.0,1.0,10.0,0.09124064548406009
us_adm_002_20260324231014,us_adm_002,Administrador,2026-03-24,23,25,81.13,3.0,367.6,0.36,75.0,1.0,171.13261032397483,0.12717102322942464
us_adm_002_20260325010249,us_adm_002,Administrador,2026-03-25,1,17,115.63,3.0,101.4,0.1176,51.0,1.0,45.42788674327658,0.03956076061179124
us_adm_002_20260325230115,us_adm_002,Administrador,2026-03-25,23,55,233.94,2.964,683.2,0.2727,163.0,1.0,306.0851010259291,0.09563001062203927
us_adm_002_20260326230012,us_adm_002,Administrador,2026-03-26,23,57,239.65,2.982,7.3,0.2105,170.0,1.0,10.0,0.07155042224377377
us_adm_002_20260327232427,us_adm_002,Administrador,2026-03-27,23,42,211.17,3.0,0.0,0.3333,126.0,1.0,10.0,0.12902256017472036
us_adm_002_20260328230214,us_adm_002,Administrador,2026-03-28,23,56,228.9,2.964,0.0,0.3036,166.0,1.0,10.0,0.11065790325400415
us_adm_002_20260329231114,us_adm_002,Administrador,2026-03-29,23,53,221.64,2.962,2974.3,0.3396,157.0,1.0,1374.6916474264115,0.11832587829688693
us_adm_002_20260330230045,us_adm_002,Administrador,2026-03-30,23,66,239.19,3.0,132.9,0.3788,198.0,1.0,60.186282977942426,0.13511927099606486
us_adm_002_20260331231226,us_adm_002,Administrador,2026-03-31,23,65,224.88,3.0,142.9,0.3692,195.0,1.0,64.35367441868483,0.12589403123988224
us_adm_002_20260401230501,us_adm_002,Administrador,2026-04-01,23,57,233.56,2.982,273.5,0.3333,170.0,1.0,122.76794162093837,0.12212497919008736
us_alm_001_20260101150037,us_alm_001,Almacen,2026-01-01,15,54,291.08,3.0,0.0,0.1667,162.0,3.0,10.0,0.16989820893416807
us_alm_001_20260101205211,us_alm_001,Almacen,2026-01-01,20,23,125.29,3.0,339.1,0.3913,69.0,3.0,353.7028834268434,0.3852947379728381
us_alm_001_20260102150547,us_alm_001,Almacen,2026-01-02,15,91,468.78,3.0,42.6,0.3187,273.0,3.0,43.34321718248602,0.3198686219445762
us_alm_001_20260103150328,us_alm_001,Almacen,2026-01-03,15,80,459.19,3.0,191.0,0.35,240.0,3.0,199.36504720489154,0.3443419120025139
us_alm_001_20260104150100,us_alm_001,Almacen,2026-01-04,15,28,171.28,3.0,614.1,0.1786,84.0,3.0,603.7865363343358,0.17645896947047396
us_alm_001_20260104182457,us_alm_001,Almacen,2026-01-04,18,52,274.82,3.0,0.0,0.3462,156.0,3.0,10.0,0.34255967222988243
us_alm_001_20260105150044,us_alm_001,Almacen,2026-01-05,15,78,472.71,3.0,0.0,0.3205,234.0,3.0,10.0,0.32146402417131253
us_alm_001_20260106150231,us_alm_001,Almacen,2026-01-06,15,77,403.29,3.0,0.0,0.3766,231.0,3.0,10.0,0.39073131876097406
us_alm_001_20260106221749,us_alm_001,Almacen,2026-01-06,22,12,39.73,3.0,1434.8,0.25,36.0,3.0,1462.0733624605868,0.24711548172168799
us_alm_001_20260107150016,us_alm_001,Almacen,2026-01-07,15,92,465.34,3.0,23.7,0.337,276.0,3.0,23.274151445780877,0.34031553521595387
us_alm_001_20260108150344,us_alm_001,Almacen,2026-01-08,15,9,48.71,3.0,297.2,0.3333,27.0,3.0,289.3525338174693,0.3455085041331851
us_alm_001_20260108162451,us_alm_001,Almacen,2026-01-08,16,86,392.63,3.0,810.3,0.3023,258.0,3.0,829.4140065964091,0.299463364007375
us_alm_001_20260109150237,us_alm_001,Almacen,2026-01-09,15,26,132.13,3.0,1481.0,0.1538,78.0,3.0,1430.2569552483283,0.1579645114229328
us_alm_001_20260109174456,us_alm_001,Almacen,2026-01-09,17,62,308.47,3.0,0.0,0.3548,186.0,3.0,10.0,0.36358354454976366
us_alm_001_20260110151059,us_alm_001,Almacen,2026-01-10,15,36,174.59,3.0,79.6,0.3889,108.0,3.0,77.06167116719936,0.3842380610714656
us_alm_001_20260110190806,us_alm_001,Almacen,2026-01-10,19,50,230.6,3.0,259.2,0.3,150.0,3.0,259.22718333933904,0.30028188356258845
us_alm_001_20260111150444,us_alm_001,Almacen,2026-01-11,15,89,473.31,3.0,28.0,0.2809,267.0,3.0,27.747963335971622,0.2843991709199282
us_alm_001_20260112150452,us_alm_001,Almacen,2026-01-12,15,88,430.8,3.0,2027.2,0.3409,264.0,3.0,1983.9143973111122,0.3399292566711248
us_alm_001_20260113150205,us_alm_001,Almacen,2026-01-13,15,83,475.37,3.0,0.0,0.2892,249.0,3.0,10.0,0.2921755142161958
us_alm_001_20260114150100,us_alm_001,Almacen,2026-01-14,15,105,476.64,3.0,0.0,0.3714,315.0,3.0,10.0,0.3630461585418283
us_alm_001_20260115150336,us_alm_001,Almacen,2026-01-15,15,60,409.52,3.0,210.2,0.2667,180.0,3.0,203.75058402622744,0.27351512816800666
us_alm_001_20260115222605,us_alm_001,Almacen,2026-01-15,22,9,27.73,3.0,0.0,0.6667,27.0,3.0,10.0,0.6567196805215549
us_alm_001_20260116151129,us_alm_001,Almacen,2026-01-16,15,87,464.82,3.0,0.0,0.2414,261.0,3.0,10.0,0.24195847713436594
us_alm_001_20260117150225,us_alm_001,Almacen,2026-01-17,15,76,471.05,3.0,1094.8,0.2895,228.0,3.0,1120.6218911422613,0.28989093200736454
us_alm_001_20260118150022,us_alm_001,Almacen,2026-01-18,15,73,335.17,3.0,223.3,0.411,219.0,3.0,232.50330023252297,0.4254289017248832
us_alm_001_20260118210545,us_alm_001,Almacen,2026-01-18,21,7,36.17,3.0,0.0,0.4286,21.0,3.0,10.0,0.43692830619158074
us_alm_001_20260118223259,us_alm_001,Almacen,2026-01-18,22,4,15.05,3.0,415.1,0.5,12.0,3.0,420.4579111334559,0.5136863155753235
us_alm_001_20260119150039,us_alm_001,Almacen,2026-01-19,15,75,478.06,3.0,280.3,0.3067,225.0,3.0,274.890639079988,0.3109082396556304
us_alm_001_20260120150402,us_alm_001,Almacen,2026-01-20,15,89,474.12,3.0,616.5,0.2697,267.0,3.0,629.5503739228553,0.2602133592102337
us_alm_001_20260121150754,us_alm_001,Almacen,2026-01-21,15,90,467.38,3.0,458.2,0.3444,270.0,3.0,447.35661898993084,0.3303537687595884
us_alm_001_20260122150917,us_alm_001,Almacen,2026-01-22,15,84,465.05,3.0,174.8,0.3333,252.0,3.0,173.85815370678185,0.3380831366771359
us_alm_001_20260123151825,us_alm_001,Almacen,2026-01-23,15,87,460.13,3.0,1943.2,0.3103,261.0,3.0,2001.58760447266,0.31075983220728515
us_alm_001_20260124150034,us_alm_001,Almacen,2026-01-24,15,17,65.39,3.0,715.7,0.2941,51.0,3.0,739.0120029193075,0.28598224322278
us_alm_001_20260124164131,us_alm_001,Almacen,2026-01-24,16,30,142.37,3.0,666.0,0.2333,90.0,3.0,643.3109459077893,0.23304081443694838
us_alm_001_20260124195005,us_alm_001,Almacen,2026-01-24,19,29,189.67,3.0,4045.9,0.3793,87.0,3.0,4076.977807997271,0.37905197764095827
us_alm_001_20260125150551,us_alm_001,Almacen,2026-01-25,15,88,468.72,3.0,0.0,0.2614,264.0,3.0,10.0,0.26093408043342714
us_alm_001_20260126150222,us_alm_001,Almacen,2026-01-26,15,17,60.88,3.0,2465.1,0.3529,51.0,3.0,2400.7870446861098,0.3576265488496424
us_alm_001_20260126163448,us_alm_001,Almacen,2026-01-26,16,34,148.73,3.0,704.0,0.2647,102.0,3.0,709.1617033050436,0.25972427641118295
us_alm_001_20260126193648,us_alm_001,Almacen,2026-01-26,19,28,197.23,3.0,76.6,0.25,84.0,3.0,75.81275588264019,0.24470393239055524
us_alm_001_20260127151916,us_alm_001,Almacen,2026-01-27,15,81,457.79,3.0,0.0,0.4198,243.0,3.0,10.0,0.4278193749229284
us_alm_001_20260128150324,us_alm_001,Almacen,2026-01-28,15,81,466.01,3.0,2563.4,0.4568,243.0,3.0,2512.8637970564696,0.461404968965771
us_alm_001_20260129150245,us_alm_001,Almacen,2026-01-29,15,4,14.06,3.0,0.0,0.5,12.0,3.0,10.0,0.4920712716773766
us_alm_001_20260129155628,us_alm_001,Almacen,2026-01-29,15,78,418.88,3.0,995.5,0.3462,234.0,3.0,993.3690255333048,0.33903198215956826
us_alm_001_20260130151317,us_alm_001,Almacen,2026-01-30,15,89,463.75,3.0,0.0,0.3371,267.0,3.0,10.0,0.329023907248166
us_alm_001_20260131150059,us_alm_001,Almacen,2026-01-31,15,105,467.02,3.0,538.0,0.3048,315.0,3.0,559.1404424301803,0.3050149666128197
us_alm_001_20260201150353,us_alm_001,Almacen,2026-02-01,15,70,466.06,3.0,3544.6,0.3,210.0,3.0,3494.9950592873893,0.3012838794644053
us_alm_001_20260202150841,us_alm_001,Almacen,2026-02-02,15,48,227.19,3.0,235.9,0.3333,144.0,3.0,235.37003626155868,0.33182701664951153
us_alm_001_20260202193205,us_alm_001,Almacen,2026-02-02,19,38,207.29,3.0,2543.0,0.3158,114.0,3.0,2574.2365183642087,0.32058441869665877
us_alm_001_20260203152520,us_alm_001,Almacen,2026-02-03,15,91,449.83,3.0,0.0,0.2527,273.0,3.0,10.0,0.24978981461178176
us_alm_001_20260204151534,us_alm_001,Almacen,2026-02-04,15,74,457.28,3.0,361.6,0.2703,222.0,3.0,359.6108261261993,0.2578558141834394
us_alm_001_20260205150432,us_alm_001,Almacen,2026-02-05,15,92,461.31,3.0,590.8,0.3804,276.0,3.0,572.8965024090619,0.390799179426718
us_alm_001_20260206150323,us_alm_001,Almacen,2026-02-06,15,88,475.36,3.0,4888.1,0.2955,264.0,3.0,5048.915333607313,0.2940281970062218
us_alm_001_20260207150219,us_alm_001,Almacen,2026-02-07,15,81,475.99,3.0,448.1,0.3333,243.0,3.0,453.2671035029058,0.33537479353018723
us_alm_001_20260208151100,us_alm_001,Almacen,2026-02-08,15,103,459.69,3.0,0.0,0.2816,309.0,3.0,10.0,0.28790544590119954
us_alm_001_20260209151222,us_alm_001,Almacen,2026-02-09,15,39,249.74,3.0,50.5,0.2308,117.0,3.0,50.37080323260443,0.22638922532618844
us_alm_001_20260209195813,us_alm_001,Almacen,2026-02-09,19,34,173.98,3.0,718.1,0.2647,102.0,3.0,695.0282179484608,0.26577713648828105
us_alm_001_20260210150226,us_alm_001,Almacen,2026-02-10,15,94,475.13,3.0,0.0,0.3511,282.0,3.0,10.0,0.34111293445120516
us_alm_001_20260211150444,us_alm_001,Almacen,2026-02-11,15,53,316.31,3.0,177.8,0.3019,159.0,3.0,175.5007868236336,0.29536961315417626
us_alm_001_20260211205457,us_alm_001,Almacen,2026-02-11,20,23,123.93,3.0,3016.1,0.3913,69.0,3.0,3117.8717577108473,0.39819971273788635
us_alm_001_20260212150020,us_alm_001,Almacen,2026-02-12,15,34,208.71,3.0,0.0,0.3529,102.0,3.0,10.0,0.3633454457322858
us_alm_001_20260212190917,us_alm_001,Almacen,2026-02-12,19,33,170.13,3.0,0.0,0.3333,99.0,3.0,10.0,0.32755867951394574
us_alm_001_20260212223850,us_alm_001,Almacen,2026-02-12,22,3,20.18,3.0,1210.7,0.0,9.0,3.0,1247.5809264070074,0.01
us_alm_001_20260213150605,us_alm_001,Almacen,2026-02-13,15,90,469.4,3.0,0.0,0.3556,270.0,3.0,10.0,0.3542463113214694
us_alm_001_20260214150128,us_alm_001,Almacen,2026-02-14,15,78,476.58,3.0,0.0,0.2821,234.0,3.0,10.0,0.27429824391789925
us_alm_001_20260215150022,us_alm_001,Almacen,2026-02-15,15,92,468.57,3.0,609.4,0.2717,276.0,3.0,620.6882519493156,0.28207577002431466
us_alm_001_20260216151317,us_alm_001,Almacen,2026-02-16,15,8,68.26,3.0,2542.3,0.375,24.0,3.0,2471.188433141592,0.37922226927517927
us_alm_001_20260216165428,us_alm_001,Almacen,2026-02-16,16,69,348.49,3.0,587.7,0.3043,207.0,3.0,580.052347242542,0.30133535491440805
us_alm_001_20260217151251,us_alm_001,Almacen,2026-02-17,15,37,221.16,3.0,615.4,0.4054,111.0,3.0,608.108815580468,0.39839476283943603
us_alm_001_20260217193951,us_alm_001,Almacen,2026-02-17,19,9,71.55,3.0,0.0,0.5556,27.0,3.0,10.0,0.5463664823064405
us_alm_001_20260217212438,us_alm_001,Almacen,2026-02-17,21,19,92.51,3.0,1046.4,0.3684,57.0,3.0,1052.0601204499205,0.3680298456095788
us_alm_001_20260218150606,us_alm_001,Almacen,2026-02-18,15,106,472.09,3.0,0.0,0.3868,318.0,3.0,10.0,0.37977908751044614
us_alm_001_20260219150435,us_alm_001,Almacen,2026-02-19,15,76,473.33,3.0,225.0,0.3158,228.0,3.0,222.4045290124425,0.3205710509823155
us_alm_001_20260220150550,us_alm_001,Almacen,2026-02-20,15,65,466.7,3.0,0.0,0.3077,195.0,3.0,10.0,0.3016841250235097
us_alm_001_20260221150005,us_alm_001,Almacen,2026-02-21,15,83,475.24,3.0,0.0,0.2289,249.0,3.0,10.0,0.23233985025079607
us_alm_001_20260222150746,us_alm_001,Almacen,2026-02-22,15,86,472.05,3.0,0.0,0.3023,258.0,3.0,10.0,0.3055851557231291
us_alm_001_20260223150758,us_alm_001,Almacen,2026-02-23,15,83,471.96,3.0,0.0,0.3012,249.0,3.0,10.0,0.3046372863796052
us_alm_001_20260224150000,us_alm_001,Almacen,2026-02-24,15,54,382.19,3.0,382.6,0.2593,162.0,3.0,376.7595409341367,0.24993988142595377
us_alm_001_20260224215512,us_alm_001,Almacen,2026-02-24,21,12,60.54,3.0,1017.3,0.25,36.0,3.0,984.1860215588291,0.25024042473330693
us_alm_001_20260225150419,us_alm_001,Almacen,2026-02-25,15,69,470.95,3.0,0.0,0.2609,207.0,3.0,10.0,0.2561812758502052
us_alm_001_20260226150514,us_alm_001,Almacen,2026-02-26,15,96,473.74,3.0,0.0,0.2708,288.0,3.0,10.0,0.2618012073427513
us_alm_001_20260227150633,us_alm_001,Almacen,2026-02-27,15,75,467.14,3.0,455.5,0.2267,225.0,3.0,454.89801303432296,0.22120925255027704
us_alm_001_20260228150034,us_alm_001,Almacen,2026-02-28,15,103,471.17,3.0,205.1,0.2718,309.0,3.0,202.42616828579554,0.272057659177276
us_alm_001_20260301150301,us_alm_001,Almacen,2026-03-01,15,3,25.11,3.0,0.0,0.6667,9.0,3.0,10.0,0.6615723363732394
us_alm_001_20260301155842,us_alm_001,Almacen,2026-03-01,15,66,404.22,3.0,852.0,0.3788,198.0,3.0,869.1472294690141,0.37442946719649267
us_alm_001_20260302150428,us_alm_001,Almacen,2026-03-02,15,88,469.33,3.0,984.0,0.2955,264.0,3.0,1000.4464207654421,0.28882343248897346
us_alm_001_20260303151317,us_alm_001,Almacen,2026-03-03,15,6,11.7,3.0,259.4,0.1667,18.0,3.0,262.1486240750245,0.1715061897812734
us_alm_001_20260303155953,us_alm_001,Almacen,2026-03-03,15,75,417.28,3.0,728.0,0.36,225.0,3.0,692.0128560781467,0.3542623541606126
us_alm_001_20260304150937,us_alm_001,Almacen,2026-03-04,15,76,466.71,3.0,3946.3,0.25,228.0,3.0,3991.8459947098518,0.24898477306978503
us_alm_001_20260305150108,us_alm_001,Almacen,2026-03-05,15,19,100.99,3.0,1378.2,0.0526,57.0,3.0,1388.4302648536066,0.051964607583574955
us_alm_001_20260305171332,us_alm_001,Almacen,2026-03-05,17,69,340.76,3.0,0.0,0.2319,207.0,3.0,10.0,0.2311779689822515
us_alm_001_20260306150341,us_alm_001,Almacen,2026-03-06,15,79,476.14,3.0,0.0,0.2658,237.0,3.0,10.0,0.2671525012029893
us_alm_001_20260307150454,us_alm_001,Almacen,2026-03-07,15,77,475.04,3.0,0.0,0.3636,231.0,3.0,10.0,0.36060483070235744
us_alm_001_20260308150053,us_alm_001,Almacen,2026-03-08,15,14,71.12,3.0,1491.9,0.2857,42.0,3.0,1477.350805486125,0.2832283625147987
us_alm_001_20260308164715,us_alm_001,Almacen,2026-03-08,16,74,372.57,3.0,0.0,0.3108,222.0,3.0,10.0,0.3081831604672213
us_alm_001_20260309150036,us_alm_001,Almacen,2026-03-09,15,75,465.58,3.0,508.2,0.3067,225.0,3.0,511.1452716454951,0.3194305084988911
us_alm_001_20260310150750,us_alm_001,Almacen,2026-03-10,15,4,25.69,3.0,1541.2,0.25,12.0,3.0,1568.0515478585785,0.2483698823391608
us_alm_001_20260310160631,us_alm_001,Almacen,2026-03-10,16,74,326.99,3.0,0.0,0.3784,222.0,3.0,10.0,0.3753116855769729
us_alm_001_20260310221003,us_alm_001,Almacen,2026-03-10,22,8,48.34,3.0,159.0,0.125,24.0,3.0,152.51876397813442,0.12247978422270649
us_alm_001_20260311150003,us_alm_001,Almacen,2026-03-11,15,58,299.49,3.0,0.0,0.3276,174.0,3.0,10.0,0.3252968836525613
us_alm_001_20260311203217,us_alm_001,Almacen,2026-03-11,20,29,145.64,3.0,204.2,0.3793,87.0,3.0,204.27522066061013,0.3920174534509203
us_alm_001_20260312151531,us_alm_001,Almacen,2026-03-12,15,39,233.9,3.0,60.5,0.2308,117.0,3.0,60.89558212225464,0.2297886319590183
us_alm_001_20260312194618,us_alm_001,Almacen,2026-03-12,19,32,176.2,3.0,737.3,0.1875,96.0,3.0,749.5304147001316,0.17920824259122042
us_alm_001_20260313150026,us_alm_001,Almacen,2026-03-13,15,94,475.85,3.0,212.1,0.2979,282.0,3.0,213.09947695549653,0.3024928148251786
us_alm_001_20260314150026,us_alm_001,Almacen,2026-03-14,15,88,477.35,3.0,186.3,0.3636,264.0,3.0,180.79078764822432,0.3719173794022007
us_alm_001_20260315150711,us_alm_001,Almacen,2026-03-15,15,79,469.63,3.0,0.0,0.2278,237.0,3.0,10.0,0.22590794826426794
us_alm_001_20260316150306,us_alm_001,Almacen,2026-03-16,15,77,392.21,3.0,0.0,0.3896,231.0,3.0,10.0,0.4072932387480118
us_alm_001_20260316220553,us_alm_001,Almacen,2026-03-16,22,12,53.31,3.0,1037.5,0.25,36.0,3.0,1041.2737247924638,0.2512411029315017
us_alm_001_20260317150046,us_alm_001,Almacen,2026-03-17,15,81,465.0,3.0,2128.9,0.2469,243.0,3.0,2109.3413316193755,0.24270346850358288
us_alm_001_20260318151302,us_alm_001,Almacen,2026-03-18,15,78,466.76,3.0,1429.0,0.3462,234.0,3.0,1452.7309976368347,0.34027247558940704
us_alm_001_20260319150208,us_alm_001,Almacen,2026-03-19,15,21,107.82,3.0,0.0,0.2857,63.0,3.0,10.0,0.28297066534918414
us_alm_001_20260319172907,us_alm_001,Almacen,2026-03-19,17,47,328.38,3.0,922.8,0.1489,141.0,3.0,931.6400516639754,0.14989364574954453
us_alm_001_20260320150215,us_alm_001,Almacen,2026-03-20,15,38,225.42,3.0,3423.6,0.3947,114.0,3.0,3494.642435063227,0.39067393054744065
us_alm_001_20260320191846,us_alm_001,Almacen,2026-03-20,19,11,88.52,3.0,0.0,0.3636,33.0,3.0,10.0,0.3564824302588311
us_alm_001_20260320211841,us_alm_001,Almacen,2026-03-20,21,19,95.04,3.0,0.0,0.2632,57.0,3.0,10.0,0.2651861097953881
us_alm_001_20260321150651,us_alm_001,Almacen,2026-03-21,15,20,142.38,3.0,513.4,0.35,60.0,3.0,521.1727591157144,0.3435448427307566
us_alm_001_20260321180550,us_alm_001,Almacen,2026-03-21,18,57,287.43,3.0,1183.7,0.3333,171.0,3.0,1204.2870505525816,0.3423366819667938
us_alm_001_20260322150038,us_alm_001,Almacen,2026-03-22,15,75,478.56,3.0,522.8,0.3067,225.0,3.0,527.122875348107,0.31821226551423115
us_alm_001_20260323150012,us_alm_001,Almacen,2026-03-23,15,45,234.77,3.0,2274.6,0.3111,135.0,3.0,2239.3987817543803,0.3033557584359964
us_alm_001_20260323192522,us_alm_001,Almacen,2026-03-23,19,34,211.05,3.0,611.6,0.4118,102.0,3.0,589.8426939154028,0.42412142094942495
us_alm_001_20260324150004,us_alm_001,Almacen,2026-03-24,15,75,474.14,3.0,0.0,0.2667,225.0,3.0,10.0,0.26640351136536367
us_alm_001_20260325150415,us_alm_001,Almacen,2026-03-25,15,46,262.53,3.0,85.3,0.4565,138.0,3.0,85.7776264765016,0.4462242849981658
us_alm_001_20260325200103,us_alm_001,Almacen,2026-03-25,20,21,77.31,3.0,0.0,0.4762,63.0,3.0,10.0,0.47743070253713205
us_alm_001_20260325215646,us_alm_001,Almacen,2026-03-25,21,15,62.31,3.0,0.0,0.2,45.0,3.0,10.0,0.20290306649559478
us_alm_001_20260326150113,us_alm_001,Almacen,2026-03-26,15,50,310.19,3.0,0.0,0.3,150.0,3.0,10.0,0.3013433041456748
us_alm_001_20260326204438,us_alm_001,Almacen,2026-03-26,20,23,133.03,3.0,0.0,0.2174,69.0,3.0,10.0,0.21944994441682733
us_alm_001_20260327150407,us_alm_001,Almacen,2026-03-27,15,6,46.57,3.0,830.0,0.1667,18.0,3.0,861.2416066414855,0.1711856304338807
us_alm_001_20260327162130,us_alm_001,Almacen,2026-03-27,16,80,391.06,3.0,1926.5,0.3375,240.0,3.0,1987.885480724416,0.3340492941840895
us_alm_001_20260328151050,us_alm_001,Almacen,2026-03-28,15,83,459.32,3.0,1625.7,0.2289,249.0,3.0,1593.5239888741125,0.2283241474797838
us_alm_001_20260329151139,us_alm_001,Almacen,2026-03-29,15,80,468.07,3.0,1774.7,0.3375,240.0,3.0,1776.6779000367749,0.3448857927496789
us_alm_001_20260330150219,us_alm_001,Almacen,2026-03-30,15,34,210.12,3.0,156.2,0.2647,102.0,3.0,150.9127404967709,0.27279743939122447
us_alm_001_20260330190856,us_alm_001,Almacen,2026-03-30,19,47,227.07,3.0,2438.0,0.383,141.0,3.0,2430.2955348652886,0.37973009100420274
us_alm_001_20260331153434,us_alm_001,Almacen,2026-03-31,15,79,442.21,3.0,0.0,0.3544,237.0,3.0,10.0,0.3426703759098154
us_alm_001_20260401150034,us_alm_001,Almacen,2026-04-01,15,84,478.01,3.0,1917.8,0.4048,252.0,3.0,1949.3735309184433,0.4053935822623573
us_alm_002_20260101203131,us_alm_002,Almacen,2026-01-01,20,70,232.86,3.0,0.0,0.2286,210.0,3.0,10.0,0.22267889985412515
us_alm_002_20260102010035,us_alm_002,Almacen,2026-01-02,1,34,143.16,3.0,480.7,0.1765,102.0,3.0,477.4717659010247,0.18239164598427154
us_alm_002_20260102043928,us_alm_002,Almacen,2026-01-02,4,6,17.93,3.0,1075.6,0.3333,18.0,3.0,1070.015670849466,0.3232800490745147
us_alm_002_20260102202538,us_alm_002,Almacen,2026-01-02,20,89,296.8,3.0,85.5,0.2697,267.0,3.0,85.07977936041303,0.2682289290647811
us_alm_002_20260103015721,us_alm_002,Almacen,2026-01-03,1,55,168.11,3.0,0.0,0.2,165.0,3.0,10.0,0.19978282053392876
us_alm_002_20260103200413,us_alm_002,Almacen,2026-01-03,20,11,32.2,3.0,4.1,0.0,33.0,3.0,10.0,0.01
us_alm_002_20260103211242,us_alm_002,Almacen,2026-01-03,21,103,389.28,3.0,0.0,0.2233,309.0,3.0,10.0,0.22833123942196026
us_alm_002_20260104043008,us_alm_002,Almacen,2026-01-04,4,3,0.28,3.0,0.0,0.6667,9.0,3.0,10.0,0.6519455835328386
us_alm_002_20260104200015,us_alm_002,Almacen,2026-01-04,20,77,270.27,3.0,0.0,0.2857,231.0,3.0,10.0,0.28603837413195876
us_alm_002_20260105010555,us_alm_002,Almacen,2026-01-05,1,64,225.27,3.0,985.3,0.1719,192.0,3.0,985.5744906264366,0.1718170579505158
us_alm_002_20260105201730,us_alm_002,Almacen,2026-01-05,20,27,85.16,3.0,0.0,0.2963,81.0,3.0,10.0,0.29544452019893874
us_alm_002_20260105221551,us_alm_002,Almacen,2026-01-05,22,29,89.53,3.0,885.4,0.2069,87.0,3.0,875.2415931821647,0.20463709770114727
us_alm_002_20260106010205,us_alm_002,Almacen,2026-01-06,1,6,4.2,3.0,0.0,0.3333,18.0,3.0,10.0,0.3296775304756223
us_alm_002_20260106014254,us_alm_002,Almacen,2026-01-06,1,72,186.89,3.0,1119.8,0.2639,216.0,3.0,1103.8351058511623,0.2644617387417579
us_alm_002_20260106200954,us_alm_002,Almacen,2026-01-06,20,74,236.47,3.0,0.0,0.2297,222.0,3.0,10.0,0.23660934378954887
us_alm_002_20260107003746,us_alm_002,Almacen,2026-01-07,0,2,1.74,3.0,104.5,0.0,6.0,3.0,98.95947310045861,0.01
us_alm_002_20260107012042,us_alm_002,Almacen,2026-01-07,1,31,97.89,3.0,0.0,0.1935,93.0,3.0,10.0,0.18547597980058045
us_alm_002_20260107032900,us_alm_002,Almacen,2026-01-07,3,16,74.09,3.0,3.1,0.1875,48.0,3.0,10.0,0.18610709675251577
us_alm_002_20260107201715,us_alm_002,Almacen,2026-01-07,20,127,504.5,3.0,0.0,0.2126,381.0,3.0,10.0,0.20929272344436362
us_alm_002_20260108200517,us_alm_002,Almacen,2026-01-08,20,85,299.89,3.0,329.0,0.1882,255.0,3.0,321.69241093683485,0.19479554594904652
us_alm_002_20260109014415,us_alm_002,Almacen,2026-01-09,1,54,190.39,3.0,0.0,0.3148,162.0,3.0,10.0,0.32280571087808324
us_alm_002_20260109200948,us_alm_002,Almacen,2026-01-09,20,31,66.97,3.0,3.6,0.2258,93.0,3.0,10.0,0.220701202201183
us_alm_002_20260109214829,us_alm_002,Almacen,2026-01-09,21,14,94.23,3.0,0.0,0.2143,42.0,3.0,10.0,0.21639745936942284
us_alm_002_20260110000454,us_alm_002,Almacen,2026-01-10,0,69,292.39,3.0,10.0,0.2174,207.0,3.0,10.0,0.22050011717438953
us_alm_002_20260110200148,us_alm_002,Almacen,2026-01-10,20,23,62.95,3.0,751.5,0.2174,69.0,3.0,747.8879092656832,0.21577027912877436
us_alm_002_20260110214651,us_alm_002,Almacen,2026-01-10,21,29,111.58,3.0,4.8,0.2759,87.0,3.0,10.0,0.2783514449527799
us_alm_002_20260111001407,us_alm_002,Almacen,2026-01-11,0,85,277.06,3.0,572.8,0.2,255.0,3.0,568.6647716043766,0.20463731921345701
us_alm_002_20260111200816,us_alm_002,Almacen,2026-01-11,20,43,123.55,3.0,942.8,0.1628,129.0,3.0,922.4154698947763,0.1648054863362105
us_alm_002_20260111230314,us_alm_002,Almacen,2026-01-11,23,25,36.94,3.0,639.4,0.2,75.0,3.0,646.9845788868997,0.19876181424274406
us_alm_002_20260112001404,us_alm_002,Almacen,2026-01-12,0,36,110.71,3.0,585.3,0.2778,108.0,3.0,589.1177131583662,0.2708488129696032
us_alm_002_20260112025023,us_alm_002,Almacen,2026-01-12,2,51,129.57,3.0,0.0,0.2157,153.0,3.0,10.0,0.21490233218338495
us_alm_002_20260112201355,us_alm_002,Almacen,2026-01-12,20,120,364.43,3.0,0.0,0.2167,360.0,3.0,10.0,0.2212464059847771
us_alm_002_20260113025139,us_alm_002,Almacen,2026-01-13,2,29,120.15,3.0,447.4,0.3448,87.0,3.0,441.09753265702335,0.33508725090027686
us_alm_002_20260113200228,us_alm_002,Almacen,2026-01-13,20,41,209.0,3.0,0.0,0.1707,123.0,3.0,10.0,0.17276891797389402
us_alm_002_20260114001111,us_alm_002,Almacen,2026-01-14,0,59,211.69,3.0,0.0,0.2373,177.0,3.0,10.0,0.24562825318769782
us_alm_002_20260114043520,us_alm_002,Almacen,2026-01-14,4,4,14.8,3.0,888.0,0.0,12.0,3.0,851.0249337159851,0.01
us_alm_002_20260114202835,us_alm_002,Almacen,2026-01-14,20,4,0.2,3.0,0.0,0.0,12.0,3.0,10.0,0.01
us_alm_002_20260114210141,us_alm_002,Almacen,2026-01-14,21,25,96.92,3.0,2352.8,0.28,75.0,3.0,2327.158287451118,0.28223516224037165
us_alm_002_20260114231624,us_alm_002,Almacen,2026-01-14,23,25,79.44,3.0,3.1,0.28,75.0,3.0,10.0,0.2861784905392925
us_alm_002_20260115010659,us_alm_002,Almacen,2026-01-15,1,8,11.09,3.0,490.8,0.125,24.0,3.0,491.92125859926654,0.1253757544036547
us_alm_002_20260115022644,us_alm_002,Almacen,2026-01-15,2,6,26.25,3.0,9.6,0.0,18.0,3.0,10.0,0.01
us_alm_002_20260115032626,us_alm_002,Almacen,2026-01-15,3,32,86.39,3.0,0.0,0.2188,96.0,3.0,10.0,0.21131630311373462
us_alm_002_20260115200132,us_alm_002,Almacen,2026-01-15,20,23,64.39,3.0,0.0,0.1739,69.0,3.0,10.0,0.176485072519011
us_alm_002_20260115214550,us_alm_002,Almacen,2026-01-15,21,134,430.8,3.0,1071.6,0.194,402.0,3.0,1075.261988069958,0.1932861446549516
us_alm_002_20260116200202,us_alm_002,Almacen,2026-01-16,20,30,124.47,3.0,49.2,0.2333,90.0,3.0,49.21813899013635,0.23492181623721753
us_alm_002_20260116224537,us_alm_002,Almacen,2026-01-16,22,68,243.44,3.0,213.9,0.2941,204.0,3.0,211.59090808763656,0.2895220116051836
us_alm_002_20260117032853,us_alm_002,Almacen,2026-01-17,3,29,82.46,3.0,0.0,0.2069,87.0,3.0,10.0,0.202851493446229
us_alm_002_20260117200130,us_alm_002,Almacen,2026-01-17,20,43,199.11,3.0,0.0,0.2791,129.0,3.0,10.0,0.2695961783211444
us_alm_002_20260118000247,us_alm_002,Almacen,2026-01-18,0,13,40.24,3.0,795.9,0.1538,39.0,3.0,812.2820994349495,0.1552537098559025
us_alm_002_20260118011646,us_alm_002,Almacen,2026-01-18,1,23,39.27,3.0,648.1,0.2174,69.0,3.0,651.4186574161765,0.2216727403981951
us_alm_002_20260118024251,us_alm_002,Almacen,2026-01-18,2,39,115.6,3.0,0.0,0.359,117.0,3.0,10.0,0.36628317706683017
us_alm_002_20260118200532,us_alm_002,Almacen,2026-01-18,20,78,337.35,3.0,31.9,0.2564,234.0,3.0,30.72552224041041,0.24983832931457933
us_alm_002_20260119021317,us_alm_002,Almacen,2026-01-19,2,43,163.55,3.0,765.8,0.2791,129.0,3.0,756.230278664013,0.2792456402422769
us_alm_002_20260119200848,us_alm_002,Almacen,2026-01-19,20,24,53.74,3.0,0.0,0.3333,72.0,3.0,10.0,0.32846219174151897
us_alm_002_20260119213237,us_alm_002,Almacen,2026-01-19,21,18,67.18,3.0,569.1,0.1667,54.0,3.0,571.225779313278,0.164181553303534
us_alm_002_20260119231146,us_alm_002,Almacen,2026-01-19,23,8,9.51,3.0,8.0,0.125,24.0,3.0,10.0,0.12148334725787945
us_alm_002_20260119235744,us_alm_002,Almacen,2026-01-19,23,4,4.87,3.0,292.1,0.0,12.0,3.0,286.7064713762201,0.01
us_alm_002_20260120003527,us_alm_002,Almacen,2026-01-20,0,66,205.49,3.0,372.4,0.197,198.0,3.0,365.13169601182483,0.2011513486786349
us_alm_002_20260120043519,us_alm_002,Almacen,2026-01-20,4,3,1.35,3.0,81.0,0.0,9.0,3.0,79.46197380009225,0.01
us_alm_002_20260120201320,us_alm_002,Almacen,2026-01-20,20,31,92.56,3.0,0.0,0.129,93.0,3.0,10.0,0.12947687719913278
us_alm_002_20260120221843,us_alm_002,Almacen,2026-01-20,22,36,119.76,3.0,972.4,0.2222,108.0,3.0,955.7066578910358,0.22531217710409357
us_alm_002_20260121005117,us_alm_002,Almacen,2026-01-21,0,35,115.38,3.0,0.0,0.2571,105.0,3.0,10.0,0.25772737446690647
us_alm_002_20260121032423,us_alm_002,Almacen,2026-01-21,3,34,90.11,3.0,0.0,0.4118,102.0,3.0,10.0,0.4110088506658678
us_alm_002_20260121201051,us_alm_002,Almacen,2026-01-21,20,27,57.86,3.0,0.0,0.1481,81.0,3.0,10.0,0.14601719142877712
us_alm_002_20260121214123,us_alm_002,Almacen,2026-01-21,21,11,24.53,3.0,0.0,0.0909,33.0,3.0,10.0,0.09411931555558534
us_alm_002_20260121223612,us_alm_002,Almacen,2026-01-21,22,80,275.15,3.0,0.0,0.225,240.0,3.0,10.0,0.23315601851098616
us_alm_002_20260122043015,us_alm_002,Almacen,2026-01-22,4,11,18.05,3.0,8.1,0.0909,33.0,3.0,10.0,0.08987743540142422
us_alm_002_20260122201509,us_alm_002,Almacen,2026-01-22,20,90,372.13,3.0,0.0,0.2333,270.0,3.0,10.0,0.23783793906195833
us_alm_002_20260123025943,us_alm_002,Almacen,2026-01-23,2,38,112.97,3.0,435.5,0.1842,114.0,3.0,440.91596477091184,0.17841529213192356
us_alm_002_20260123200324,us_alm_002,Almacen,2026-01-23,20,8,8.36,3.0,492.7,0.375,24.0,3.0,485.5347902694217,0.37314361023336373
us_alm_002_20260123205110,us_alm_002,Almacen,2026-01-23,20,76,201.14,3.0,613.9,0.3289,228.0,3.0,612.9861063575096,0.3329827810576884
us_alm_002_20260124004947,us_alm_002,Almacen,2026-01-24,0,7,19.85,3.0,447.2,0.2857,21.0,3.0,448.789357752347,0.2780698423343305
us_alm_002_20260124014330,us_alm_002,Almacen,2026-01-24,1,16,43.01,3.0,1770.9,0.1875,48.0,3.0,1784.3658474869292,0.1897896965448143
us_alm_002_20260124030202,us_alm_002,Almacen,2026-01-24,3,12,35.4,3.0,0.0,0.0833,36.0,3.0,10.0,0.08510058068877399
us_alm_002_20260124040839,us_alm_002,Almacen,2026-01-24,4,8,51.18,3.0,0.0,0.125,24.0,3.0,10.0,0.1261479501980711
us_alm_002_20260124200433,us_alm_002,Almacen,2026-01-24,20,37,96.29,3.0,3.5,0.2162,111.0,3.0,10.0,0.20901800492347686
us_alm_002_20260124221303,us_alm_002,Almacen,2026-01-24,22,13,33.25,3.0,0.0,0.3077,39.0,3.0,10.0,0.3089781100268018
us_alm_002_20260124232641,us_alm_002,Almacen,2026-01-24,23,59,272.79,3.0,311.0,0.2203,177.0,3.0,312.68922036735523,0.21467464577493572
us_alm_002_20260125043150,us_alm_002,Almacen,2026-01-25,4,3,13.0,3.0,780.0,0.0,9.0,3.0,763.1355179696311,0.01
us_alm_002_20260125210710,us_alm_002,Almacen,2026-01-25,21,37,142.87,3.0,4.1,0.2973,111.0,3.0,10.0,0.3013522031465777
us_alm_002_20260126000925,us_alm_002,Almacen,2026-01-26,0,78,246.36,3.0,728.0,0.3077,234.0,3.0,728.4123155564596,0.30788311928245676
us_alm_002_20260126200008,us_alm_002,Almacen,2026-01-26,20,4,0.26,3.0,0.0,0.25,12.0,3.0,10.0,0.24741977635891313
us_alm_002_20260126203218,us_alm_002,Almacen,2026-01-26,20,24,55.41,3.0,0.0,0.2083,72.0,3.0,10.0,0.2063741611472548
us_alm_002_20260126220408,us_alm_002,Almacen,2026-01-26,22,15,44.16,3.0,0.0,0.0667,45.0,3.0,10.0,0.06628756438729283
us_alm_002_20260126232347,us_alm_002,Almacen,2026-01-26,23,44,133.89,3.0,5.1,0.1591,132.0,3.0,10.0,0.1575766218858668
us_alm_002_20260127023346,us_alm_002,Almacen,2026-01-27,2,23,134.68,3.0,16.3,0.2174,69.0,3.0,16.70937649693697,0.21351024744994962
us_alm_002_20260127200846,us_alm_002,Almacen,2026-01-27,20,45,158.62,3.0,0.0,0.2667,135.0,3.0,10.0,0.26435447453516553
us_alm_002_20260127232730,us_alm_002,Almacen,2026-01-27,23,13,73.01,3.0,0.0,0.3077,39.0,3.0,10.0,0.3089095980946522
us_alm_002_20260128011413,us_alm_002,Almacen,2026-01-28,1,64,225.41,3.0,1070.5,0.2344,192.0,3.0,1092.5917915900234,0.22743569297120267
us_alm_002_20260128200546,us_alm_002,Almacen,2026-01-28,20,66,283.35,3.0,0.0,0.2424,198.0,3.0,10.0,0.24671293009718245
us_alm_002_20260129012051,us_alm_002,Almacen,2026-01-29,1,27,87.46,3.0,0.0,0.2222,81.0,3.0,10.0,0.22693499478679044
us_alm_002_20260129032058,us_alm_002,Almacen,2026-01-29,3,36,97.31,3.0,0.0,0.25,108.0,3.0,10.0,0.2570467372009279
us_alm_002_20260129200827,us_alm_002,Almacen,2026-01-29,20,39,134.47,3.0,1511.8,0.2308,117.0,3.0,1581.3094836657517,0.22912513720501054
us_alm_002_20260129230224,us_alm_002,Almacen,2026-01-29,23,5,28.84,3.0,9.9,0.0,15.0,3.0,10.0,0.01
us_alm_002_20260130001000,us_alm_002,Almacen,2026-01-30,0,41,136.82,3.0,79.1,0.2439,123.0,3.0,81.59888313454599,0.24134948878754636
us_alm_002_20260130025705,us_alm_002,Almacen,2026-01-30,2,30,113.85,3.0,799.9,0.2333,90.0,3.0,793.1778513001004,0.23198519301505688
us_alm_002_20260130200829,us_alm_002,Almacen,2026-01-30,20,56,246.25,3.0,0.0,0.2321,168.0,3.0,10.0,0.22783561766442034
us_alm_002_20260131005220,us_alm_002,Almacen,2026-01-31,0,39,155.5,3.0,0.0,0.2051,117.0,3.0,10.0,0.20195049438794288
us_alm_002_20260131040050,us_alm_002,Almacen,2026-01-31,4,7,56.3,3.0,0.0,0.2857,21.0,3.0,10.0,0.2870383029817137
us_alm_002_20260131201358,us_alm_002,Almacen,2026-01-31,20,65,256.13,3.0,0.0,0.2308,195.0,3.0,10.0,0.22619159774794975
us_alm_002_20260201010153,us_alm_002,Almacen,2026-02-01,1,34,131.98,3.0,5.9,0.2353,102.0,3.0,10.0,0.23429296849907477
us_alm_002_20260201034615,us_alm_002,Almacen,2026-02-01,3,12,50.02,3.0,5.1,0.0833,36.0,3.0,10.0,0.08442424927394955
us_alm_002_20260201203218,us_alm_002,Almacen,2026-02-01,20,62,163.44,3.0,89.9,0.3387,186.0,3.0,87.88134580523099,0.3412904436206508
us_alm_002_20260201235915,us_alm_002,Almacen,2026-02-01,23,54,169.62,3.0,0.0,0.2593,162.0,3.0,10.0,0.26185385225514624
us_alm_002_20260202031857,us_alm_002,Almacen,2026-02-02,3,15,24.01,3.0,0.0,0.2,45.0,3.0,10.0,0.2098212005596436
us_alm_002_20260202043059,us_alm_002,Almacen,2026-02-02,4,15,24.71,3.0,0.0,0.2667,45.0,3.0,10.0,0.2638676622420203
us_alm_002_20260202203628,us_alm_002,Almacen,2026-02-02,20,15,33.43,3.0,0.0,0.2,45.0,3.0,10.0,0.197778091523359
us_alm_002_20260202214209,us_alm_002,Almacen,2026-02-02,21,25,63.32,3.0,833.1,0.32,75.0,3.0,822.4798556848189,0.3276097057990884
us_alm_002_20260202232118,us_alm_002,Almacen,2026-02-02,23,3,0.15,3.0,3.4,0.0,9.0,3.0,10.0,0.01
us_alm_002_20260202235310,us_alm_002,Almacen,2026-02-02,23,88,285.74,3.0,828.8,0.1932,264.0,3.0,815.0028740202243,0.19502154970987706
us_alm_002_20260203202654,us_alm_002,Almacen,2026-02-03,20,70,326.03,3.0,0.0,0.3286,210.0,3.0,10.0,0.3327596279062892
us_alm_002_20260204023142,us_alm_002,Almacen,2026-02-04,2,32,124.19,3.0,3.0,0.1875,96.0,3.0,10.0,0.1818159595687604
us_alm_002_20260204204334,us_alm_002,Almacen,2026-02-04,20,39,108.2,3.0,1149.2,0.2564,117.0,3.0,1184.76785954737,0.26560926070763385
us_alm_002_20260204231717,us_alm_002,Almacen,2026-02-04,23,52,245.19,3.0,0.0,0.2308,156.0,3.0,10.0,0.22901036959933552
us_alm_002_20260205040710,us_alm_002,Almacen,2026-02-05,4,21,44.75,3.0,0.0,0.4762,63.0,3.0,10.0,0.4793853664678364
us_alm_002_20260205200306,us_alm_002,Almacen,2026-02-05,20,10,20.76,3.0,410.8,0.1,30.0,3.0,416.21059974428,0.1040204090775327
us_alm_002_20260205210324,us_alm_002,Almacen,2026-02-05,21,60,169.5,3.0,0.0,0.1333,180.0,3.0,10.0,0.13117173954606048
us_alm_002_20260206002540,us_alm_002,Almacen,2026-02-06,0,71,262.69,3.0,0.0,0.2676,213.0,3.0,10.0,0.2636880624262309
us_alm_002_20260206201637,us_alm_002,Almacen,2026-02-06,20,50,243.72,3.0,6.8,0.14,150.0,3.0,10.0,0.1450247620178498
us_alm_002_20260207005551,us_alm_002,Almacen,2026-02-07,0,45,175.79,3.0,1771.1,0.2667,135.0,3.0,1752.7651725655408,0.26789368493404186
us_alm_002_20260207042446,us_alm_002,Almacen,2026-02-07,4,12,30.06,3.0,0.0,0.1667,36.0,3.0,10.0,0.1706621031736759
us_alm_002_20260207200125,us_alm_002,Almacen,2026-02-07,20,80,255.95,3.0,287.4,0.175,240.0,3.0,301.9248075839215,0.17314195929477885
us_alm_002_20260208011430,us_alm_002,Almacen,2026-02-08,1,54,225.03,3.0,312.1,0.2037,162.0,3.0,309.04491899980127,0.20795391141317937
us_alm_002_20260208200058,us_alm_002,Almacen,2026-02-08,20,13,30.59,3.0,1104.6,0.1538,39.0,3.0,1119.6643467888243,0.159480471733964
us_alm_002_20260208210700,us_alm_002,Almacen,2026-02-08,21,38,183.65,3.0,703.7,0.2368,114.0,3.0,711.9182052802777,0.23509839265803248
us_alm_002_20260209004444,us_alm_002,Almacen,2026-02-09,0,45,136.91,3.0,324.1,0.2889,135.0,3.0,327.92862461254754,0.295306089288608
us_alm_002_20260209034042,us_alm_002,Almacen,2026-02-09,3,7,7.0,3.0,9.5,0.1429,21.0,3.0,10.0,0.14434978918090466
us_alm_002_20260209042601,us_alm_002,Almacen,2026-02-09,4,8,32.7,3.0,8.6,0.375,24.0,3.0,10.0,0.38376971692834255
us_alm_002_20260209202714,us_alm_002,Almacen,2026-02-09,20,72,230.77,3.0,0.0,0.2778,216.0,3.0,10.0,0.281404232135448
us_alm_002_20260210020038,us_alm_002,Almacen,2026-02-10,2,39,176.33,3.0,13.1,0.2308,117.0,3.0,13.056215062956984,0.23147723037657622
us_alm_002_20260210202152,us_alm_002,Almacen,2026-02-10,20,117,261.33,3.0,433.2,0.2564,351.0,3.0,443.6531936858284,0.25221075387917746
us_alm_002_20260211012124,us_alm_002,Almacen,2026-02-11,1,54,211.77,3.0,10.1,0.2778,162.0,3.0,10.174472008392327,0.2756146095587092
us_alm_002_20260211200025,us_alm_002,Almacen,2026-02-11,20,14,56.37,3.0,205.0,0.2143,42.0,3.0,205.11785377403274,0.21977944468313487
us_alm_002_20260211213100,us_alm_002,Almacen,2026-02-11,21,3,19.51,3.0,3.3,0.0,9.0,3.0,10.0,0.01
us_alm_002_20260211222728,us_alm_002,Almacen,2026-02-11,22,2,0.11,3.0,0.0,0.0,6.0,3.0,10.0,0.01
us_alm_002_20260211230320,us_alm_002,Almacen,2026-02-11,23,13,34.54,3.0,0.0,0.2308,39.0,3.0,10.0,0.24078558380277804
us_alm_002_20260212001517,us_alm_002,Almacen,2026-02-12,0,37,158.46,3.0,259.1,0.1892,111.0,3.0,257.5050931864736,0.19002926483988036
us_alm_002_20260212033858,us_alm_002,Almacen,2026-02-12,3,25,67.18,3.0,0.0,0.12,75.0,3.0,10.0,0.12378588787143234
us_alm_002_20260212201135,us_alm_002,Almacen,2026-02-12,20,14,24.68,3.0,12.2,0.1429,42.0,3.0,12.176747890097584,0.14369744352065164
us_alm_002_20260212210703,us_alm_002,Almacen,2026-02-12,21,102,364.85,3.0,3.0,0.2647,306.0,3.0,10.0,0.26568790869798975
us_alm_002_20260213042412,us_alm_002,Almacen,2026-02-13,4,23,33.25,3.0,4.6,0.2174,69.0,3.0,10.0,0.21824390328912185
us_alm_002_20260213202754,us_alm_002,Almacen,2026-02-13,20,56,127.47,3.0,3.4,0.3036,168.0,3.0,10.0,0.297366999101976
us_alm_002_20260213233205,us_alm_002,Almacen,2026-02-13,23,73,269.73,3.0,0.0,0.2603,219.0,3.0,10.0,0.25665517103742663
us_alm_002_20260214045510,us_alm_002,Almacen,2026-02-14,4,4,0.24,3.0,0.0,0.25,12.0,3.0,10.0,0.24238406547608113
us_alm_002_20260214200110,us_alm_002,Almacen,2026-02-14,20,18,51.56,3.0,0.0,0.1667,54.0,3.0,10.0,0.1679576243914651
us_alm_002_20260214212254,us_alm_002,Almacen,2026-02-14,21,68,161.46,3.0,9.7,0.1912,204.0,3.0,10.003711661671462,0.1909485710016569
us_alm_002_20260215004656,us_alm_002,Almacen,2026-02-15,0,58,206.27,3.0,450.6,0.2586,174.0,3.0,445.5965418654409,0.2683293443631467
us_alm_002_20260215045451,us_alm_002,Almacen,2026-02-15,4,2,0.05,3.0,3.2,0.0,6.0,3.0,10.0,0.01
us_alm_002_20260215200856,us_alm_002,Almacen,2026-02-15,20,9,36.53,3.0,6.1,0.2222,27.0,3.0,10.0,0.21996887102697701
us_alm_002_20260215213903,us_alm_002,Almacen,2026-02-15,21,9,29.13,3.0,1278.0,0.3333,27.0,3.0,1251.897289194139,0.33802190407769744
us_alm_002_20260215224239,us_alm_002,Almacen,2026-02-15,22,26,64.48,3.0,0.0,0.2692,78.0,3.0,10.0,0.26616300065211346
us_alm_002_20260216002020,us_alm_002,Almacen,2026-02-16,0,24,132.79,3.0,1276.1,0.3333,72.0,3.0,1243.4240711371212,0.3391158005503154
us_alm_002_20260216031727,us_alm_002,Almacen,2026-02-16,3,11,20.77,3.0,7.3,0.1818,33.0,3.0,10.0,0.18143939655929817
us_alm_002_20260216041654,us_alm_002,Almacen,2026-02-16,4,5,6.33,3.0,380.0,0.2,15.0,3.0,394.0344411699623,0.1957196609346954
us_alm_002_20260216201250,us_alm_002,Almacen,2026-02-16,20,2,0.1,3.0,6.2,0.5,6.0,3.0,10.0,0.4930809193011876
us_alm_002_20260216204458,us_alm_002,Almacen,2026-02-16,20,77,291.15,3.0,0.0,0.2597,231.0,3.0,10.0,0.260963905099782
us_alm_002_20260217022526,us_alm_002,Almacen,2026-02-17,2,14,34.72,3.0,130.9,0.1429,42.0,3.0,130.26844400053213,0.14390617432323785
us_alm_002_20260217033530,us_alm_002,Almacen,2026-02-17,3,24,43.41,3.0,8.4,0.25,72.0,3.0,10.0,0.2572188230203663
us_alm_002_20260217045417,us_alm_002,Almacen,2026-02-17,4,9,3.76,3.0,0.0,0.2222,27.0,3.0,10.0,0.22716526267557766
us_alm_002_20260217200641,us_alm_002,Almacen,2026-02-17,20,8,29.31,3.0,484.0,0.125,24.0,3.0,487.31758135293614,0.12614188304788446
us_alm_002_20260217213532,us_alm_002,Almacen,2026-02-17,21,38,118.13,3.0,8.2,0.2368,114.0,3.0,10.0,0.238920347740242
us_alm_002_20260218000414,us_alm_002,Almacen,2026-02-18,0,23,40.59,3.0,411.2,0.3478,69.0,3.0,416.48575197715064,0.35704558499960115
us_alm_002_20260218013005,us_alm_002,Almacen,2026-02-18,1,10,47.69,3.0,0.0,0.2,30.0,3.0,10.0,0.20283601503035406
us_alm_002_20260218031529,us_alm_002,Almacen,2026-02-18,3,19,102.26,3.0,0.0,0.1053,57.0,3.0,10.0,0.10833288685573661
us_alm_002_20260218202757,us_alm_002,Almacen,2026-02-18,20,44,144.92,3.0,1012.4,0.2727,132.0,3.0,998.7044086679039,0.2825223291210956
us_alm_002_20260218232302,us_alm_002,Almacen,2026-02-18,23,85,316.42,3.0,79.8,0.1765,255.0,3.0,79.73590791077163,0.17144936388952328
us_alm_002_20260219201139,us_alm_002,Almacen,2026-02-19,20,89,293.88,3.0,4.1,0.2022,267.0,3.0,10.0,0.19944582709717157
us_alm_002_20260220013725,us_alm_002,Almacen,2026-02-20,1,27,117.6,3.0,0.0,0.037,81.0,3.0,10.0,0.03651705825531623
us_alm_002_20260220041325,us_alm_002,Almacen,2026-02-20,4,10,37.03,3.0,6.1,0.1,30.0,3.0,10.0,0.09622091853810893
us_alm_002_20260220200150,us_alm_002,Almacen,2026-02-20,20,38,125.49,3.0,0.0,0.2632,114.0,3.0,10.0,0.25044069922462514
us_alm_002_20260220232213,us_alm_002,Almacen,2026-02-20,23,23,77.38,3.0,0.0,0.3043,69.0,3.0,10.0,0.3089278835972942
us_alm_002_20260221011356,us_alm_002,Almacen,2026-02-21,1,32,137.17,3.0,14.8,0.2812,96.0,3.0,15.032596846960645,0.2835927733274787
us_alm_002_20260221040445,us_alm_002,Almacen,2026-02-21,4,3,54.97,3.0,1676.4,0.0,9.0,3.0,1643.9792238731638,0.01
us_alm_002_20260221200305,us_alm_002,Almacen,2026-02-21,20,132,375.1,3.0,0.0,0.2348,396.0,3.0,10.0,0.22936031941955182
us_alm_002_20260222025428,us_alm_002,Almacen,2026-02-22,2,29,119.43,3.0,2116.5,0.3103,87.0,3.0,2180.1388501138035,0.3157449103753126
us_alm_002_20260222200423,us_alm_002,Almacen,2026-02-22,20,10,3.07,3.0,0.0,0.2,30.0,3.0,10.0,0.20010754335597813
us_alm_002_20260222204437,us_alm_002,Almacen,2026-02-22,20,54,212.23,3.0,671.7,0.2593,162.0,3.0,674.4994146419674,0.2487115629723516
us_alm_002_20260223005005,us_alm_002,Almacen,2026-02-23,0,28,158.22,3.0,0.0,0.2143,84.0,3.0,10.0,0.21137701551308144
us_alm_002_20260223035910,us_alm_002,Almacen,2026-02-23,3,12,59.61,3.0,1292.0,0.0833,36.0,3.0,1266.1181389443154,0.08283168691205199
us_alm_002_20260223200744,us_alm_002,Almacen,2026-02-23,20,64,226.89,3.0,1239.3,0.3281,192.0,3.0,1283.857458254492,0.33230521085563414
us_alm_002_20260224002858,us_alm_002,Almacen,2026-02-24,0,34,147.7,3.0,0.0,0.2059,102.0,3.0,10.0,0.20825789589362464
us_alm_002_20260224033031,us_alm_002,Almacen,2026-02-24,3,16,88.19,3.0,4900.6,0.375,48.0,3.0,5037.753625050667,0.38193475262184573
us_alm_002_20260224200241,us_alm_002,Almacen,2026-02-24,20,15,65.16,3.0,0.0,0.0667,45.0,3.0,10.0,0.06583698633854075
us_alm_002_20260224213822,us_alm_002,Almacen,2026-02-24,21,48,170.69,3.0,0.0,0.25,144.0,3.0,10.0,0.2519674269271088
us_alm_002_20260225011138,us_alm_002,Almacen,2026-02-25,1,75,225.8,3.0,6.3,0.28,225.0,3.0,10.0,0.28355696208941905
us_alm_002_20260225200135,us_alm_002,Almacen,2026-02-25,20,24,68.15,3.0,6.7,0.125,72.0,3.0,10.0,0.12366191197109858
us_alm_002_20260225220604,us_alm_002,Almacen,2026-02-25,22,35,68.0,3.0,466.3,0.1143,105.0,3.0,478.58601705610573,0.11475171269632682
us_alm_002_20260225234803,us_alm_002,Almacen,2026-02-25,23,100,311.01,3.0,0.0,0.25,300.0,3.0,10.0,0.24655406090955215
us_alm_002_20260226201340,us_alm_002,Almacen,2026-02-26,20,5,7.39,3.0,426.0,0.4,15.0,3.0,440.79041160296794,0.40158328626770123
us_alm_002_20260226205409,us_alm_002,Almacen,2026-02-26,20,19,100.01,3.0,0.0,0.1579,57.0,3.0,10.0,0.15637188853605646
us_alm_002_20260226231215,us_alm_002,Almacen,2026-02-26,23,47,142.04,3.0,0.0,0.2128,141.0,3.0,10.0,0.21460525026788652
us_alm_002_20260227021508,us_alm_002,Almacen,2026-02-27,2,46,160.09,3.0,13.8,0.1957,138.0,3.0,13.944302594697799,0.1934545381845844
us_alm_002_20260227200011,us_alm_002,Almacen,2026-02-27,20,8,15.26,3.0,0.0,0.375,24.0,3.0,10.0,0.391067027689589
us_alm_002_20260227205043,us_alm_002,Almacen,2026-02-27,20,113,488.34,3.0,1076.1,0.2566,339.0,3.0,1113.2801841069074,0.25883921307276714
us_alm_002_20260228200345,us_alm_002,Almacen,2026-02-28,20,19,120.65,3.0,0.0,0.1579,57.0,3.0,10.0,0.15827905892977628
us_alm_002_20260228223711,us_alm_002,Almacen,2026-02-28,22,65,218.05,3.0,872.9,0.1692,195.0,3.0,883.6107967679276,0.1657388699593686
us_alm_002_20260301024529,us_alm_002,Almacen,2026-03-01,2,4,10.99,3.0,659.5,0.25,12.0,3.0,656.1052034713861,0.24165707963061206
us_alm_002_20260301032721,us_alm_002,Almacen,2026-03-01,3,25,84.15,3.0,55.3,0.24,75.0,3.0,55.74154077360143,0.24310654051057312
us_alm_002_20260301200021,us_alm_002,Almacen,2026-03-01,20,2,0.14,3.0,8.5,0.0,6.0,3.0,10.0,0.01
us_alm_002_20260301203443,us_alm_002,Almacen,2026-03-01,20,3,0.19,3.0,0.0,0.0,9.0,3.0,10.0,0.01
us_alm_002_20260301211500,us_alm_002,Almacen,2026-03-01,21,46,240.54,3.0,1590.5,0.2826,138.0,3.0,1597.6398123483925,0.28851819960636393
us_alm_002_20260302015335,us_alm_002,Almacen,2026-03-02,1,36,114.79,3.0,155.0,0.2778,108.0,3.0,160.22017584351937,0.27525043903550017
us_alm_002_20260302042635,us_alm_002,Almacen,2026-03-02,4,7,31.09,3.0,3.2,0.2857,21.0,3.0,10.0,0.285479962605273
us_alm_002_20260302201215,us_alm_002,Almacen,2026-03-02,20,153,523.59,3.0,4.7,0.2418,459.0,3.0,10.0,0.2460733794576855
us_alm_002_20260303200105,us_alm_002,Almacen,2026-03-03,20,10,55.04,3.0,0.0,0.2,30.0,3.0,10.0,0.193694431372063
us_alm_002_20260303214324,us_alm_002,Almacen,2026-03-03,21,42,178.86,3.0,406.8,0.2143,126.0,3.0,418.81313228536993,0.22021507154387596
us_alm_002_20260304011614,us_alm_002,Almacen,2026-03-04,1,57,206.4,3.0,0.0,0.1754,171.0,3.0,10.0,0.17678847879529844
us_alm_002_20260304200802,us_alm_002,Almacen,2026-03-04,20,17,16.15,3.0,15.1,0.1765,51.0,3.0,15.249197116257385,0.17742017839335839
us_alm_002_20260304211917,us_alm_002,Almacen,2026-03-04,21,84,293.59,3.0,1946.3,0.2738,252.0,3.0,1924.8788215814131,0.27012219043717123
us_alm_002_20260305024652,us_alm_002,Almacen,2026-03-05,2,2,0.14,3.0,0.0,0.5,6.0,3.0,10.0,0.5117272901925937
us_alm_002_20260305032327,us_alm_002,Almacen,2026-03-05,3,23,90.18,3.0,872.2,0.1304,69.0,3.0,881.6825610967454,0.12943343782191943
us_alm_002_20260305200600,us_alm_002,Almacen,2026-03-05,20,39,117.0,3.0,726.5,0.2308,117.0,3.0,737.7127822657205,0.2176511272631716
us_alm_002_20260305234911,us_alm_002,Almacen,2026-03-05,23,64,305.87,3.0,0.0,0.1562,192.0,3.0,10.0,0.1507651341550972
us_alm_002_20260306202053,us_alm_002,Almacen,2026-03-06,20,16,58.37,3.0,5.2,0.25,48.0,3.0,10.0,0.24440165052686927
us_alm_002_20260306221646,us_alm_002,Almacen,2026-03-06,22,15,41.06,3.0,4.0,0.3333,45.0,3.0,10.0,0.3410380713646652
us_alm_002_20260306233245,us_alm_002,Almacen,2026-03-06,23,81,322.73,3.0,3.7,0.2222,243.0,3.0,10.0,0.2237398632504113
us_alm_002_20260307200416,us_alm_002,Almacen,2026-03-07,20,14,44.73,3.0,667.3,0.2857,42.0,3.0,666.6737979542784,0.28842581128675293
us_alm_002_20260307213300,us_alm_002,Almacen,2026-03-07,21,133,444.63,3.0,7.1,0.2105,399.0,3.0,10.0,0.20509860273616612
us_alm_002_20260308200038,us_alm_002,Almacen,2026-03-08,20,26,121.04,3.0,0.0,0.2692,78.0,3.0,10.0,0.26654161455625947
us_alm_002_20260308223341,us_alm_002,Almacen,2026-03-08,22,24,38.77,3.0,0.0,0.2083,72.0,3.0,10.0,0.20651647223941602
us_alm_002_20260308235758,us_alm_002,Almacen,2026-03-08,23,8,14.02,3.0,444.1,0.125,24.0,3.0,457.429748460414,0.12712555435528372
us_alm_002_20260309005129,us_alm_002,Almacen,2026-03-09,0,48,238.11,3.0,2087.8,0.2292,144.0,3.0,2073.2416814756657,0.2275990026834043
us_alm_002_20260309200516,us_alm_002,Almacen,2026-03-09,20,47,161.71,3.0,89.8,0.234,141.0,3.0,89.22234344801358,0.24371918056306477
us_alm_002_20260309232258,us_alm_002,Almacen,2026-03-09,23,109,331.58,3.0,0.0,0.2936,327.0,3.0,10.0,0.296125204552306
us_alm_002_20260310200256,us_alm_002,Almacen,2026-03-10,20,11,44.13,3.0,6.8,0.0909,33.0,3.0,10.0,0.09133411869111019
us_alm_002_20260310211716,us_alm_002,Almacen,2026-03-10,21,9,24.0,3.0,0.0,0.3333,27.0,3.0,10.0,0.33199113190599955
us_alm_002_20260310222316,us_alm_002,Almacen,2026-03-10,22,98,322.53,3.0,0.0,0.2653,294.0,3.0,10.0,0.26510249881307874
us_alm_002_20260311043412,us_alm_002,Almacen,2026-03-11,4,3,22.48,3.0,1348.6,0.0,9.0,3.0,1368.2256240509764,0.01
us_alm_002_20260311200121,us_alm_002,Almacen,2026-03-11,20,14,69.74,3.0,0.0,0.2143,42.0,3.0,10.0,0.2139540487376546
us_alm_002_20260311214641,us_alm_002,Almacen,2026-03-11,21,38,98.02,3.0,0.0,0.2368,114.0,3.0,10.0,0.22733652155805595
us_alm_002_20260311235544,us_alm_002,Almacen,2026-03-11,23,65,249.26,3.0,257.4,0.2154,195.0,3.0,262.1172548693683,0.21689267235416854
us_alm_002_20260312043747,us_alm_002,Almacen,2026-03-12,4,11,15.99,3.0,0.0,0.1818,33.0,3.0,10.0,0.17126921544488774
us_alm_002_20260312201852,us_alm_002,Almacen,2026-03-12,20,21,74.93,3.0,3.1,0.3333,63.0,3.0,10.0,0.3323694955387176
us_alm_002_20260312221004,us_alm_002,Almacen,2026-03-12,22,14,38.6,3.0,12.1,0.3571,42.0,3.0,12.368180241650478,0.34967299186846945
us_alm_002_20260312233257,us_alm_002,Almacen,2026-03-12,23,88,318.61,3.0,538.4,0.2841,264.0,3.0,544.9983494097137,0.2781144927700473
us_alm_002_20260313203827,us_alm_002,Almacen,2026-03-13,20,51,170.64,3.0,237.3,0.1569,153.0,3.0,234.33959251253773,0.162906230388434
us_alm_002_20260314000723,us_alm_002,Almacen,2026-03-14,0,76,262.9,3.0,8.1,0.1842,228.0,3.0,10.0,0.1850010227047941
us_alm_002_20260314200045,us_alm_002,Almacen,2026-03-14,20,19,43.63,3.0,4.7,0.2632,57.0,3.0,10.0,0.2658092694582878
us_alm_002_20260314212855,us_alm_002,Almacen,2026-03-14,21,5,1.13,3.0,64.0,0.4,15.0,3.0,64.19253619858378,0.4029196880197298
us_alm_002_20260314220533,us_alm_002,Almacen,2026-03-14,22,28,164.28,3.0,7.0,0.1429,84.0,3.0,10.0,0.14273532547807802
us_alm_002_20260315012827,us_alm_002,Almacen,2026-03-15,1,52,195.32,3.0,0.0,0.3462,156.0,3.0,10.0,0.3534747310379567
us_alm_002_20260315200159,us_alm_002,Almacen,2026-03-15,20,152,532.02,3.0,0.0,0.3026,456.0,3.0,10.0,0.3097839074092514
us_alm_002_20260316200631,us_alm_002,Almacen,2026-03-16,20,19,51.52,3.0,0.0,0.1579,57.0,3.0,10.0,0.15429039048559715
us_alm_002_20260316212816,us_alm_002,Almacen,2026-03-16,21,5,13.03,3.0,0.0,0.0,15.0,3.0,10.0,0.01
us_alm_002_20260316224308,us_alm_002,Almacen,2026-03-16,22,4,3.13,3.0,3.7,0.25,12.0,3.0,10.0,0.2462286207499032
us_alm_002_20260316231659,us_alm_002,Almacen,2026-03-16,23,16,25.45,3.0,3.1,0.125,48.0,3.0,10.0,0.1258219060257587
us_alm_002_20260317002200,us_alm_002,Almacen,2026-03-17,0,21,107.91,3.0,0.0,0.381,63.0,3.0,10.0,0.38421503614727287
us_alm_002_20260317032214,us_alm_002,Almacen,2026-03-17,3,28,92.38,3.0,4.4,0.2143,84.0,3.0,10.0,0.2162438480162889
us_alm_002_20260317200219,us_alm_002,Almacen,2026-03-17,20,161,535.86,3.0,0.0,0.1615,483.0,3.0,10.0,0.1646140015535714
us_alm_002_20260318201025,us_alm_002,Almacen,2026-03-18,20,41,74.69,3.0,163.9,0.2195,123.0,3.0,167.79908426269498,0.21411080169154859
us_alm_002_20260318221819,us_alm_002,Almacen,2026-03-18,22,117,400.46,3.0,232.2,0.2991,351.0,3.0,234.97432592438275,0.30329441534450374
us_alm_002_20260319200542,us_alm_002,Almacen,2026-03-19,20,116,406.59,3.0,270.5,0.2672,348.0,3.0,268.89018144682245,0.2745517772103373
us_alm_002_20260320032420,us_alm_002,Almacen,2026-03-20,3,18,47.79,3.0,0.0,0.2778,54.0,3.0,10.0,0.2784977027754879
us_alm_002_20260320044535,us_alm_002,Almacen,2026-03-20,4,4,14.06,3.0,843.4,0.0,12.0,3.0,840.4806244679796,0.01
us_alm_002_20260320200645,us_alm_002,Almacen,2026-03-20,20,3,7.62,3.0,457.2,0.3333,9.0,3.0,447.17566060543027,0.3237006208166264
us_alm_002_20260320205010,us_alm_002,Almacen,2026-03-20,20,3,0.14,3.0,8.4,0.3333,9.0,3.0,10.0,0.32765415565211004
us_alm_002_20260320214305,us_alm_002,Almacen,2026-03-20,21,68,263.38,3.0,1242.3,0.2206,204.0,3.0,1217.6678656854085,0.2110992428187804
us_alm_002_20260321023731,us_alm_002,Almacen,2026-03-21,2,28,123.85,3.0,9.7,0.1071,84.0,3.0,10.0,0.10426594166252114
us_alm_002_20260321200022,us_alm_002,Almacen,2026-03-21,20,102,353.18,3.0,1697.1,0.2647,306.0,3.0,1752.8332785653486,0.2700459716709799
us_alm_002_20260322022722,us_alm_002,Almacen,2026-03-22,2,31,104.1,3.0,0.0,0.1935,93.0,3.0,10.0,0.2022169265666825
us_alm_002_20260322044817,us_alm_002,Almacen,2026-03-22,4,2,0.11,3.0,6.5,0.5,6.0,3.0,10.0,0.4967516861649138
us_alm_002_20260322200122,us_alm_002,Almacen,2026-03-22,20,126,538.39,3.0,0.0,0.1984,378.0,3.0,10.0,0.20749046012804004
us_alm_002_20260323200004,us_alm_002,Almacen,2026-03-23,20,48,131.49,3.0,4.0,0.1875,144.0,3.0,10.0,0.18132975469891166
us_alm_002_20260323224145,us_alm_002,Almacen,2026-03-23,22,12,54.36,3.0,7.6,0.25,36.0,3.0,10.0,0.26219876203169634
us_alm_002_20260324001538,us_alm_002,Almacen,2026-03-24,0,3,0.12,3.0,3.4,0.0,9.0,3.0,10.0,0.01
us_alm_002_20260324005504,us_alm_002,Almacen,2026-03-24,0,59,202.61,3.0,0.0,0.2542,177.0,3.0,10.0,0.2585387647008391
us_alm_002_20260324044957,us_alm_002,Almacen,2026-03-24,4,9,8.07,3.0,444.9,0.3333,27.0,3.0,451.6529465919226,0.33517442203217984
us_alm_002_20260324200147,us_alm_002,Almacen,2026-03-24,20,12,19.57,3.0,550.9,0.25,36.0,3.0,552.0480877633418,0.24968703436050238
us_alm_002_20260324205311,us_alm_002,Almacen,2026-03-24,20,63,184.95,3.0,0.0,0.2698,189.0,3.0,10.0,0.26828547728522684
us_alm_002_20260325003702,us_alm_002,Almacen,2026-03-25,0,25,81.87,3.0,5.3,0.24,75.0,3.0,10.0,0.2395279697913852
us_alm_002_20260325024459,us_alm_002,Almacen,2026-03-25,2,36,128.12,3.0,3.3,0.3611,108.0,3.0,10.0,0.3531298779510677
us_alm_002_20260325200044,us_alm_002,Almacen,2026-03-25,20,26,91.16,3.0,0.0,0.1538,78.0,3.0,10.0,0.15808179903279596
us_alm_002_20260325220725,us_alm_002,Almacen,2026-03-25,22,18,44.77,3.0,0.0,0.2222,54.0,3.0,10.0,0.2152206953174986
us_alm_002_20260325232754,us_alm_002,Almacen,2026-03-25,23,24,104.12,3.0,0.0,0.25,72.0,3.0,10.0,0.2547038559399411
us_alm_002_20260326015339,us_alm_002,Almacen,2026-03-26,1,56,185.76,3.0,836.2,0.1786,168.0,3.0,819.7688808304654,0.17779761038821065
us_alm_002_20260326200757,us_alm_002,Almacen,2026-03-26,20,18,28.63,3.0,383.6,0.1667,54.0,3.0,387.8199997037164,0.16347153958748464
us_alm_002_20260326211730,us_alm_002,Almacen,2026-03-26,21,117,456.46,3.0,0.0,0.2308,351.0,3.0,10.0,0.22464213831545757
us_alm_002_20260327201205,us_alm_002,Almacen,2026-03-27,20,25,123.42,3.0,0.0,0.32,75.0,3.0,10.0,0.32204660437851224
us_alm_002_20260327225112,us_alm_002,Almacen,2026-03-27,22,6,8.7,3.0,0.0,0.0,18.0,3.0,10.0,0.01
us_alm_002_20260327234152,us_alm_002,Almacen,2026-03-27,23,85,298.81,3.0,0.0,0.3176,255.0,3.0,10.0,0.3211094161904577
us_alm_002_20260328201208,us_alm_002,Almacen,2026-03-28,20,58,324.9,3.0,0.0,0.3621,174.0,3.0,10.0,0.3719791049938706
us_alm_002_20260329020936,us_alm_002,Almacen,2026-03-29,2,46,156.36,3.0,3.7,0.3043,138.0,3.0,10.0,0.30168663787671174
us_alm_002_20260329200632,us_alm_002,Almacen,2026-03-29,20,7,24.38,3.0,0.0,0.2857,21.0,3.0,10.0,0.2888044049379139
us_alm_002_20260329211238,us_alm_002,Almacen,2026-03-29,21,33,97.02,3.0,0.0,0.1818,99.0,3.0,10.0,0.18194759138921732
us_alm_002_20260329232710,us_alm_002,Almacen,2026-03-29,23,23,112.01,3.0,8.9,0.2609,69.0,3.0,10.0,0.2574409830122192
us_alm_002_20260330015506,us_alm_002,Almacen,2026-03-30,1,48,106.78,3.0,0.0,0.1667,144.0,3.0,10.0,0.17253308886178526
us_alm_002_20260330042912,us_alm_002,Almacen,2026-03-30,4,9,25.08,3.0,0.0,0.4444,27.0,3.0,10.0,0.43824145860199
us_alm_002_20260330200544,us_alm_002,Almacen,2026-03-30,20,31,120.94,3.0,0.0,0.2581,93.0,3.0,10.0,0.2627195996337872
us_alm_002_20260330225641,us_alm_002,Almacen,2026-03-30,22,45,133.03,3.0,0.0,0.2667,135.0,3.0,10.0,0.27335545621564167
us_alm_002_20260331020430,us_alm_002,Almacen,2026-03-31,2,46,172.8,3.0,547.5,0.3478,138.0,3.0,540.1252776645297,0.34974068339242875
us_alm_002_20260331200113,us_alm_002,Almacen,2026-03-31,20,53,208.45,3.0,0.0,0.1321,159.0,3.0,10.0,0.1377674839955773
us_alm_002_20260401001338,us_alm_002,Almacen,2026-04-01,0,59,248.76,3.0,1343.6,0.2034,177.0,3.0,1311.686855283839,0.20466035064920354
us_alm_002_20260401045426,us_alm_002,Almacen,2026-04-01,4,2,0.11,3.0,6.8,0.0,6.0,3.0,10.0,0.01
us_alm_002_20260401201751,us_alm_002,Almacen,2026-04-01,20,20,59.22,3.0,0.0,0.2,60.0,3.0,10.0,0.1994807172010663
us_alm_002_20260401215612,us_alm_002,Almacen,2026-04-01,21,51,162.25,3.0,0.0,0.1765,153.0,3.0,10.0,0.17598108293425144
us_alm_002_20260402011508,us_alm_002,Almacen,2026-04-02,1,74,222.73,3.0,0.0,0.2027,222.0,3.0,10.0,0.2116614602484513
us_cmp_001_20260101170252,us_cmp_001,Compras,2026-01-01,17,101,464.08,3.0,0.0,0.3564,303.0,1.0,10.0,0.013996044361560444
us_cmp_001_20260102170849,us_cmp_001,Compras,2026-01-02,17,85,469.32,3.0,0.0,0.3176,255.0,1.0,10.0,0.03755964704611366
us_cmp_001_20260103170409,us_cmp_001,Compras,2026-01-03,17,97,470.91,3.0,98.2,0.3402,291.0,1.0,18.061583148507466,0.03383255074424154
us_cmp_001_20260104170300,us_cmp_001,Compras,2026-01-04,17,120,476.7,2.992,388.6,0.2333,359.0,1.0,90.75909072700217,0.012970290597523906
us_cmp_001_20260105171016,us_cmp_001,Compras,2026-01-05,17,11,31.75,3.0,0.0,0.1818,33.0,1.0,10.0,0.01804085012169542
us_cmp_001_20260105181346,us_cmp_001,Compras,2026-01-05,18,69,389.01,3.0,411.8,0.4203,207.0,1.0,79.23750392522713,0.026308703492979684
us_cmp_001_20260106170940,us_cmp_001,Compras,2026-01-06,17,81,467.42,3.0,491.2,0.3086,243.0,1.0,92.5255667013686,0.014310254791497057
us_cmp_001_20260107170614,us_cmp_001,Compras,2026-01-07,17,78,470.26,3.0,0.0,0.3333,234.0,1.0,10.0,0.014061214181762904
us_cmp_001_20260108170312,us_cmp_001,Compras,2026-01-08,17,44,259.76,3.0,635.5,0.25,132.0,1.0,127.53320088157487,0.012816800511373537
us_cmp_001_20260108222620,us_cmp_001,Compras,2026-01-08,22,38,153.31,3.0,2126.7,0.3158,114.0,1.0,435.283849972108,0.011226296431911325
us_cmp_001_20260109170118,us_cmp_001,Compras,2026-01-09,17,103,467.84,3.0,0.0,0.2621,309.0,1.0,10.0,0.021842692150087398
us_cmp_001_20260110170648,us_cmp_001,Compras,2026-01-10,17,90,471.41,3.0,384.8,0.3222,270.0,1.0,61.61621049477015,0.023890420536097856
us_cmp_001_20260111171752,us_cmp_001,Compras,2026-01-11,17,94,444.2,3.0,1315.3,0.3085,282.0,1.0,295.35506051600265,0.013103181581342025
us_cmp_001_20260112170537,us_cmp_001,Compras,2026-01-12,17,88,463.15,3.0,313.1,0.3295,264.0,1.0,73.09364828637776,0.02472800193838901
us_cmp_001_20260113170644,us_cmp_001,Compras,2026-01-13,17,52,232.51,3.0,0.0,0.3077,156.0,1.0,10.0,0.020170130429427908
us_cmp_001_20260113213152,us_cmp_001,Compras,2026-01-13,21,41,198.9,3.0,315.0,0.2195,123.0,1.0,66.5174595488869,0.014966997001633888
us_cmp_001_20260114174201,us_cmp_001,Compras,2026-01-14,17,88,434.64,2.989,0.0,0.2955,263.0,1.0,10.0,0.014258819064901037
us_cmp_001_20260115170038,us_cmp_001,Compras,2026-01-15,17,99,475.72,2.99,917.5,0.303,296.0,1.0,186.6077711210622,0.011632890148755915
us_cmp_001_20260116170400,us_cmp_001,Compras,2026-01-16,17,85,474.95,2.988,0.0,0.3059,254.0,1.0,10.0,0.014863226382851846
us_cmp_001_20260117171823,us_cmp_001,Compras,2026-01-17,17,77,454.1,3.0,0.0,0.3506,231.0,1.0,10.0,0.03204081867790903
us_cmp_001_20260118170317,us_cmp_001,Compras,2026-01-18,17,13,80.13,3.0,278.3,0.3077,39.0,1.0,61.73423213122775,0.024261969329396196
us_cmp_001_20260118185547,us_cmp_001,Compras,2026-01-18,18,69,363.96,3.0,1016.7,0.3333,207.0,1.0,181.12891224314797,0.020110821274334556
us_cmp_001_20260119170252,us_cmp_001,Compras,2026-01-19,17,24,115.21,3.0,2321.7,0.4167,72.0,1.0,520.6689786008337,0.0289610687582751
us_cmp_001_20260119193622,us_cmp_001,Compras,2026-01-19,19,58,321.54,3.0,2243.6,0.5,174.0,1.0,552.792955118059,0.03726651172727721
us_cmp_001_20260120170045,us_cmp_001,Compras,2026-01-20,17,61,317.9,3.0,0.0,0.377,183.0,1.0,10.0,0.022802595193246594
us_cmp_001_20260120225150,us_cmp_001,Compras,2026-01-20,22,31,126.11,3.0,0.0,0.2581,93.0,1.0,10.0,0.01641961737127038
us_cmp_001_20260121170420,us_cmp_001,Compras,2026-01-21,17,110,463.73,3.0,278.0,0.3182,330.0,1.0,59.53708424238861,0.027301786877414164
us_cmp_001_20260122170212,us_cmp_001,Compras,2026-01-22,17,45,234.16,3.0,23.4,0.3111,135.0,1.0,10.0,0.012457068562963603
us_cmp_001_20260122212951,us_cmp_001,Compras,2026-01-22,21,42,206.02,3.0,867.1,0.4048,126.0,1.0,141.5765264196428,0.03109936444935075
us_cmp_001_20260123170953,us_cmp_001,Compras,2026-01-23,17,59,288.02,3.0,208.7,0.4068,177.0,1.0,37.134547785830286,0.01
us_cmp_001_20260123223100,us_cmp_001,Compras,2026-01-23,22,34,148.29,3.0,504.8,0.3529,102.0,1.0,104.88308959134471,0.041122257260707416
us_cmp_001_20260124170002,us_cmp_001,Compras,2026-01-24,17,40,175.44,3.0,946.0,0.35,120.0,1.0,189.0851383536654,0.029202768754494936
us_cmp_001_20260124203842,us_cmp_001,Compras,2026-01-24,20,7,41.32,3.0,937.2,0.4286,21.0,1.0,188.97380949661573,0.027725651226178993
us_cmp_001_20260124215639,us_cmp_001,Compras,2026-01-24,21,40,175.4,2.975,0.0,0.3,119.0,1.0,10.0,0.01825835273486819
us_cmp_001_20260125170353,us_cmp_001,Compras,2026-01-25,17,89,448.53,3.0,1988.1,0.3258,267.0,1.0,408.25205319212733,0.023816182905173327
us_cmp_001_20260126170501,us_cmp_001,Compras,2026-01-26,17,104,474.96,3.0,519.8,0.3269,312.0,1.0,97.01453164392696,0.028279306214603228
us_cmp_001_20260127170301,us_cmp_001,Compras,2026-01-27,17,86,469.57,2.988,4865.0,0.314,257.0,1.0,955.9764156735376,0.01618725373171837
us_cmp_001_20260128170330,us_cmp_001,Compras,2026-01-28,17,22,96.86,3.0,944.2,0.1818,66.0,1.0,198.9714518859837,0.01
us_cmp_001_20260128191208,us_cmp_001,Compras,2026-01-28,19,67,285.78,3.0,0.0,0.3433,201.0,1.0,10.0,0.022824055635707673
us_cmp_001_20260129003737,us_cmp_001,Compras,2026-01-29,0,5,12.34,3.0,326.7,0.6,15.0,1.0,72.43524162714358,0.04569637879455962
us_cmp_001_20260129171047,us_cmp_001,Compras,2026-01-29,17,83,465.61,3.0,1303.4,0.3494,249.0,1.0,260.0275972394318,0.02900788423214505
us_cmp_001_20260130170256,us_cmp_001,Compras,2026-01-30,17,79,473.72,2.987,187.7,0.2911,236.0,1.0,42.75883913901103,0.022654238270247304
us_cmp_001_20260131170021,us_cmp_001,Compras,2026-01-31,17,90,478.31,3.0,551.6,0.2556,270.0,1.0,110.43421010211227,0.010333893180226065
us_cmp_001_20260201170010,us_cmp_001,Compras,2026-02-01,17,81,475.54,3.0,285.7,0.284,243.0,1.0,51.053940529187365,0.017199657012598908
us_cmp_001_20260202170044,us_cmp_001,Compras,2026-02-02,17,37,235.22,3.0,846.2,0.2973,111.0,1.0,158.92461549065644,0.018708268632448632
us_cmp_001_20260202213017,us_cmp_001,Compras,2026-02-02,21,22,74.26,3.0,13.3,0.3636,66.0,1.0,10.0,0.02809192570968226
us_cmp_001_20260202235723,us_cmp_001,Compras,2026-02-02,23,8,46.09,3.0,0.0,0.625,24.0,1.0,10.0,0.047747937214494385
us_cmp_001_20260203170341,us_cmp_001,Compras,2026-02-03,17,2,0.52,3.0,31.3,0.5,6.0,1.0,10.0,0.013578667669794778
us_cmp_001_20260203173708,us_cmp_001,Compras,2026-02-03,17,84,442.85,3.0,212.1,0.2619,252.0,1.0,38.43533925942088,0.016705269383130262
us_cmp_001_20260204170047,us_cmp_001,Compras,2026-02-04,17,86,478.56,3.0,267.0,0.2791,258.0,1.0,46.94023007322853,0.02195546883750557
us_cmp_001_20260205170158,us_cmp_001,Compras,2026-02-05,17,96,465.62,3.0,1566.6,0.3333,288.0,1.0,361.28148507899294,0.03034426650341442
us_cmp_001_20260206170639,us_cmp_001,Compras,2026-02-06,17,87,460.73,3.0,0.0,0.3333,261.0,1.0,10.0,0.03215718042824189
us_cmp_001_20260207170240,us_cmp_001,Compras,2026-02-07,17,5,21.78,3.0,0.0,0.2,15.0,1.0,10.0,0.011984989448861241
us_cmp_001_20260207180028,us_cmp_001,Compras,2026-02-07,18,69,413.97,3.0,0.0,0.2319,207.0,1.0,10.0,0.014057145594068133
us_cmp_001_20260208170346,us_cmp_001,Compras,2026-02-08,17,85,466.2,2.988,452.5,0.3059,254.0,1.0,86.98699979220196,0.021435939781826667
us_cmp_001_20260209170146,us_cmp_001,Compras,2026-02-09,17,81,466.03,2.988,929.2,0.3457,242.0,1.0,188.82410686383088,0.023067726850007485
us_cmp_001_20260210170047,us_cmp_001,Compras,2026-02-10,17,21,63.33,3.0,0.0,0.2381,63.0,1.0,10.0,0.021543190893865968
us_cmp_001_20260210184838,us_cmp_001,Compras,2026-02-10,18,76,368.42,3.0,0.0,0.3421,228.0,1.0,10.0,0.012646994766532535
us_cmp_001_20260211170018,us_cmp_001,Compras,2026-02-11,17,98,479.53,2.98,702.1,0.3469,292.0,1.0,104.5578394237069,0.029608978210844857
us_cmp_001_20260212171817,us_cmp_001,Compras,2026-02-12,17,87,459.93,2.989,1448.4,0.2989,260.0,1.0,250.08425786430234,0.0185830190941523
us_cmp_001_20260213170312,us_cmp_001,Compras,2026-02-13,17,83,474.44,2.988,208.6,0.3012,248.0,1.0,36.83828845528039,0.01
us_cmp_001_20260214170607,us_cmp_001,Compras,2026-02-14,17,59,320.73,3.0,155.3,0.4068,177.0,1.0,32.7417832338041,0.033296486384222466
us_cmp_001_20260214225850,us_cmp_001,Compras,2026-02-14,22,31,119.77,3.0,1035.9,0.2258,93.0,1.0,195.23585751774402,0.01
us_cmp_001_20260215170212,us_cmp_001,Compras,2026-02-15,17,6,44.89,3.0,981.7,0.3333,18.0,1.0,185.61503650301094,0.024831765500013477
us_cmp_001_20260215184139,us_cmp_001,Compras,2026-02-15,18,60,366.26,2.983,0.0,0.2833,179.0,1.0,10.0,0.019925583972135456
us_cmp_001_20260216171140,us_cmp_001,Compras,2026-02-16,17,47,286.74,3.0,1250.1,0.4255,141.0,1.0,249.63722315097698,0.03329643732827206
us_cmp_001_20260216223825,us_cmp_001,Compras,2026-02-16,22,20,74.55,3.0,1716.3,0.35,60.0,1.0,347.3647157261845,0.016521850747162555
us_cmp_001_20260217004532,us_cmp_001,Compras,2026-02-17,0,4,14.37,3.0,29.5,0.0,12.0,1.0,10.0,0.01
us_cmp_001_20260217170205,us_cmp_001,Compras,2026-02-17,17,21,88.15,3.0,0.0,0.2381,63.0,1.0,10.0,0.01142911131222685
us_cmp_001_20260217190459,us_cmp_001,Compras,2026-02-17,19,87,354.88,2.989,197.3,0.3103,260.0,1.0,37.71080823679834,0.01519558102341582
us_cmp_001_20260218171816,us_cmp_001,Compras,2026-02-18,17,79,451.52,2.987,206.5,0.2532,236.0,1.0,40.585732772516295,0.025548091743440905
us_cmp_001_20260219170234,us_cmp_001,Compras,2026-02-19,17,90,466.65,3.0,643.6,0.3889,270.0,1.0,111.0608884881877,0.013376386113981498
us_cmp_001_20260220170858,us_cmp_001,Compras,2026-02-20,17,74,338.79,3.0,0.0,0.3378,222.0,1.0,10.0,0.0211058092371621
us_cmp_001_20260220232807,us_cmp_001,Compras,2026-02-20,23,15,79.31,3.0,563.8,0.2,45.0,1.0,105.21553579887087,0.017492952082917703
us_cmp_001_20260221170041,us_cmp_001,Compras,2026-02-21,17,95,476.97,2.989,1854.6,0.3158,284.0,1.0,348.4565084000805,0.03258641068409589
us_cmp_001_20260222170239,us_cmp_001,Compras,2026-02-22,17,93,473.83,3.0,401.3,0.2796,279.0,1.0,85.70103304336905,0.01591159940564932
us_cmp_001_20260223170413,us_cmp_001,Compras,2026-02-23,17,90,473.01,3.0,311.9,0.3556,270.0,1.0,75.83728863435026,0.019398822134267038
us_cmp_001_20260224170009,us_cmp_001,Compras,2026-02-24,17,92,478.81,2.989,4347.5,0.3696,275.0,1.0,934.0251925962101,0.026852370754364904
us_cmp_001_20260225171246,us_cmp_001,Compras,2026-02-25,17,91,462.7,2.989,936.9,0.2857,272.0,1.0,211.77202828075485,0.027969141644763995
us_cmp_001_20260226170337,us_cmp_001,Compras,2026-02-26,17,15,104.42,3.0,0.0,0.3333,45.0,1.0,10.0,0.017197716476272447
us_cmp_001_20260226193354,us_cmp_001,Compras,2026-02-26,19,11,54.33,3.0,0.0,0.2727,33.0,1.0,10.0,0.014483740373372099
us_cmp_001_20260226211235,us_cmp_001,Compras,2026-02-26,21,39,227.22,3.0,1442.3,0.2821,117.0,1.0,346.5381685421532,0.019576999004635564
us_cmp_001_20260227174451,us_cmp_001,Compras,2026-02-27,17,84,433.73,3.0,0.0,0.2738,252.0,1.0,10.0,0.01926464268824966
us_cmp_001_20260228170420,us_cmp_001,Compras,2026-02-28,17,56,240.33,3.0,664.4,0.2857,168.0,1.0,114.97938586472951,0.013494864050616897
us_cmp_001_20260228213543,us_cmp_001,Compras,2026-02-28,21,43,196.92,2.977,0.0,0.2791,128.0,1.0,10.0,0.014939882801448425
us_cmp_001_20260301170854,us_cmp_001,Compras,2026-03-01,17,30,125.27,2.967,0.0,0.1667,89.0,1.0,10.0,0.012902533610259358
us_cmp_001_20260301194453,us_cmp_001,Compras,2026-03-01,19,59,314.47,3.0,151.1,0.3051,177.0,1.0,33.8031979553916,0.02472705310167833
us_cmp_001_20260302171015,us_cmp_001,Compras,2026-03-02,17,16,68.09,3.0,337.5,0.375,48.0,1.0,74.22332187918931,0.019324036835729162
us_cmp_001_20260302185640,us_cmp_001,Compras,2026-03-02,18,64,341.39,3.0,1353.4,0.3281,192.0,1.0,232.19442887263205,0.03172508475746534
us_cmp_001_20260303170034,us_cmp_001,Compras,2026-03-03,17,41,214.45,3.0,332.5,0.2683,123.0,1.0,64.35417907169986,0.016540696700368968
us_cmp_001_20260303210835,us_cmp_001,Compras,2026-03-03,21,41,225.0,3.0,0.0,0.2195,123.0,1.0,10.0,0.0170751830746023
us_cmp_001_20260304171440,us_cmp_001,Compras,2026-03-04,17,107,460.09,2.981,182.6,0.3084,319.0,1.0,38.18490214364206,0.033913734463349984
us_cmp_001_20260305170727,us_cmp_001,Compras,2026-03-05,17,107,468.16,3.0,0.0,0.2897,321.0,1.0,10.0,0.024689239035436114
us_cmp_001_20260306170246,us_cmp_001,Compras,2026-03-06,17,82,388.87,2.988,0.0,0.2439,245.0,1.0,10.0,0.017570193136295046
us_cmp_001_20260307000211,us_cmp_001,Compras,2026-03-07,0,10,53.15,3.0,0.0,0.2,30.0,1.0,10.0,0.015364676358491891
us_cmp_001_20260307170008,us_cmp_001,Compras,2026-03-07,17,88,477.7,3.0,0.0,0.2955,264.0,1.0,10.0,0.026038518363501028
us_cmp_001_20260308172220,us_cmp_001,Compras,2026-03-08,17,87,451.27,3.0,1483.5,0.3218,261.0,1.0,285.8718525144629,0.01605217991433959
us_cmp_001_20260309170406,us_cmp_001,Compras,2026-03-09,17,10,54.56,3.0,197.5,0.0,30.0,1.0,35.37300368361695,0.01
us_cmp_001_20260309185214,us_cmp_001,Compras,2026-03-09,18,20,63.85,3.0,364.0,0.15,60.0,1.0,87.76918790596561,0.01
us_cmp_001_20260309203633,us_cmp_001,Compras,2026-03-09,20,49,260.55,3.0,964.1,0.3061,147.0,1.0,188.55378763001931,0.01871201564474679
us_cmp_001_20260310172535,us_cmp_001,Compras,2026-03-10,17,73,447.56,2.973,518.2,0.2466,217.0,1.0,106.82596301609362,0.020463215932243893
us_cmp_001_20260311171851,us_cmp_001,Compras,2026-03-11,17,12,82.77,3.0,0.0,0.25,36.0,1.0,10.0,0.013751279473822054
us_cmp_001_20260311191302,us_cmp_001,Compras,2026-03-11,19,63,326.34,3.0,2697.2,0.4127,189.0,1.0,530.4247862715063,0.029845748244663888
us_cmp_001_20260312170028,us_cmp_001,Compras,2026-03-12,17,90,470.91,2.967,0.0,0.3111,267.0,1.0,10.0,0.030740904173996494
us_cmp_001_20260313170805,us_cmp_001,Compras,2026-03-13,17,84,390.49,3.0,0.0,0.3452,252.0,1.0,10.0,0.028086929568221383
us_cmp_001_20260314000858,us_cmp_001,Compras,2026-03-14,0,13,42.34,3.0,6.7,0.0,39.0,1.0,10.0,0.01
us_cmp_001_20260314170119,us_cmp_001,Compras,2026-03-14,17,85,476.87,3.0,0.0,0.2588,255.0,1.0,10.0,0.010540931170713952
us_cmp_001_20260315170712,us_cmp_001,Compras,2026-03-15,17,99,471.45,3.0,11.0,0.2828,297.0,1.0,10.0,0.015169258742046839
us_cmp_001_20260316170406,us_cmp_001,Compras,2026-03-16,17,50,284.47,3.0,1204.3,0.32,150.0,1.0,228.12773860337558,0.025086063053366036
us_cmp_001_20260316222424,us_cmp_001,Compras,2026-03-16,22,27,155.37,3.0,1832.2,0.2593,81.0,1.0,411.81564486961446,0.017396981063619962
us_cmp_001_20260317170147,us_cmp_001,Compras,2026-03-17,17,85,461.79,3.0,980.0,0.3059,255.0,1.0,202.05312704693986,0.030807484364611816
us_cmp_001_20260318170945,us_cmp_001,Compras,2026-03-18,17,86,459.86,2.965,0.0,0.2674,255.0,1.0,10.0,0.0317404679613035
us_cmp_001_20260319171321,us_cmp_001,Compras,2026-03-19,17,92,457.92,2.989,0.0,0.2826,275.0,1.0,10.0,0.01
us_cmp_001_20260320170220,us_cmp_001,Compras,2026-03-20,17,40,159.66,3.0,110.8,0.3,120.0,1.0,23.829405032367664,0.02228695030929676
us_cmp_001_20260320201407,us_cmp_001,Compras,2026-03-20,20,44,284.08,3.0,0.0,0.3864,132.0,1.0,10.0,0.03096234548261436
us_cmp_001_20260321170328,us_cmp_001,Compras,2026-03-21,17,48,271.17,2.979,425.3,0.2083,143.0,1.0,83.8822934002341,0.01
us_cmp_001_20260321221256,us_cmp_001,Compras,2026-03-21,22,28,156.72,3.0,0.0,0.3929,84.0,1.0,10.0,0.01950994360415678
us_cmp_001_20260322171644,us_cmp_001,Compras,2026-03-22,17,25,108.16,3.0,1085.0,0.36,75.0,1.0,204.40264113923772,0.0282377645118285
us_cmp_001_20260322193509,us_cmp_001,Compras,2026-03-22,19,49,310.15,3.0,1548.2,0.3061,147.0,1.0,361.34692307273724,0.022822845772243056
us_cmp_001_20260323170513,us_cmp_001,Compras,2026-03-23,17,9,49.28,3.0,0.0,0.0,27.0,1.0,10.0,0.01
us_cmp_001_20260323182704,us_cmp_001,Compras,2026-03-23,18,72,390.95,3.0,2910.0,0.2222,216.0,1.0,651.6439525227775,0.01210345810653807
us_cmp_001_20260324170558,us_cmp_001,Compras,2026-03-24,17,92,464.28,3.0,109.1,0.3043,276.0,1.0,21.527574542319712,0.020376059019788655
us_cmp_001_20260325171208,us_cmp_001,Compras,2026-03-25,17,93,465.37,2.989,565.1,0.3441,278.0,1.0,104.14907926554463,0.02740146594571355
us_cmp_001_20260326171202,us_cmp_001,Compras,2026-03-26,17,8,35.57,2.875,815.3,0.125,23.0,1.0,161.08781948880164,0.01
us_cmp_001_20260326182851,us_cmp_001,Compras,2026-03-26,18,96,385.02,3.0,0.0,0.3542,288.0,1.0,10.0,0.020514378733842407
us_cmp_001_20260327170044,us_cmp_001,Compras,2026-03-27,17,109,467.04,2.991,946.9,0.3761,326.0,1.0,203.0604581545425,0.02226888236329918
us_cmp_001_20260328171041,us_cmp_001,Compras,2026-03-28,17,98,468.66,3.0,920.5,0.3367,294.0,1.0,215.89340450120716,0.019755516592738043
us_cmp_001_20260329170252,us_cmp_001,Compras,2026-03-29,17,92,474.0,2.978,1209.1,0.2609,274.0,1.0,247.25332603813231,0.0222595922940472
us_cmp_001_20260330170347,us_cmp_001,Compras,2026-03-30,17,69,304.88,3.0,1071.5,0.2899,207.0,1.0,183.90442234324533,0.01
us_cmp_001_20260330223959,us_cmp_001,Compras,2026-03-30,22,13,46.91,3.0,78.3,0.3077,39.0,1.0,13.270822211383244,0.028283275905824308
us_cmp_001_20260330235927,us_cmp_001,Compras,2026-03-30,23,8,45.54,3.0,1751.0,0.0,24.0,1.0,330.87392773084684,0.01
us_cmp_001_20260331170040,us_cmp_001,Compras,2026-03-31,17,6,16.23,3.0,549.9,0.1667,18.0,1.0,103.77440490996614,0.011728627378192307
us_cmp_001_20260331174841,us_cmp_001,Compras,2026-03-31,17,78,424.34,3.0,0.0,0.2564,234.0,1.0,10.0,0.0273805776638134
us_cmp_001_20260401170146,us_cmp_001,Compras,2026-04-01,17,85,429.14,2.988,727.3,0.1882,254.0,1.0,175.44663102575316,0.017094957158619317
us_cmp_002_20260101220533,us_cmp_002,Compras,2026-01-01,22,191,350.36,2.812,5.0,0.1623,537.0,1.0,10.0,0.012743342477107091
us_cmp_002_20260102220503,us_cmp_002,Compras,2026-01-02,22,105,134.48,2.81,0.0,0.181,295.0,1.0,10.0,0.010071374373557433
us_cmp_002_20260103005051,us_cmp_002,Compras,2026-01-03,0,96,185.81,2.823,0.0,0.2396,271.0,1.0,10.0,0.01595716293342013
us_cmp_002_20260103221527,us_cmp_002,Compras,2026-01-03,22,168,314.77,2.827,4.2,0.2083,475.0,1.0,10.0,0.011998518613169305
us_cmp_002_20260104220203,us_cmp_002,Compras,2026-01-04,22,271,357.78,2.83,0.0,0.214,767.0,1.0,10.0,0.018355372959348523
us_cmp_002_20260105221219,us_cmp_002,Compras,2026-01-05,22,87,129.03,2.816,0.0,0.2989,245.0,1.0,10.0,0.028759341491215114
us_cmp_002_20260106005222,us_cmp_002,Compras,2026-01-06,0,72,107.92,2.847,0.0,0.1944,205.0,1.0,10.0,0.012207052022320518
us_cmp_002_20260106031328,us_cmp_002,Compras,2026-01-06,3,50,39.86,2.84,0.0,0.14,142.0,1.0,10.0,0.01
us_cmp_002_20260106220224,us_cmp_002,Compras,2026-01-06,22,273,349.46,2.81,0.0,0.2637,767.0,1.0,10.0,0.016937903640786647
us_cmp_002_20260107221357,us_cmp_002,Compras,2026-01-07,22,134,131.49,2.843,0.0,0.2239,381.0,1.0,10.0,0.01775144139010303
us_cmp_002_20260108010012,us_cmp_002,Compras,2026-01-08,1,99,162.15,2.788,6.4,0.1919,276.0,1.0,10.0,0.019909340602924007
us_cmp_002_20260108220043,us_cmp_002,Compras,2026-01-08,22,107,172.76,2.794,13.0,0.2617,299.0,1.0,10.0,0.020493366046621487
us_cmp_002_20260109012345,us_cmp_002,Compras,2026-01-09,1,69,80.85,2.768,13.2,0.3043,191.0,1.0,10.0,0.014447519471967665
us_cmp_002_20260109032205,us_cmp_002,Compras,2026-01-09,3,45,37.45,2.822,0.0,0.2444,127.0,1.0,10.0,0.02161513658644747
us_cmp_002_20260109220128,us_cmp_002,Compras,2026-01-09,22,261,350.09,2.816,0.0,0.272,735.0,1.0,10.0,0.02652857812713413
us_cmp_002_20260110220423,us_cmp_002,Compras,2026-01-10,22,281,351.91,2.829,0.0,0.1886,795.0,1.0,10.0,0.01
us_cmp_002_20260111220409,us_cmp_002,Compras,2026-01-11,22,213,353.41,2.798,0.0,0.2207,596.0,1.0,10.0,0.01
us_cmp_002_20260112221644,us_cmp_002,Compras,2026-01-12,22,195,338.89,2.821,602.7,0.2103,550.0,1.0,124.43546362678347,0.013399183522027866
us_cmp_002_20260113220627,us_cmp_002,Compras,2026-01-13,22,266,351.66,2.793,10.9,0.2519,743.0,1.0,10.0,0.01
us_cmp_002_20260114220309,us_cmp_002,Compras,2026-01-14,22,259,356.34,2.803,19.3,0.2239,726.0,1.0,10.0,0.012541232306660698
us_cmp_002_20260115221557,us_cmp_002,Compras,2026-01-15,22,210,342.81,2.795,0.0,0.2429,587.0,1.0,10.0,0.01
us_cmp_002_20260116220533,us_cmp_002,Compras,2026-01-16,22,63,87.52,2.825,0.0,0.2857,178.0,1.0,10.0,0.029173312290037674
us_cmp_002_20260117000833,us_cmp_002,Compras,2026-01-17,0,162,228.4,2.815,0.0,0.2284,456.0,1.0,10.0,0.013138650966580649
us_cmp_002_20260117220703,us_cmp_002,Compras,2026-01-17,22,108,185.96,2.815,0.0,0.2685,304.0,1.0,10.0,0.020417317755122965
us_cmp_002_20260118015455,us_cmp_002,Compras,2026-01-18,1,122,123.02,2.787,0.0,0.2295,340.0,1.0,10.0,0.016685224820171422
us_cmp_002_20260118220020,us_cmp_002,Compras,2026-01-18,22,144,234.31,2.799,0.0,0.2222,403.0,1.0,10.0,0.020265824580275267
us_cmp_002_20260119030246,us_cmp_002,Compras,2026-01-19,3,48,51.64,2.792,0.0,0.2083,134.0,1.0,10.0,0.013038161823429494
us_cmp_002_20260119220741,us_cmp_002,Compras,2026-01-19,22,251,346.17,2.829,0.0,0.2032,710.0,1.0,10.0,0.01018622490784874
us_cmp_002_20260120220219,us_cmp_002,Compras,2026-01-20,22,254,357.9,2.791,5.0,0.2126,709.0,1.0,10.0,0.01573537146831579
us_cmp_002_20260121220158,us_cmp_002,Compras,2026-01-21,22,277,356.95,2.845,0.0,0.2383,788.0,1.0,10.0,0.012058715787724219
us_cmp_002_20260122220055,us_cmp_002,Compras,2026-01-22,22,259,356.45,2.792,0.0,0.2162,723.0,1.0,10.0,0.013240994882425335
us_cmp_002_20260123220428,us_cmp_002,Compras,2026-01-23,22,54,70.06,2.796,515.6,0.1852,151.0,1.0,102.89966046067903,0.01
us_cmp_002_20260123235221,us_cmp_002,Compras,2026-01-23,23,116,147.58,2.81,0.0,0.1897,326.0,1.0,10.0,0.01600073490046055
us_cmp_002_20260124025707,us_cmp_002,Compras,2026-01-24,2,57,61.32,2.754,0.0,0.193,157.0,1.0,10.0,0.011780742296190425
us_cmp_002_20260124220634,us_cmp_002,Compras,2026-01-24,22,276,343.55,2.833,24.0,0.2174,782.0,1.0,10.0,0.016736637051910825
us_cmp_002_20260125220315,us_cmp_002,Compras,2026-01-25,22,233,351.83,2.815,0.0,0.1974,656.0,1.0,10.0,0.011071300029836889
us_cmp_002_20260126223246,us_cmp_002,Compras,2026-01-26,22,203,320.8,2.823,7.5,0.2167,573.0,1.0,10.0,0.01
us_cmp_002_20260127221420,us_cmp_002,Compras,2026-01-27,22,139,146.16,2.827,0.0,0.1583,393.0,1.0,10.0,0.01
us_cmp_002_20260128011259,us_cmp_002,Compras,2026-01-28,1,98,163.17,2.847,0.0,0.2653,279.0,1.0,10.0,0.017497552961596302
us_cmp_002_20260128231154,us_cmp_002,Compras,2026-01-28,23,157,281.55,2.803,0.0,0.2611,440.0,1.0,10.0,0.0234889355756421
us_cmp_002_20260129220259,us_cmp_002,Compras,2026-01-29,22,259,332.82,2.788,0.0,0.2201,722.0,1.0,10.0,0.011106602105596098
us_cmp_002_20260130221208,us_cmp_002,Compras,2026-01-30,22,251,336.76,2.821,9.8,0.1952,708.0,1.0,10.0,0.017497613545503103
us_cmp_002_20260131221832,us_cmp_002,Compras,2026-01-31,22,195,328.07,2.821,0.0,0.2769,550.0,1.0,10.0,0.018801583008458155
us_cmp_002_20260201220140,us_cmp_002,Compras,2026-02-01,22,302,356.29,2.815,0.0,0.202,850.0,1.0,10.0,0.016266813320009833
us_cmp_002_20260202221110,us_cmp_002,Compras,2026-02-02,22,269,343.77,2.818,0.0,0.2602,758.0,1.0,10.0,0.01543665379207714
us_cmp_002_20260203221037,us_cmp_002,Compras,2026-02-03,22,271,348.05,2.849,0.0,0.2325,772.0,1.0,10.0,0.015900569056165718
us_cmp_002_20260204221509,us_cmp_002,Compras,2026-02-04,22,267,333.27,2.816,0.0,0.221,752.0,1.0,10.0,0.01
us_cmp_002_20260205221204,us_cmp_002,Compras,2026-02-05,22,258,342.97,2.806,145.7,0.2364,724.0,1.0,30.41213526931547,0.020033803928655607
us_cmp_002_20260206220340,us_cmp_002,Compras,2026-02-06,22,302,352.56,2.811,0.0,0.2384,849.0,1.0,10.0,0.011078937333276426
us_cmp_002_20260207220111,us_cmp_002,Compras,2026-02-07,22,277,341.51,2.791,0.0,0.2022,773.0,1.0,10.0,0.021800511679514172
us_cmp_002_20260208220222,us_cmp_002,Compras,2026-02-08,22,310,355.31,2.81,0.0,0.2677,871.0,1.0,10.0,0.013948938919325965
us_cmp_002_20260209222028,us_cmp_002,Compras,2026-02-09,22,207,256.54,2.816,0.0,0.1981,583.0,1.0,10.0,0.018653927039331837
us_cmp_002_20260210030954,us_cmp_002,Compras,2026-02-10,3,34,45.41,2.912,0.0,0.2647,99.0,1.0,10.0,0.013415744183460308
us_cmp_002_20260210220219,us_cmp_002,Compras,2026-02-10,22,7,0.41,2.714,0.0,0.2857,19.0,1.0,10.0,0.013599346999076476
us_cmp_002_20260210223308,us_cmp_002,Compras,2026-02-10,22,190,318.5,2.795,0.0,0.2368,531.0,1.0,10.0,0.023481143845978582
us_cmp_002_20260211220222,us_cmp_002,Compras,2026-02-11,22,162,194.21,2.796,0.0,0.2654,453.0,1.0,10.0,0.016353840944047085
us_cmp_002_20260212015106,us_cmp_002,Compras,2026-02-12,1,93,127.5,2.817,8.4,0.2366,262.0,1.0,10.0,0.01
us_cmp_002_20260212220517,us_cmp_002,Compras,2026-02-12,22,276,353.13,2.804,0.0,0.221,774.0,1.0,10.0,0.01438929292253682
us_cmp_002_20260213220218,us_cmp_002,Compras,2026-02-13,22,195,253.84,2.826,0.0,0.2462,551.0,1.0,10.0,0.03213619499740151
us_cmp_002_20260214024713,us_cmp_002,Compras,2026-02-14,2,53,71.78,2.774,0.0,0.2642,147.0,1.0,10.0,0.013640869424630463
us_cmp_002_20260214220043,us_cmp_002,Compras,2026-02-14,22,272,348.95,2.809,0.0,0.2096,764.0,1.0,10.0,0.018787617746286196
us_cmp_002_20260215220554,us_cmp_002,Compras,2026-02-15,22,239,323.35,2.812,0.0,0.2259,672.0,1.0,10.0,0.01
us_cmp_002_20260216035943,us_cmp_002,Compras,2026-02-16,3,4,0.32,2.5,0.0,0.25,10.0,1.0,10.0,0.013325946238971776
us_cmp_002_20260216222318,us_cmp_002,Compras,2026-02-16,22,187,249.12,2.834,0.0,0.2299,530.0,1.0,10.0,0.020292727672822693
us_cmp_002_20260217030428,us_cmp_002,Compras,2026-02-17,3,37,50.07,2.865,0.0,0.1622,106.0,1.0,10.0,0.014968950410802092
us_cmp_002_20260217220534,us_cmp_002,Compras,2026-02-17,22,292,345.77,2.822,0.0,0.2123,824.0,1.0,10.0,0.017774210357902345
us_cmp_002_20260218220018,us_cmp_002,Compras,2026-02-18,22,133,278.44,2.789,0.0,0.1805,371.0,1.0,10.0,0.01
us_cmp_002_20260219031320,us_cmp_002,Compras,2026-02-19,3,49,46.41,2.796,9.8,0.2857,137.0,1.0,10.0,0.02493186277832551
us_cmp_002_20260219220046,us_cmp_002,Compras,2026-02-19,22,237,353.31,2.764,0.0,0.2405,655.0,1.0,10.0,0.014091784225139405
us_cmp_002_20260220221045,us_cmp_002,Compras,2026-02-20,22,75,134.0,2.813,0.0,0.28,211.0,1.0,10.0,0.021038821433990138
us_cmp_002_20260221005855,us_cmp_002,Compras,2026-02-21,0,175,174.76,2.811,0.0,0.1714,492.0,1.0,10.0,0.01
us_cmp_002_20260221220652,us_cmp_002,Compras,2026-02-21,22,332,347.21,2.807,0.0,0.2048,932.0,1.0,10.0,0.019437788728314996
us_cmp_002_20260222220343,us_cmp_002,Compras,2026-02-22,22,143,277.67,2.811,0.0,0.2448,402.0,1.0,10.0,0.018534812314438775
us_cmp_002_20260223031626,us_cmp_002,Compras,2026-02-23,3,48,37.06,2.729,0.0,0.1667,131.0,1.0,10.0,0.012541309195423686
us_cmp_002_20260223220547,us_cmp_002,Compras,2026-02-23,22,106,154.32,2.811,12.1,0.2358,298.0,1.0,10.0,0.020368702659626307
us_cmp_002_20260224011123,us_cmp_002,Compras,2026-02-24,1,90,154.89,2.844,0.0,0.2556,256.0,1.0,10.0,0.030277849337999232
us_cmp_002_20260224221045,us_cmp_002,Compras,2026-02-24,22,263,346.2,2.802,3.9,0.2205,737.0,1.0,10.0,0.016136761756127424
us_cmp_002_20260225220010,us_cmp_002,Compras,2026-02-25,22,251,322.35,2.833,0.0,0.255,711.0,1.0,10.0,0.01519885190666557
us_cmp_002_20260226035250,us_cmp_002,Compras,2026-02-26,3,13,2.75,2.692,0.0,0.1538,35.0,1.0,10.0,0.01
us_cmp_002_20260226222951,us_cmp_002,Compras,2026-02-26,22,234,325.1,2.816,0.0,0.2692,659.0,1.0,10.0,0.025040611798380005
us_cmp_002_20260227220135,us_cmp_002,Compras,2026-02-27,22,205,290.11,2.82,5.0,0.2244,578.0,1.0,10.0,0.02007577498234723
us_cmp_002_20260228032651,us_cmp_002,Compras,2026-02-28,3,32,29.82,2.812,0.0,0.25,90.0,1.0,10.0,0.016076324031711352
us_cmp_002_20260228220500,us_cmp_002,Compras,2026-02-28,22,209,225.64,2.828,0.0,0.177,591.0,1.0,10.0,0.01
us_cmp_002_20260301024717,us_cmp_002,Compras,2026-03-01,2,41,40.95,2.78,0.0,0.0976,114.0,1.0,10.0,0.01
us_cmp_002_20260301221004,us_cmp_002,Compras,2026-03-01,22,222,342.64,2.797,0.0,0.1712,621.0,1.0,10.0,0.01
us_cmp_002_20260302220305,us_cmp_002,Compras,2026-03-02,22,271,354.03,2.815,0.0,0.2472,763.0,1.0,10.0,0.0191830507611877
us_cmp_002_20260303220223,us_cmp_002,Compras,2026-03-03,22,9,3.25,2.778,0.0,0.3333,25.0,1.0,10.0,0.019774748470843397
us_cmp_002_20260303224431,us_cmp_002,Compras,2026-03-03,22,213,297.21,2.798,0.0,0.1925,596.0,1.0,10.0,0.01
us_cmp_002_20260304221050,us_cmp_002,Compras,2026-03-04,22,252,341.13,2.817,0.0,0.2341,710.0,1.0,10.0,0.014097562229819248
us_cmp_002_20260305220946,us_cmp_002,Compras,2026-03-05,22,134,220.61,2.806,12.0,0.2537,376.0,1.0,10.0,0.02463249098078793
us_cmp_002_20260306022516,us_cmp_002,Compras,2026-03-06,2,63,88.94,2.794,18.1,0.2698,176.0,1.0,10.0,0.015657643459240162
us_cmp_002_20260306220531,us_cmp_002,Compras,2026-03-06,22,300,354.65,2.79,0.0,0.26,837.0,1.0,10.0,0.017207516180100652
us_cmp_002_20260307221108,us_cmp_002,Compras,2026-03-07,22,255,336.08,2.78,0.0,0.2078,709.0,1.0,10.0,0.015201370508168381
us_cmp_002_20260308220031,us_cmp_002,Compras,2026-03-08,22,273,354.72,2.824,0.0,0.2308,771.0,1.0,10.0,0.02086899472380532
us_cmp_002_20260309220854,us_cmp_002,Compras,2026-03-09,22,80,77.5,2.8,0.0,0.25,224.0,1.0,10.0,0.017672464946030943
us_cmp_002_20260309235757,us_cmp_002,Compras,2026-03-09,23,204,241.19,2.775,4.7,0.25,566.0,1.0,10.0,0.01537214179814636
us_cmp_002_20260310220221,us_cmp_002,Compras,2026-03-10,22,174,238.18,2.787,4.8,0.1839,485.0,1.0,10.0,0.010513304350942413
us_cmp_002_20260311023526,us_cmp_002,Compras,2026-03-11,2,89,84.61,2.82,0.0,0.1798,251.0,1.0,10.0,0.01
us_cmp_002_20260311220013,us_cmp_002,Compras,2026-03-11,22,23,51.87,2.826,0.0,0.2609,65.0,1.0,10.0,0.027510664850419548
us_cmp_002_20260311232657,us_cmp_002,Compras,2026-03-11,23,227,266.42,2.811,4.5,0.2379,638.0,1.0,10.0,0.012635289430242832
us_cmp_002_20260312220415,us_cmp_002,Compras,2026-03-12,22,118,108.15,2.797,0.0,0.1864,330.0,1.0,10.0,0.013096147549737548
us_cmp_002_20260313002243,us_cmp_002,Compras,2026-03-13,0,122,200.01,2.811,0.0,0.2541,343.0,1.0,10.0,0.019426048995410505
us_cmp_002_20260313220517,us_cmp_002,Compras,2026-03-13,22,220,354.79,2.814,0.0,0.2318,619.0,1.0,10.0,0.020597901800642457
us_cmp_002_20260314220347,us_cmp_002,Compras,2026-03-14,22,313,354.28,2.827,0.0,0.2173,885.0,1.0,10.0,0.01343816089969455
us_cmp_002_20260315220020,us_cmp_002,Compras,2026-03-15,22,156,262.9,2.821,0.0,0.2115,440.0,1.0,10.0,0.022136500584606828
us_cmp_002_20260316025327,us_cmp_002,Compras,2026-03-16,2,64,50.23,2.797,0.0,0.2656,179.0,1.0,10.0,0.012529967000256303
us_cmp_002_20260316220641,us_cmp_002,Compras,2026-03-16,22,223,349.65,2.825,0.0,0.2422,630.0,1.0,10.0,0.015563540308475511
us_cmp_002_20260317220046,us_cmp_002,Compras,2026-03-17,22,269,350.38,2.814,3.7,0.2528,757.0,1.0,10.0,0.021137897333005945
us_cmp_002_20260318220108,us_cmp_002,Compras,2026-03-18,22,265,352.39,2.785,0.0,0.2302,738.0,1.0,10.0,0.014929851434938383
us_cmp_002_20260319220259,us_cmp_002,Compras,2026-03-19,22,180,224.59,2.789,0.0,0.1889,502.0,1.0,10.0,0.013313041123538708
us_cmp_002_20260320022012,us_cmp_002,Compras,2026-03-20,2,90,96.71,2.844,0.0,0.2667,256.0,1.0,10.0,0.01545711569938054
us_cmp_002_20260320220136,us_cmp_002,Compras,2026-03-20,22,209,247.5,2.77,7.2,0.2344,579.0,1.0,10.0,0.014409911842153338
us_cmp_002_20260321024317,us_cmp_002,Compras,2026-03-21,2,55,71.82,2.764,0.0,0.1091,152.0,1.0,10.0,0.01
us_cmp_002_20260321220112,us_cmp_002,Compras,2026-03-21,22,220,358.01,2.827,0.0,0.2136,622.0,1.0,10.0,0.018879315600299807
us_cmp_002_20260322220146,us_cmp_002,Compras,2026-03-22,22,147,218.29,2.81,0.0,0.2041,413.0,1.0,10.0,0.016905158599250365
us_cmp_002_20260323021600,us_cmp_002,Compras,2026-03-23,2,89,96.71,2.764,0.0,0.2584,246.0,1.0,10.0,0.026726399908343947
us_cmp_002_20260323220303,us_cmp_002,Compras,2026-03-23,22,243,350.66,2.794,0.0,0.2346,679.0,1.0,10.0,0.014001005592613492
us_cmp_002_20260324221532,us_cmp_002,Compras,2026-03-24,22,260,341.73,2.819,0.0,0.2077,733.0,1.0,10.0,0.012587257848773152
us_cmp_002_20260325220945,us_cmp_002,Compras,2026-03-25,22,271,347.68,2.79,18.2,0.2066,756.0,1.0,10.0,0.01
us_cmp_002_20260326220017,us_cmp_002,Compras,2026-03-26,22,305,348.41,2.81,0.0,0.1934,857.0,1.0,10.0,0.01
us_cmp_002_20260327220159,us_cmp_002,Compras,2026-03-27,22,257,355.91,2.802,6.5,0.1907,720.0,1.0,10.0,0.01923761273636086
us_cmp_002_20260328220119,us_cmp_002,Compras,2026-03-28,22,240,351.95,2.817,0.0,0.2458,676.0,1.0,10.0,0.01555673907546465
us_cmp_002_20260329220307,us_cmp_002,Compras,2026-03-29,22,242,345.63,2.81,100.6,0.1901,680.0,1.0,20.26094495218374,0.017090794639849735
us_cmp_002_20260330221324,us_cmp_002,Compras,2026-03-30,22,166,285.58,2.795,1392.5,0.2289,464.0,1.0,252.67321521279277,0.01635125320295992
us_cmp_002_20260331032932,us_cmp_002,Compras,2026-03-31,3,32,22.75,2.781,0.0,0.25,89.0,1.0,10.0,0.019172137516365973
us_cmp_002_20260331220422,us_cmp_002,Compras,2026-03-31,22,305,351.64,2.78,0.0,0.1836,848.0,1.0,10.0,0.015915841251906603
us_cmp_002_20260401220725,us_cmp_002,Compras,2026-04-01,22,206,346.34,2.83,0.0,0.2573,583.0,1.0,10.0,0.020641679727639462
us_vta_001_20260101160205,us_vta_001,Ventas,2026-01-01,16,132,477.91,3.0,1749.8,0.3182,396.0,3.0,1726.9099673932726,0.3065498522444055
us_vta_001_20260102160251,us_vta_001,Ventas,2026-01-02,16,81,475.31,3.0,0.0,0.358,243.0,3.0,10.0,0.3678353951833668
us_vta_001_20260103160349,us_vta_001,Ventas,2026-01-03,16,107,467.07,3.0,395.5,0.4112,321.0,3.0,394.41278224929493,0.419036440276197
us_vta_001_20260104160455,us_vta_001,Ventas,2026-01-04,16,103,466.94,3.0,197.3,0.2816,309.0,3.0,203.66205000602318,0.28900559820258537
us_vta_001_20260105160405,us_vta_001,Ventas,2026-01-05,16,104,475.71,3.0,0.0,0.3942,312.0,3.0,10.0,0.4000509331396108
us_vta_001_20260106160021,us_vta_001,Ventas,2026-01-06,16,10,33.37,3.0,0.0,0.1,30.0,3.0,10.0,0.09679606837620568
us_vta_001_20260106171215,us_vta_001,Ventas,2026-01-06,17,93,407.12,3.0,0.0,0.3441,279.0,3.0,10.0,0.338296776931034
us_vta_001_20260107161713,us_vta_001,Ventas,2026-01-07,16,104,460.76,3.0,0.0,0.2981,312.0,3.0,10.0,0.2970513687862784
us_vta_001_20260108160529,us_vta_001,Ventas,2026-01-08,16,122,469.66,3.0,0.0,0.377,366.0,3.0,10.0,0.38115819973534515
us_vta_001_20260109160037,us_vta_001,Ventas,2026-01-09,16,122,476.02,3.0,0.0,0.2869,366.0,3.0,10.0,0.29662620286999164
us_vta_001_20260110160133,us_vta_001,Ventas,2026-01-10,16,101,476.53,3.0,1292.8,0.3861,303.0,3.0,1276.700778102994,0.38760275876934197
us_vta_001_20260111161150,us_vta_001,Ventas,2026-01-11,16,91,466.46,3.0,28.0,0.3407,273.0,3.0,27.584216472009093,0.3317053666085421
us_vta_001_20260112160407,us_vta_001,Ventas,2026-01-12,16,24,98.65,3.0,1296.7,0.2917,72.0,3.0,1280.8343803964624,0.2914839273260196
us_vta_001_20260112181928,us_vta_001,Ventas,2026-01-12,18,91,334.99,3.0,635.5,0.3626,273.0,3.0,630.0435687263856,0.3575785630539548
us_vta_001_20260113160009,us_vta_001,Ventas,2026-01-13,16,114,476.93,3.0,94.6,0.307,342.0,3.0,91.93924735873289,0.3064897317840598
us_vta_001_20260114160007,us_vta_001,Ventas,2026-01-14,16,98,476.36,3.0,0.0,0.4184,294.0,3.0,10.0,0.42476014830415454
us_vta_001_20260115160153,us_vta_001,Ventas,2026-01-15,16,100,472.09,3.0,678.2,0.31,300.0,3.0,679.3182128088037,0.3009631807033174
us_vta_001_20260116161344,us_vta_001,Ventas,2026-01-16,16,97,463.3,3.0,0.0,0.299,291.0,3.0,10.0,0.29450210469456833
us_vta_001_20260117160102,us_vta_001,Ventas,2026-01-17,16,114,476.39,3.0,0.0,0.307,342.0,3.0,10.0,0.3152303657385821
us_vta_001_20260118160058,us_vta_001,Ventas,2026-01-18,16,113,478.79,3.0,704.5,0.3894,339.0,3.0,678.0788199026914,0.39029582310440014
us_vta_001_20260119160349,us_vta_001,Ventas,2026-01-19,16,117,475.19,3.0,0.0,0.3248,351.0,3.0,10.0,0.3291610251366222
us_vta_001_20260120160107,us_vta_001,Ventas,2026-01-20,16,106,478.22,3.0,939.3,0.3491,318.0,3.0,943.3051118580731,0.3438497501257996
us_vta_001_20260121161149,us_vta_001,Ventas,2026-01-21,16,66,339.87,3.0,1004.3,0.3788,198.0,3.0,997.8914826482003,0.3727693081088568
us_vta_001_20260121222323,us_vta_001,Ventas,2026-01-21,22,20,82.51,3.0,0.0,0.5,60.0,3.0,10.0,0.5002131164867194
us_vta_001_20260122160015,us_vta_001,Ventas,2026-01-22,16,66,283.51,3.0,0.0,0.3636,198.0,3.0,10.0,0.36315887456194007
us_vta_001_20260122211754,us_vta_001,Ventas,2026-01-22,21,42,153.76,3.0,0.0,0.2857,126.0,3.0,10.0,0.2770506359606103
us_vta_001_20260123160015,us_vta_001,Ventas,2026-01-23,16,120,476.47,3.0,0.0,0.325,360.0,3.0,10.0,0.31470311637046433
us_vta_001_20260124160200,us_vta_001,Ventas,2026-01-24,16,112,471.7,3.0,0.0,0.3929,336.0,3.0,10.0,0.3968975612325409
us_vta_001_20260125160115,us_vta_001,Ventas,2026-01-25,16,111,475.32,3.0,5.1,0.4054,333.0,3.0,10.0,0.4126569706505291
us_vta_001_20260126160720,us_vta_001,Ventas,2026-01-26,16,114,471.88,3.0,0.0,0.3158,342.0,3.0,10.0,0.3167271446637007
us_vta_001_20260127160028,us_vta_001,Ventas,2026-01-27,16,99,468.58,3.0,154.5,0.3737,297.0,3.0,159.48176174130927,0.38040297704677895
us_vta_001_20260128160831,us_vta_001,Ventas,2026-01-28,16,125,468.33,3.0,20.1,0.32,375.0,3.0,19.992050679541855,0.31429636975734215
us_vta_001_20260129160347,us_vta_001,Ventas,2026-01-29,16,129,475.13,3.0,603.3,0.3798,387.0,3.0,577.3361953675605,0.3743373113870346
us_vta_001_20260130160748,us_vta_001,Ventas,2026-01-30,16,121,469.78,3.0,30.8,0.4298,363.0,3.0,30.669943772882142,0.42131420478460846
us_vta_001_20260131160106,us_vta_001,Ventas,2026-01-31,16,134,476.13,3.0,257.2,0.3582,402.0,3.0,256.52481416127716,0.3587505668895167
us_vta_001_20260201160223,us_vta_001,Ventas,2026-02-01,16,104,476.04,3.0,0.0,0.3846,312.0,3.0,10.0,0.37960018014830593
us_vta_001_20260202160032,us_vta_001,Ventas,2026-02-02,16,109,478.53,3.0,166.8,0.3394,327.0,3.0,167.36263198568102,0.3423998931292771
us_vta_001_20260203160040,us_vta_001,Ventas,2026-02-03,16,111,478.82,3.0,0.0,0.3694,333.0,3.0,10.0,0.3798239684215654
us_vta_001_20260204160418,us_vta_001,Ventas,2026-02-04,16,121,474.74,3.0,0.0,0.4298,363.0,3.0,10.0,0.42996203135883393
us_vta_001_20260205160236,us_vta_001,Ventas,2026-02-05,16,138,472.27,2.993,35.3,0.3768,413.0,2.993,35.79999938281913,0.3785575167652018
us_vta_001_20260206160019,us_vta_001,Ventas,2026-02-06,16,119,475.78,3.0,111.1,0.3277,357.0,3.0,113.21786960055522,0.32958181177873275
us_vta_001_20260207160500,us_vta_001,Ventas,2026-02-07,16,48,218.5,3.0,0.0,0.4375,144.0,3.0,10.0,0.4406631558455534
us_vta_001_20260207202927,us_vta_001,Ventas,2026-02-07,20,52,210.37,3.0,1334.3,0.2692,156.0,3.0,1303.7785224314407,0.2697844854559008
us_vta_001_20260208161632,us_vta_001,Ventas,2026-02-08,16,93,456.94,3.0,60.3,0.4301,279.0,3.0,60.25992463128278,0.4283097787937416
us_vta_001_20260209160134,us_vta_001,Ventas,2026-02-09,16,109,477.59,3.0,0.0,0.3211,327.0,3.0,10.0,0.30901476542981415
us_vta_001_20260210160423,us_vta_001,Ventas,2026-02-10,16,114,457.02,3.0,538.2,0.307,342.0,3.0,532.2935250930764,0.30757006769300643
us_vta_001_20260211161527,us_vta_001,Ventas,2026-02-11,16,73,366.36,3.0,231.0,0.3288,219.0,3.0,231.73853653102802,0.3220420082732709
us_vta_001_20260211225514,us_vta_001,Ventas,2026-02-11,22,17,62.57,3.0,1587.2,0.1176,51.0,3.0,1627.3786297004092,0.1155627567569995
us_vta_001_20260212160150,us_vta_001,Ventas,2026-02-12,16,116,476.97,3.0,0.0,0.4224,348.0,3.0,10.0,0.426008937969092
us_vta_001_20260213160233,us_vta_001,Ventas,2026-02-13,16,122,475.14,3.0,0.0,0.3197,366.0,3.0,10.0,0.33105133784734525
us_vta_001_20260214160824,us_vta_001,Ventas,2026-02-14,16,120,470.59,3.0,0.0,0.3833,360.0,3.0,10.0,0.39034623589489426
us_vta_001_20260215160128,us_vta_001,Ventas,2026-02-15,16,110,474.59,3.0,560.2,0.4273,330.0,3.0,571.4105242913536,0.42156887969323104
us_vta_001_20260216160156,us_vta_001,Ventas,2026-02-16,16,115,471.07,3.0,0.0,0.4696,345.0,3.0,10.0,0.4672515631348867
us_vta_001_20260217160202,us_vta_001,Ventas,2026-02-17,16,115,472.59,3.0,0.0,0.3652,345.0,3.0,10.0,0.367101390710385
us_vta_001_20260218160404,us_vta_001,Ventas,2026-02-18,16,110,473.15,3.0,0.0,0.2909,330.0,3.0,10.0,0.2956172825332436
us_vta_001_20260219160055,us_vta_001,Ventas,2026-02-19,16,109,477.59,3.0,372.8,0.367,327.0,3.0,378.7162519004373,0.35416577531643173
us_vta_001_20260220162142,us_vta_001,Ventas,2026-02-20,16,101,439.79,3.0,200.1,0.3564,303.0,3.0,205.31996965199838,0.3445497571092817
us_vta_001_20260221160848,us_vta_001,Ventas,2026-02-21,16,100,466.15,3.0,0.0,0.31,300.0,3.0,10.0,0.31698557184833104
us_vta_001_20260222160528,us_vta_001,Ventas,2026-02-22,16,107,445.73,3.0,364.4,0.3551,321.0,3.0,356.44903665659166,0.35218239692694653
us_vta_001_20260223161457,us_vta_001,Ventas,2026-02-23,16,101,464.07,3.0,217.3,0.4356,303.0,3.0,212.49460751076015,0.4337276079841245
us_vta_001_20260224160523,us_vta_001,Ventas,2026-02-24,16,99,466.3,3.0,0.0,0.3535,297.0,3.0,10.0,0.35901219996314426
us_vta_001_20260225160132,us_vta_001,Ventas,2026-02-25,16,117,477.71,3.0,168.8,0.4444,351.0,3.0,173.2236023268998,0.45680483771030117
us_vta_001_20260226160359,us_vta_001,Ventas,2026-02-26,16,98,473.58,3.0,0.0,0.3061,294.0,3.0,10.0,0.304819143688936
us_vta_001_20260227160450,us_vta_001,Ventas,2026-02-27,16,105,462.45,3.0,106.2,0.3333,315.0,3.0,102.62437727972271,0.32792807013673636
us_vta_001_20260228160227,us_vta_001,Ventas,2026-02-28,16,85,314.08,3.0,1123.5,0.4706,255.0,3.0,1145.1802161956998,0.48580586553523597
us_vta_001_20260228214845,us_vta_001,Ventas,2026-02-28,21,33,129.34,3.0,0.0,0.3333,99.0,3.0,10.0,0.3293506332484868
us_vta_001_20260301161157,us_vta_001,Ventas,2026-03-01,16,100,463.91,3.0,588.1,0.46,300.0,3.0,587.7894154866492,0.46257748266114035
us_vta_001_20260302160107,us_vta_001,Ventas,2026-03-02,16,146,476.43,3.0,1220.5,0.3562,438.0,3.0,1200.7375780787127,0.35922101088076214
us_vta_001_20260303160326,us_vta_001,Ventas,2026-03-03,16,104,474.81,3.0,195.0,0.4038,312.0,3.0,193.15202654642343,0.403683283460387
us_vta_001_20260304160507,us_vta_001,Ventas,2026-03-04,16,117,474.11,3.0,147.4,0.3162,351.0,3.0,149.01044596311493,0.31624061443428436
us_vta_001_20260305160657,us_vta_001,Ventas,2026-03-05,16,109,471.06,3.0,273.2,0.3394,327.0,3.0,270.8155874941628,0.33865596865095143
us_vta_001_20260306160030,us_vta_001,Ventas,2026-03-06,16,122,474.74,3.0,0.0,0.3689,366.0,3.0,10.0,0.3661700586215297
us_vta_001_20260307160427,us_vta_001,Ventas,2026-03-07,16,118,471.89,3.0,0.0,0.3644,354.0,3.0,10.0,0.3760509405786384
us_vta_001_20260308161116,us_vta_001,Ventas,2026-03-08,16,93,468.19,3.0,189.6,0.3333,279.0,3.0,191.7270065465932,0.33133032820001757
us_vta_001_20260309160255,us_vta_001,Ventas,2026-03-09,16,101,468.44,3.0,0.0,0.396,303.0,3.0,10.0,0.3933561496411324
us_vta_001_20260310160605,us_vta_001,Ventas,2026-03-10,16,102,467.2,3.0,0.0,0.4314,306.0,3.0,10.0,0.43458927283428517
us_vta_001_20260311160241,us_vta_001,Ventas,2026-03-11,16,113,474.48,3.0,0.0,0.3982,339.0,3.0,10.0,0.40176561759715307
us_vta_001_20260312160214,us_vta_001,Ventas,2026-03-12,16,11,36.21,3.0,0.0,0.3636,33.0,3.0,10.0,0.35540614696608785
us_vta_001_20260312171153,us_vta_001,Ventas,2026-03-12,17,92,406.23,3.0,0.0,0.4239,276.0,3.0,10.0,0.42511187155740665
us_vta_001_20260313160135,us_vta_001,Ventas,2026-03-13,16,117,476.96,3.0,0.0,0.3504,351.0,3.0,10.0,0.3660369514245179
us_vta_001_20260314160149,us_vta_001,Ventas,2026-03-14,16,95,475.28,3.0,19.5,0.4211,285.0,3.0,19.748839929561896,0.4253181121679822
us_vta_001_20260315160800,us_vta_001,Ventas,2026-03-15,16,108,468.42,3.0,0.0,0.3796,324.0,3.0,10.0,0.3754800205124193
us_vta_001_20260316160742,us_vta_001,Ventas,2026-03-16,16,113,469.13,3.0,776.2,0.3097,339.0,3.0,763.9704450353765,0.30585446997643256
us_vta_001_20260317160848,us_vta_001,Ventas,2026-03-17,16,113,470.06,3.0,1016.5,0.3717,339.0,3.0,1013.0816361681713,0.36819047864539955
us_vta_001_20260318160043,us_vta_001,Ventas,2026-03-18,16,115,475.02,3.0,794.5,0.3043,345.0,3.0,763.0489260131287,0.30885178181873135
us_vta_001_20260319160258,us_vta_001,Ventas,2026-03-19,16,110,475.0,3.0,0.0,0.4,330.0,3.0,10.0,0.40191397491288927
us_vta_001_20260320160456,us_vta_001,Ventas,2026-03-20,16,111,472.48,3.0,0.0,0.4144,333.0,3.0,10.0,0.4067801405049317
us_vta_001_20260321160216,us_vta_001,Ventas,2026-03-21,16,121,476.09,3.0,72.1,0.3471,363.0,3.0,68.45132539219979,0.3451145586917083
us_vta_001_20260322160611,us_vta_001,Ventas,2026-03-22,16,103,468.08,3.0,423.7,0.3981,309.0,3.0,433.02953194697784,0.41369236243050445
us_vta_001_20260323160721,us_vta_001,Ventas,2026-03-23,16,106,463.65,3.0,226.1,0.3585,318.0,3.0,220.53997673388616,0.3620613334306058
us_vta_001_20260324160721,us_vta_001,Ventas,2026-03-24,16,108,471.27,3.0,625.7,0.4444,324.0,3.0,619.8771049438544,0.4434583310269449
us_vta_001_20260325160843,us_vta_001,Ventas,2026-03-25,16,124,463.1,3.0,0.0,0.3952,372.0,3.0,10.0,0.3833205225243647
us_vta_001_20260326160028,us_vta_001,Ventas,2026-03-26,16,113,479.28,3.0,1095.2,0.3982,339.0,3.0,1100.7579135453773,0.40192470841993994
us_vta_001_20260327160050,us_vta_001,Ventas,2026-03-27,16,107,475.72,3.0,748.0,0.4206,321.0,3.0,764.2433634210926,0.4214242342869971
us_vta_001_20260328160030,us_vta_001,Ventas,2026-03-28,16,119,475.9,3.0,0.0,0.3361,357.0,3.0,10.0,0.3334673383297907
us_vta_001_20260329161117,us_vta_001,Ventas,2026-03-29,16,81,460.3,3.0,3.6,0.2963,243.0,3.0,10.0,0.29426624257540235
us_vta_001_20260330160114,us_vta_001,Ventas,2026-03-30,16,90,473.84,3.0,0.0,0.3778,270.0,3.0,10.0,0.3750072243008543
us_vta_001_20260331160345,us_vta_001,Ventas,2026-03-31,16,16,71.98,3.0,437.5,0.1875,48.0,3.0,440.79962844664414,0.18739026444868134
us_vta_001_20260331175123,us_vta_001,Ventas,2026-03-31,17,74,359.48,3.0,1125.6,0.4189,222.0,3.0,1150.949643245383,0.41846942338377563
us_vta_001_20260401160127,us_vta_001,Ventas,2026-04-01,16,127,476.9,3.0,0.0,0.3386,381.0,3.0,10.0,0.34714573240283514
us_vta_002_20260101180640,us_vta_002,Ventas,2026-01-01,18,203,459.28,3.0,0.0,0.3695,609.0,3.0,10.0,0.36466866675738524
us_vta_002_20260102183458,us_vta_002,Ventas,2026-01-02,18,54,64.53,3.0,0.0,0.2963,162.0,3.0,10.0,0.30444492014013025
us_vta_002_20260102200946,us_vta_002,Ventas,2026-01-02,20,94,190.7,3.0,0.0,0.3511,282.0,3.0,10.0,0.37313327020336046
us_vta_002_20260103000706,us_vta_002,Ventas,2026-01-03,0,20,74.69,3.0,3.5,0.35,60.0,3.0,10.0,0.35156267239890415
us_vta_002_20260103015223,us_vta_002,Ventas,2026-01-03,1,11,6.67,3.0,4.9,0.3636,33.0,3.0,10.0,0.3656765492323648
us_vta_002_20260103183618,us_vta_002,Ventas,2026-01-03,18,192,437.73,3.0,5.1,0.3021,576.0,3.0,10.0,0.3059983925703102
us_vta_002_20260104181101,us_vta_002,Ventas,2026-01-04,18,94,262.17,3.0,23.0,0.3936,282.0,3.0,23.255578054361585,0.39430517912284135
us_vta_002_20260104233046,us_vta_002,Ventas,2026-01-04,23,58,147.59,3.0,3.3,0.3448,174.0,3.0,10.0,0.34375681943592534
us_vta_002_20260105180523,us_vta_002,Ventas,2026-01-05,18,65,169.26,3.0,0.0,0.3538,195.0,3.0,10.0,0.3618225572054313
us_vta_002_20260105213011,us_vta_002,Ventas,2026-01-05,21,157,250.41,3.0,0.0,0.3439,471.0,3.0,10.0,0.32367600697077903
us_vta_002_20260106180638,us_vta_002,Ventas,2026-01-06,18,88,165.8,3.0,0.0,0.3068,264.0,3.0,10.0,0.3079949012907944
us_vta_002_20260106213158,us_vta_002,Ventas,2026-01-06,21,132,245.44,3.0,0.0,0.4167,396.0,3.0,10.0,0.4134620872119572
us_vta_002_20260107182351,us_vta_002,Ventas,2026-01-07,18,193,389.31,3.0,0.0,0.3472,579.0,3.0,10.0,0.35377962375298116
us_vta_002_20260108013104,us_vta_002,Ventas,2026-01-08,1,14,20.57,3.0,0.0,0.3571,42.0,3.0,10.0,0.3600071674346434
us_vta_002_20260108180619,us_vta_002,Ventas,2026-01-08,18,24,40.66,3.0,0.0,0.2917,72.0,3.0,10.0,0.2836513076266214
us_vta_002_20260108194127,us_vta_002,Ventas,2026-01-08,19,96,141.44,3.0,0.0,0.2812,288.0,3.0,10.0,0.28605010088868066
us_vta_002_20260108224057,us_vta_002,Ventas,2026-01-08,22,19,61.95,3.0,0.0,0.2632,57.0,3.0,10.0,0.26590088165139214
us_vta_002_20260109001916,us_vta_002,Ventas,2026-01-09,0,5,14.54,3.0,5.9,0.2,15.0,3.0,10.0,0.20206471314845983
us_vta_002_20260109010935,us_vta_002,Ventas,2026-01-09,1,5,1.45,3.0,0.0,0.2,15.0,3.0,10.0,0.2017276901786958
us_vta_002_20260109014523,us_vta_002,Ventas,2026-01-09,1,13,9.63,3.0,0.0,0.6154,39.0,3.0,10.0,0.6246838176873454
us_vta_002_20260109180054,us_vta_002,Ventas,2026-01-09,18,58,146.93,3.0,0.0,0.3793,174.0,3.0,10.0,0.3846731929848673
us_vta_002_20260109211308,us_vta_002,Ventas,2026-01-09,21,122,253.25,3.0,0.0,0.3279,366.0,3.0,10.0,0.33491804526287916
us_vta_002_20260110180742,us_vta_002,Ventas,2026-01-10,18,113,243.69,3.0,0.0,0.3274,339.0,3.0,10.0,0.32162548478376096
us_vta_002_20260110224812,us_vta_002,Ventas,2026-01-10,22,71,149.92,3.0,0.0,0.3099,213.0,3.0,10.0,0.30528309340748966
us_vta_002_20260111015101,us_vta_002,Ventas,2026-01-11,1,8,7.47,3.0,3.1,0.5,24.0,3.0,10.0,0.49855481329284485
us_vta_002_20260111181014,us_vta_002,Ventas,2026-01-11,18,209,466.38,3.0,4.1,0.3732,627.0,3.0,10.0,0.3709013751427742
us_vta_002_20260112180757,us_vta_002,Ventas,2026-01-12,18,233,466.27,3.0,0.0,0.3047,699.0,3.0,10.0,0.30599981185273073
us_vta_002_20260113180044,us_vta_002,Ventas,2026-01-13,18,29,36.3,3.0,0.0,0.2069,87.0,3.0,10.0,0.20351888724463982
us_vta_002_20260113191241,us_vta_002,Ventas,2026-01-13,19,118,216.62,3.0,0.0,0.3305,354.0,3.0,10.0,0.3366973386097115
us_vta_002_20260113232300,us_vta_002,Ventas,2026-01-13,23,65,146.7,3.0,11.0,0.2923,195.0,3.0,10.646336829838825,0.28784111094450193
us_vta_002_20260114180252,us_vta_002,Ventas,2026-01-14,18,241,476.44,3.0,3.6,0.3568,723.0,3.0,10.0,0.35009285147048713
us_vta_002_20260115181621,us_vta_002,Ventas,2026-01-15,18,73,130.7,3.0,0.0,0.3973,219.0,3.0,10.0,0.3957598575013113
us_vta_002_20260115211016,us_vta_002,Ventas,2026-01-15,21,132,288.9,3.0,0.0,0.3485,396.0,3.0,10.0,0.3345330793200849
us_vta_002_20260116181554,us_vta_002,Ventas,2026-01-16,18,228,401.01,3.0,0.0,0.3333,684.0,3.0,10.0,0.3250391035399067
us_vta_002_20260117012834,us_vta_002,Ventas,2026-01-17,1,11,23.28,3.0,0.0,0.2727,33.0,3.0,10.0,0.274212813819624
us_vta_002_20260117180746,us_vta_002,Ventas,2026-01-17,18,48,103.2,3.0,0.0,0.2292,144.0,3.0,10.0,0.22320036729043796
us_vta_002_20260117202421,us_vta_002,Ventas,2026-01-17,20,149,257.2,3.0,0.0,0.3826,447.0,3.0,10.0,0.3840068167164553
us_vta_002_20260118013101,us_vta_002,Ventas,2026-01-18,1,14,15.38,3.0,0.0,0.3571,42.0,3.0,10.0,0.36594855485269345
us_vta_002_20260118180202,us_vta_002,Ventas,2026-01-18,18,40,60.15,3.0,6.6,0.375,120.0,3.0,10.0,0.37131272860775966
us_vta_002_20260118194622,us_vta_002,Ventas,2026-01-18,19,63,146.35,3.0,10.9,0.381,189.0,3.0,11.075952726066934,0.373581577958252
us_vta_002_20260118224415,us_vta_002,Ventas,2026-01-18,22,89,188.36,3.0,8.9,0.3034,267.0,3.0,10.0,0.30646719292582314
us_vta_002_20260119180401,us_vta_002,Ventas,2026-01-19,18,28,41.03,3.0,0.0,0.3571,84.0,3.0,10.0,0.3768094919979029
us_vta_002_20260119192146,us_vta_002,Ventas,2026-01-19,19,29,65.73,3.0,582.9,0.4138,87.0,3.0,587.4747853453702,0.4095878170336448
us_vta_002_20260119210859,us_vta_002,Ventas,2026-01-19,21,124,290.32,3.0,0.0,0.371,372.0,3.0,10.0,0.35787345678572274
us_vta_002_20260120180509,us_vta_002,Ventas,2026-01-20,18,23,33.41,3.0,11.2,0.3043,69.0,3.0,11.04438425863605,0.30180910708164366
us_vta_002_20260120191418,us_vta_002,Ventas,2026-01-20,19,109,292.19,3.0,4.0,0.422,327.0,3.0,10.0,0.4232858751199646
us_vta_002_20260121003944,us_vta_002,Ventas,2026-01-21,0,22,75.78,3.0,4.7,0.4091,66.0,3.0,10.0,0.41827227292004887
us_vta_002_20260121181724,us_vta_002,Ventas,2026-01-21,18,239,456.33,3.0,5.7,0.4017,717.0,3.0,10.0,0.4016252812199724
us_vta_002_20260122180659,us_vta_002,Ventas,2026-01-22,18,57,107.0,3.0,0.0,0.2982,171.0,3.0,10.0,0.29912555723853496
us_vta_002_20260122202413,us_vta_002,Ventas,2026-01-22,20,33,65.04,3.0,0.0,0.4545,99.0,3.0,10.0,0.44661778633918797
us_vta_002_20260122220102,us_vta_002,Ventas,2026-01-22,22,17,15.59,3.0,3.9,0.1176,51.0,3.0,10.0,0.11688563638031728
us_vta_002_20260122225226,us_vta_002,Ventas,2026-01-22,22,8,9.76,3.0,0.0,0.25,24.0,3.0,10.0,0.2459037107013925
us_vta_002_20260122234235,us_vta_002,Ventas,2026-01-22,23,53,126.96,3.0,0.0,0.2264,159.0,3.0,10.0,0.23035923421026724
us_vta_002_20260123180717,us_vta_002,Ventas,2026-01-23,18,22,47.36,3.0,0.0,0.4091,66.0,3.0,10.0,0.4106839526548092
us_vta_002_20260123193513,us_vta_002,Ventas,2026-01-23,19,121,261.24,3.0,0.0,0.3471,363.0,3.0,10.0,0.3461463650449314
us_vta_002_20260124003319,us_vta_002,Ventas,2026-01-24,0,18,85.14,3.0,212.1,0.5,54.0,3.0,213.75635189339832,0.498967782470675
us_vta_002_20260124180250,us_vta_002,Ventas,2026-01-24,18,245,471.34,3.0,0.0,0.3469,735.0,3.0,10.0,0.3428568204334908
us_vta_002_20260125180015,us_vta_002,Ventas,2026-01-25,18,98,184.2,3.0,0.0,0.3878,294.0,3.0,10.0,0.38675853081808304
us_vta_002_20260125215038,us_vta_002,Ventas,2026-01-25,21,72,228.24,3.0,0.0,0.3333,216.0,3.0,10.0,0.33947415187134244
us_vta_002_20260126180227,us_vta_002,Ventas,2026-01-26,18,30,34.94,3.0,8.3,0.5,90.0,3.0,10.0,0.5123613072180622
us_vta_002_20260126191355,us_vta_002,Ventas,2026-01-26,19,39,57.36,3.0,0.0,0.3333,117.0,3.0,10.0,0.3346153065055657
us_vta_002_20260126204205,us_vta_002,Ventas,2026-01-26,20,141,312.32,3.0,0.0,0.4043,423.0,3.0,10.0,0.4017442348861653
us_vta_002_20260127181035,us_vta_002,Ventas,2026-01-27,18,58,118.41,3.0,4.2,0.3793,174.0,3.0,10.0,0.38843266734036264
us_vta_002_20260127205519,us_vta_002,Ventas,2026-01-27,20,11,24.41,3.0,0.0,0.1818,33.0,3.0,10.0,0.18016311183300024
us_vta_002_20260127215041,us_vta_002,Ventas,2026-01-27,21,129,237.51,3.0,0.0,0.3333,387.0,3.0,10.0,0.33730764418836146
us_vta_002_20260128180003,us_vta_002,Ventas,2026-01-28,18,213,389.73,3.0,0.0,0.3568,639.0,3.0,10.0,0.34041445271841264
us_vta_002_20260129010200,us_vta_002,Ventas,2026-01-29,1,14,38.3,3.0,0.0,0.3571,42.0,3.0,10.0,0.34838167185412106
us_vta_002_20260129180722,us_vta_002,Ventas,2026-01-29,18,56,105.23,3.0,0.0,0.3929,168.0,3.0,10.0,0.3917387422547324
us_vta_002_20260129202347,us_vta_002,Ventas,2026-01-29,20,54,66.64,3.0,0.0,0.3889,162.0,3.0,10.0,0.4001972924831135
us_vta_002_20260129220338,us_vta_002,Ventas,2026-01-29,22,39,64.35,3.0,0.0,0.3846,117.0,3.0,10.0,0.38691124877412647
us_vta_002_20260129233836,us_vta_002,Ventas,2026-01-29,23,113,135.96,3.0,0.0,0.3363,339.0,3.0,10.0,0.3286402084498065
us_vta_002_20260130180230,us_vta_002,Ventas,2026-01-30,18,102,179.51,3.0,0.0,0.3824,306.0,3.0,10.0,0.3818205547365768
us_vta_002_20260130214349,us_vta_002,Ventas,2026-01-30,21,74,163.2,3.0,0.0,0.3649,222.0,3.0,10.0,0.35707758591327293
us_vta_002_20260131005805,us_vta_002,Ventas,2026-01-31,0,33,44.18,3.0,0.0,0.3636,99.0,3.0,10.0,0.369547693593158
us_vta_002_20260131180114,us_vta_002,Ventas,2026-01-31,18,92,213.2,3.0,0.0,0.3261,276.0,3.0,10.0,0.32021681976248034
us_vta_002_20260131220552,us_vta_002,Ventas,2026-01-31,22,41,66.17,3.0,0.0,0.3415,123.0,3.0,10.0,0.34918671957755293
us_vta_002_20260131234255,us_vta_002,Ventas,2026-01-31,23,24,53.41,3.0,3.4,0.2917,72.0,3.0,10.0,0.3012833540092953
us_vta_002_20260201010739,us_vta_002,Ventas,2026-02-01,1,19,48.74,3.0,5.0,0.3158,57.0,3.0,10.0,0.3198320834021426
us_vta_002_20260201184021,us_vta_002,Ventas,2026-02-01,18,96,158.73,3.0,3.4,0.2812,288.0,3.0,10.0,0.2845923261124071
us_vta_002_20260201221102,us_vta_002,Ventas,2026-02-01,22,93,224.34,3.0,0.0,0.4086,279.0,3.0,10.0,0.4072696563715772
us_vta_002_20260202180501,us_vta_002,Ventas,2026-02-02,18,14,31.06,3.0,6.2,0.5714,42.0,3.0,10.0,0.5599470017553293
us_vta_002_20260202194124,us_vta_002,Ventas,2026-02-02,19,136,287.49,3.0,0.0,0.3162,408.0,3.0,10.0,0.31295443740563367
us_vta_002_20260203011320,us_vta_002,Ventas,2026-02-03,1,14,21.98,3.0,0.0,0.4286,42.0,3.0,10.0,0.42007643716085585
us_vta_002_20260203180243,us_vta_002,Ventas,2026-02-03,18,116,283.66,3.0,0.0,0.3534,348.0,3.0,10.0,0.352049815773942
us_vta_002_20260203231709,us_vta_002,Ventas,2026-02-03,23,25,22.2,3.0,0.0,0.16,75.0,3.0,10.0,0.1625107337212737
us_vta_002_20260204001357,us_vta_002,Ventas,2026-02-04,0,50,100.38,3.0,0.0,0.28,150.0,3.0,10.0,0.27852781135643373
us_vta_002_20260204180819,us_vta_002,Ventas,2026-02-04,18,7,0.39,3.0,3.4,0.1429,21.0,3.0,10.0,0.14446366643117076
us_vta_002_20260204184427,us_vta_002,Ventas,2026-02-04,18,20,40.03,3.0,0.0,0.25,60.0,3.0,10.0,0.25557160847334437
us_vta_002_20260204201034,us_vta_002,Ventas,2026-02-04,20,71,149.69,3.0,0.0,0.3944,213.0,3.0,10.0,0.4000650490043841
us_vta_002_20260204231107,us_vta_002,Ventas,2026-02-04,23,3,0.19,3.0,6.1,0.3333,9.0,3.0,10.0,0.3334307646401881
us_vta_002_20260204235207,us_vta_002,Ventas,2026-02-04,23,43,109.23,3.0,6.5,0.3256,129.0,3.0,10.0,0.32945389363892386
us_vta_002_20260205181057,us_vta_002,Ventas,2026-02-05,18,66,70.33,3.0,0.0,0.2727,198.0,3.0,10.0,0.2695715759306203
us_vta_002_20260205201419,us_vta_002,Ventas,2026-02-05,20,142,338.47,3.0,0.0,0.3169,426.0,3.0,10.0,0.3267176897201765
us_vta_002_20260206180333,us_vta_002,Ventas,2026-02-06,18,201,460.45,3.0,0.0,0.3483,603.0,3.0,10.0,0.3380772189987685
us_vta_002_20260207180321,us_vta_002,Ventas,2026-02-07,18,151,295.22,3.0,0.0,0.3709,453.0,3.0,10.0,0.37127748497236795
us_vta_002_20260207234221,us_vta_002,Ventas,2026-02-07,23,41,71.96,3.0,0.0,0.3415,123.0,3.0,10.0,0.3431662003417151
us_vta_002_20260208012926,us_vta_002,Ventas,2026-02-08,1,17,23.84,3.0,0.0,0.4118,51.0,3.0,10.0,0.42407051528032674
us_vta_002_20260208180728,us_vta_002,Ventas,2026-02-08,18,54,94.77,3.0,0.0,0.2963,162.0,3.0,10.0,0.2913903266311523
us_vta_002_20260208202024,us_vta_002,Ventas,2026-02-08,20,25,95.06,3.0,0.0,0.48,75.0,3.0,10.0,0.46422538741291997
us_vta_002_20260208222715,us_vta_002,Ventas,2026-02-08,22,119,201.93,3.0,13.8,0.3445,357.0,3.0,13.751464184376749,0.35594752944186603
us_vta_002_20260209180258,us_vta_002,Ventas,2026-02-09,18,100,229.36,3.0,0.0,0.42,300.0,3.0,10.0,0.4219378876080369
us_vta_002_20260209222551,us_vta_002,Ventas,2026-02-09,22,66,117.57,3.0,0.0,0.2879,198.0,3.0,10.0,0.28435099101250866
us_vta_002_20260210011540,us_vta_002,Ventas,2026-02-10,1,22,41.46,3.0,12.0,0.2273,66.0,3.0,11.909952868722254,0.22585566717014616
us_vta_002_20260210180037,us_vta_002,Ventas,2026-02-10,18,221,477.16,3.0,0.0,0.3213,663.0,3.0,10.0,0.3248837227562197
us_vta_002_20260211180056,us_vta_002,Ventas,2026-02-11,18,74,173.02,3.0,0.0,0.3378,222.0,3.0,10.0,0.3394653862830866
us_vta_002_20260211212632,us_vta_002,Ventas,2026-02-11,21,24,28.79,3.0,4.5,0.2083,72.0,3.0,10.0,0.2130498608944796
us_vta_002_20260211222525,us_vta_002,Ventas,2026-02-11,22,80,153.15,3.0,0.0,0.3625,240.0,3.0,10.0,0.3551405671092479
us_vta_002_20260212013136,us_vta_002,Ventas,2026-02-12,1,13,24.06,3.0,0.0,0.3846,39.0,3.0,10.0,0.37492671110922876
us_vta_002_20260212180008,us_vta_002,Ventas,2026-02-12,18,173,422.2,3.0,0.0,0.3295,519.0,3.0,10.0,0.33257330168760135
us_vta_002_20260213014009,us_vta_002,Ventas,2026-02-13,1,14,3.33,3.0,0.0,0.3571,42.0,3.0,10.0,0.35655755778914505
us_vta_002_20260213180026,us_vta_002,Ventas,2026-02-13,18,214,479.65,3.0,38.1,0.3411,642.0,3.0,37.85627618727981,0.3421352930231209
us_vta_002_20260214180513,us_vta_002,Ventas,2026-02-14,18,82,163.36,3.0,0.0,0.2683,246.0,3.0,10.0,0.27951246478061414
us_vta_002_20260214214625,us_vta_002,Ventas,2026-02-14,21,101,253.37,3.0,0.0,0.3168,303.0,3.0,10.0,0.31797051630788337
us_vta_002_20260215184542,us_vta_002,Ventas,2026-02-15,18,134,220.87,3.0,4.2,0.2687,402.0,3.0,10.0,0.26873654236466543
us_vta_002_20260215230236,us_vta_002,Ventas,2026-02-15,23,79,170.43,3.0,0.0,0.3038,237.0,3.0,10.0,0.30162816161100386
us_vta_002_20260216182741,us_vta_002,Ventas,2026-02-16,18,27,67.66,3.0,0.0,0.3704,81.0,3.0,10.0,0.3805700615004038
us_vta_002_20260216200750,us_vta_002,Ventas,2026-02-16,20,100,261.6,3.0,4.5,0.27,300.0,3.0,10.0,0.2782805419870002
us_vta_002_20260217011026,us_vta_002,Ventas,2026-02-17,1,19,37.98,3.0,0.0,0.4211,57.0,3.0,10.0,0.41885425408318777
us_vta_002_20260217180342,us_vta_002,Ventas,2026-02-17,18,105,187.85,3.0,0.0,0.381,315.0,3.0,10.0,0.3854847759156529
us_vta_002_20260217214915,us_vta_002,Ventas,2026-02-17,21,107,250.8,3.0,0.0,0.4112,321.0,3.0,10.0,0.41500090800585787
us_vta_002_20260218180915,us_vta_002,Ventas,2026-02-18,18,10,2.2,3.0,0.0,0.3,30.0,3.0,10.0,0.2918209559724431
us_vta_002_20260218190132,us_vta_002,Ventas,2026-02-18,19,24,52.97,3.0,0.0,0.2083,72.0,3.0,10.0,0.20554218224729934
us_vta_002_20260218203746,us_vta_002,Ventas,2026-02-18,20,36,32.23,3.0,10.9,0.25,108.0,3.0,10.992843410950082,0.25009573888707876
us_vta_002_20260218221616,us_vta_002,Ventas,2026-02-18,22,129,218.9,3.0,0.0,0.4186,387.0,3.0,10.0,0.4226844667689406
us_vta_002_20260219180203,us_vta_002,Ventas,2026-02-19,18,88,189.81,3.0,0.0,0.3295,264.0,3.0,10.0,0.3282419440125171
us_vta_002_20260219214726,us_vta_002,Ventas,2026-02-19,21,167,250.4,3.0,0.0,0.2814,501.0,3.0,10.0,0.2741214597931011
us_vta_002_20260220180044,us_vta_002,Ventas,2026-02-20,18,23,25.46,3.0,0.0,0.3478,69.0,3.0,10.0,0.3510860580689359
us_vta_002_20260220190429,us_vta_002,Ventas,2026-02-20,19,34,40.02,3.0,18.0,0.4118,102.0,3.0,18.534281770272948,0.41472883154059864
us_vta_002_20260220203020,us_vta_002,Ventas,2026-02-20,20,103,233.76,3.0,0.0,0.3592,309.0,3.0,10.0,0.35919490945656135
us_vta_002_20260221005530,us_vta_002,Ventas,2026-02-21,0,30,56.88,3.0,0.0,0.3,90.0,3.0,10.0,0.3036270919581322
us_vta_002_20260221180525,us_vta_002,Ventas,2026-02-21,18,12,5.15,3.0,0.0,0.5,36.0,3.0,10.0,0.4954790966716692
us_vta_002_20260221185115,us_vta_002,Ventas,2026-02-21,18,24,71.23,3.0,0.0,0.3333,72.0,3.0,10.0,0.33507234427886057
us_vta_002_20260221203936,us_vta_002,Ventas,2026-02-21,20,118,256.03,3.0,0.0,0.3814,354.0,3.0,10.0,0.3808955404156342
us_vta_002_20260222012957,us_vta_002,Ventas,2026-02-22,1,10,19.7,3.0,0.0,0.3,30.0,3.0,10.0,0.29851784579552404
us_vta_002_20260222180051,us_vta_002,Ventas,2026-02-22,18,6,7.26,3.0,428.5,0.1667,18.0,3.0,425.4290248971781,0.16454109562001237
us_vta_002_20260222183938,us_vta_002,Ventas,2026-02-22,18,24,48.12,3.0,0.0,0.25,72.0,3.0,10.0,0.24909387913390948
us_vta_002_20260222201343,us_vta_002,Ventas,2026-02-22,20,133,267.36,3.0,3.6,0.4135,399.0,3.0,10.0,0.42442718434689775
us_vta_002_20260223012852,us_vta_002,Ventas,2026-02-23,1,16,20.58,3.0,5.1,0.1875,48.0,3.0,10.0,0.18524841162847985
us_vta_002_20260223180357,us_vta_002,Ventas,2026-02-23,18,151,361.68,3.0,0.0,0.4371,453.0,3.0,10.0,0.4459076846765544
us_vta_002_20260224003730,us_vta_002,Ventas,2026-02-24,0,31,67.3,3.0,5.5,0.3226,93.0,3.0,10.0,0.32770111636579813
us_vta_002_20260224180855,us_vta_002,Ventas,2026-02-24,18,169,265.89,3.0,0.0,0.3195,507.0,3.0,10.0,0.32520369699173257
us_vta_002_20260224231131,us_vta_002,Ventas,2026-02-24,23,100,168.22,3.0,0.0,0.26,300.0,3.0,10.0,0.26379997341914596
us_vta_002_20260225181038,us_vta_002,Ventas,2026-02-25,18,185,452.82,3.0,0.0,0.2973,555.0,3.0,10.0,0.29162787621226754
us_vta_002_20260226180325,us_vta_002,Ventas,2026-02-26,18,224,473.73,3.0,0.0,0.3527,672.0,3.0,10.0,0.3575412903953726
us_vta_002_20260227181053,us_vta_002,Ventas,2026-02-27,18,17,8.43,3.0,0.0,0.2353,51.0,3.0,10.0,0.2380502474861035
us_vta_002_20260227185659,us_vta_002,Ventas,2026-02-27,18,13,12.36,3.0,13.6,0.3846,39.0,3.0,14.137591838988211,0.3725678535227186
us_vta_002_20260227194937,us_vta_002,Ventas,2026-02-27,19,65,87.26,3.0,0.0,0.2769,195.0,3.0,10.0,0.27747792318200354
us_vta_002_20260227220229,us_vta_002,Ventas,2026-02-27,22,71,146.31,3.0,0.0,0.3239,213.0,3.0,10.0,0.31528222833246283
us_vta_002_20260228005911,us_vta_002,Ventas,2026-02-28,0,39,59.41,3.0,4.7,0.3077,117.0,3.0,10.0,0.31337183478878305
us_vta_002_20260228181159,us_vta_002,Ventas,2026-02-28,18,158,295.8,3.0,0.0,0.3481,474.0,3.0,10.0,0.3586206606243821
us_vta_002_20260228233818,us_vta_002,Ventas,2026-02-28,23,63,137.87,3.0,0.0,0.381,189.0,3.0,10.0,0.38090788221741306
us_vta_002_20260301180342,us_vta_002,Ventas,2026-03-01,18,83,149.54,3.0,0.0,0.3373,249.0,3.0,10.0,0.33975306068018807
us_vta_002_20260301210843,us_vta_002,Ventas,2026-03-01,21,125,283.54,3.0,0.0,0.312,375.0,3.0,10.0,0.3093744464074302
us_vta_002_20260302182534,us_vta_002,Ventas,2026-03-02,18,93,247.15,3.0,3.5,0.3548,279.0,3.0,10.0,0.35621173604966794
us_vta_002_20260302230941,us_vta_002,Ventas,2026-03-02,23,66,164.91,3.0,0.0,0.3788,198.0,3.0,10.0,0.38186293706358987
us_vta_002_20260303180607,us_vta_002,Ventas,2026-03-03,18,138,314.63,3.0,0.0,0.2971,414.0,3.0,10.0,0.2907357990355253
us_vta_002_20260304001810,us_vta_002,Ventas,2026-03-04,0,53,89.92,3.0,0.0,0.4528,159.0,3.0,10.0,0.46359934803300046
us_vta_002_20260304180011,us_vta_002,Ventas,2026-03-04,18,149,355.9,3.0,10.6,0.3758,447.0,3.0,10.222939432190618,0.37820250312360704
us_vta_002_20260305003228,us_vta_002,Ventas,2026-03-05,0,42,62.39,3.0,0.0,0.381,126.0,3.0,10.0,0.38037879723096546
us_vta_002_20260305180705,us_vta_002,Ventas,2026-03-05,18,79,205.77,3.0,0.0,0.4684,237.0,3.0,10.0,0.46383564281138423
us_vta_002_20260305220617,us_vta_002,Ventas,2026-03-05,22,136,227.66,3.0,10.1,0.375,408.0,3.0,10.0,0.3752561431311602
us_vta_002_20260306180038,us_vta_002,Ventas,2026-03-06,18,15,19.49,3.0,509.5,0.2667,45.0,3.0,498.4209638829881,0.2609082087625264
us_vta_002_20260306191109,us_vta_002,Ventas,2026-03-06,19,47,91.34,3.0,0.0,0.3617,141.0,3.0,10.0,0.3533896239496623
us_vta_002_20260306214549,us_vta_002,Ventas,2026-03-06,21,143,251.81,3.0,14.3,0.3986,429.0,3.0,14.490565375260037,0.4022877777866317
us_vta_002_20260307180554,us_vta_002,Ventas,2026-03-07,18,122,277.2,3.0,3.3,0.2705,366.0,3.0,10.0,0.2668343752308641
us_vta_002_20260307231519,us_vta_002,Ventas,2026-03-07,23,34,91.89,3.0,0.0,0.3529,102.0,3.0,10.0,0.3459749336812161
us_vta_002_20260308014604,us_vta_002,Ventas,2026-03-08,1,10,13.32,3.0,0.0,0.2,30.0,3.0,10.0,0.20184824357300757
us_vta_002_20260308180111,us_vta_002,Ventas,2026-03-08,18,181,469.35,3.0,3.8,0.3591,543.0,3.0,10.0,0.3572934477204284
us_vta_002_20260309180329,us_vta_002,Ventas,2026-03-09,18,101,187.5,3.0,0.0,0.3366,303.0,3.0,10.0,0.34617539390895435
us_vta_002_20260309214826,us_vta_002,Ventas,2026-03-09,21,112,237.12,3.0,0.0,0.3571,336.0,3.0,10.0,0.36409100419868357
us_vta_002_20260310180249,us_vta_002,Ventas,2026-03-10,18,46,79.56,3.0,4.0,0.413,138.0,3.0,10.0,0.4063237251392459
us_vta_002_20260310195436,us_vta_002,Ventas,2026-03-10,19,67,162.43,3.0,0.0,0.3881,201.0,3.0,10.0,0.39215575448507284
us_vta_002_20260310230810,us_vta_002,Ventas,2026-03-10,23,74,137.25,3.0,0.0,0.4054,222.0,3.0,10.0,0.41676416139160966
us_vta_002_20260311181108,us_vta_002,Ventas,2026-03-11,18,10,13.18,3.0,0.0,0.2,30.0,3.0,10.0,0.19398767879296075
us_vta_002_20260311191017,us_vta_002,Ventas,2026-03-11,19,147,330.92,3.0,4.2,0.3946,441.0,3.0,10.0,0.3867233055292347
us_vta_002_20260312013203,us_vta_002,Ventas,2026-03-12,1,23,21.43,3.0,0.0,0.3913,69.0,3.0,10.0,0.39325806681412573
us_vta_002_20260312180115,us_vta_002,Ventas,2026-03-12,18,115,315.2,3.0,0.0,0.3913,345.0,3.0,10.0,0.41563822261929795
us_vta_002_20260313000147,us_vta_002,Ventas,2026-03-13,0,13,19.74,3.0,15.7,0.4615,39.0,3.0,15.89051104056876,0.4598090952092108
us_vta_002_20260313005645,us_vta_002,Ventas,2026-03-13,0,46,59.67,3.0,0.0,0.3043,138.0,3.0,10.0,0.3097022709218682
us_vta_002_20260313180626,us_vta_002,Ventas,2026-03-13,18,74,135.15,3.0,0.0,0.2973,222.0,3.0,10.0,0.30797432672225467
us_vta_002_20260313205136,us_vta_002,Ventas,2026-03-13,20,161,300.13,3.0,0.0,0.3354,483.0,3.0,10.0,0.33873886064162506
us_vta_002_20260314180230,us_vta_002,Ventas,2026-03-14,18,7,23.85,3.0,0.0,0.1429,21.0,3.0,10.0,0.1441048945331361
us_vta_002_20260314190527,us_vta_002,Ventas,2026-03-14,19,197,403.99,3.0,0.0,0.335,591.0,3.0,10.0,0.33086440365013564
us_vta_002_20260315180221,us_vta_002,Ventas,2026-03-15,18,26,64.83,3.0,8.6,0.4615,78.0,3.0,10.0,0.45134557642967127
us_vta_002_20260315194043,us_vta_002,Ventas,2026-03-15,19,135,288.71,3.0,3.6,0.3259,405.0,3.0,10.0,0.330977108129892
us_vta_002_20260316010108,us_vta_002,Ventas,2026-03-16,1,24,38.05,3.0,0.0,0.2917,72.0,3.0,10.0,0.3014689888561496
us_vta_002_20260316181657,us_vta_002,Ventas,2026-03-16,18,97,173.95,3.0,4.2,0.3814,291.0,3.0,10.0,0.38650116134885965
us_vta_002_20260316214238,us_vta_002,Ventas,2026-03-16,21,3,0.34,3.0,0.0,0.0,9.0,3.0,10.0,0.01
us_vta_002_20260316221816,us_vta_002,Ventas,2026-03-16,22,120,205.19,3.0,0.0,0.3833,360.0,3.0,10.0,0.38980921678095687
us_vta_002_20260317180212,us_vta_002,Ventas,2026-03-17,18,53,113.88,3.0,3.3,0.283,159.0,3.0,10.0,0.28259474823448333
us_vta_002_20260317202819,us_vta_002,Ventas,2026-03-17,20,187,327.82,3.0,7.3,0.3048,561.0,3.0,10.0,0.30262354999188296
us_vta_002_20260318180407,us_vta_002,Ventas,2026-03-18,18,16,61.21,3.0,0.0,0.125,48.0,3.0,10.0,0.1264380125402664
us_vta_002_20260318195245,us_vta_002,Ventas,2026-03-18,19,49,91.25,3.0,0.0,0.2857,147.0,3.0,10.0,0.28598440684855203
us_vta_002_20260318215651,us_vta_002,Ventas,2026-03-18,21,86,219.91,3.0,0.0,0.3605,258.0,3.0,10.0,0.35573908458439646
us_vta_002_20260319182812,us_vta_002,Ventas,2026-03-19,18,9,6.4,3.0,0.0,0.4444,27.0,3.0,10.0,0.44814160752973287
us_vta_002_20260319192543,us_vta_002,Ventas,2026-03-19,19,142,185.48,3.0,3.9,0.338,426.0,3.0,10.0,0.3344440044635672
us_vta_002_20260319230326,us_vta_002,Ventas,2026-03-19,23,5,0.32,3.0,0.0,0.4,15.0,3.0,10.0,0.4087772216940295
us_vta_002_20260319233603,us_vta_002,Ventas,2026-03-19,23,47,62.33,3.0,0.0,0.2766,141.0,3.0,10.0,0.2718271244733135
us_vta_002_20260320011621,us_vta_002,Ventas,2026-03-20,1,45,41.62,3.0,0.0,0.3333,135.0,3.0,10.0,0.33068684374229906
us_vta_002_20260320180200,us_vta_002,Ventas,2026-03-20,18,73,187.93,3.0,0.0,0.274,219.0,3.0,10.0,0.2773811926036803
us_vta_002_20260320214105,us_vta_002,Ventas,2026-03-20,21,86,111.18,3.0,0.0,0.407,258.0,3.0,10.0,0.39588112051082763
us_vta_002_20260321000420,us_vta_002,Ventas,2026-03-21,0,18,20.13,3.0,13.3,0.3333,54.0,3.0,13.622377100112782,0.33504149604120487
us_vta_002_20260321005502,us_vta_002,Ventas,2026-03-21,0,35,64.66,3.0,0.0,0.4286,105.0,3.0,10.0,0.4298291259420578
us_vta_002_20260321182121,us_vta_002,Ventas,2026-03-21,18,123,258.33,3.0,0.0,0.3496,369.0,3.0,10.0,0.3524573004578729
us_vta_002_20260321231214,us_vta_002,Ventas,2026-03-21,23,64,167.33,3.0,0.0,0.3125,192.0,3.0,10.0,0.3040458107134779
us_vta_002_20260322180027,us_vta_002,Ventas,2026-03-22,18,126,307.08,3.0,0.0,0.373,378.0,3.0,10.0,0.38130065527742485
us_vta_002_20260322234112,us_vta_002,Ventas,2026-03-22,23,13,17.85,3.0,0.0,0.3077,39.0,3.0,10.0,0.31713856032682614
us_vta_002_20260323003840,us_vta_002,Ventas,2026-03-23,0,58,76.17,3.0,0.0,0.3621,174.0,3.0,10.0,0.3497353136711118
us_vta_002_20260323180649,us_vta_002,Ventas,2026-03-23,18,19,43.63,3.0,0.0,0.4737,57.0,3.0,10.0,0.48540807928794577
us_vta_002_20260323193218,us_vta_002,Ventas,2026-03-23,19,37,76.56,3.0,0.0,0.4054,111.0,3.0,10.0,0.40095448660005417
us_vta_002_20260323214723,us_vta_002,Ventas,2026-03-23,21,102,246.95,3.0,11.6,0.2745,306.0,3.0,11.637124228397846,0.27725478722155983
us_vta_002_20260324180018,us_vta_002,Ventas,2026-03-24,18,168,405.15,3.0,0.0,0.4286,504.0,3.0,10.0,0.44101653539864216
us_vta_002_20260325012310,us_vta_002,Ventas,2026-03-25,1,28,32.12,3.0,4.3,0.3929,84.0,3.0,10.0,0.38247991728276737
us_vta_002_20260325180950,us_vta_002,Ventas,2026-03-25,18,69,158.15,3.0,503.2,0.4203,207.0,3.0,499.0388866184553,0.4224879179383358
us_vta_002_20260325213658,us_vta_002,Ventas,2026-03-25,21,110,242.72,3.0,9.2,0.3364,330.0,3.0,10.0,0.3299602886445861
us_vta_002_20260326180030,us_vta_002,Ventas,2026-03-26,18,46,85.11,3.0,0.0,0.3913,138.0,3.0,10.0,0.39091924669660966
us_vta_002_20260326195953,us_vta_002,Ventas,2026-03-26,19,191,356.64,3.0,0.0,0.3665,573.0,3.0,10.0,0.3609402291966485
us_vta_002_20260327180155,us_vta_002,Ventas,2026-03-27,18,132,290.92,3.0,0.0,0.3409,396.0,3.0,10.0,0.33459857842237867
us_vta_002_20260327233458,us_vta_002,Ventas,2026-03-27,23,64,129.81,3.0,3.6,0.3125,192.0,3.0,10.0,0.31897030834202345
us_vta_002_20260328180105,us_vta_002,Ventas,2026-03-28,18,196,473.36,3.0,0.0,0.3418,588.0,3.0,10.0,0.3354458637597247
us_vta_002_20260329180218,us_vta_002,Ventas,2026-03-29,18,14,26.54,3.0,0.0,0.5,42.0,3.0,10.0,0.49349976065593104
us_vta_002_20260329190213,us_vta_002,Ventas,2026-03-29,19,32,85.59,3.0,4.7,0.4688,96.0,3.0,10.0,0.45520812642010655
us_vta_002_20260329205832,us_vta_002,Ventas,2026-03-29,20,97,197.87,3.0,0.0,0.3918,291.0,3.0,10.0,0.38393299003236936
us_vta_002_20260330011018,us_vta_002,Ventas,2026-03-30,1,26,21.96,3.0,5.9,0.2692,78.0,3.0,10.0,0.26957334991060317
us_vta_002_20260330180858,us_vta_002,Ventas,2026-03-30,18,164,322.38,3.0,3.0,0.3598,492.0,3.0,10.0,0.3610724029959151
us_vta_002_20260331000529,us_vta_002,Ventas,2026-03-31,0,47,101.19,3.0,0.0,0.3617,141.0,3.0,10.0,0.3597348469319014
us_vta_002_20260331180645,us_vta_002,Ventas,2026-03-31,18,233,464.8,3.0,0.0,0.3391,699.0,3.0,10.0,0.3481910068532421
us_vta_002_20260401180901,us_vta_002,Ventas,2026-04-01,18,78,190.22,3.0,0.0,0.4615,234.0,3.0,10.0,0.46915843021702475
us_vta_002_20260401221324,us_vta_002,Ventas,2026-04-01,22,15,11.2,3.0,0.0,0.4667,45.0,3.0,10.0,0.4559821104627831
us_vta_002_20260401231307,us_vta_002,Ventas,2026-04-01,23,73,157.23,3.0,0.0,0.4795,219.0,3.0,10.0,0.4942487670975763
